tree
version=v4
num_class=9
num_tree_per_iteration=9
label_index=0
max_feature_idx=33
objective=multiclass num_class:9
feature_names=Column_0 Column_1 Column_2 Column_3 Column_4 Column_5 Column_6 Column_7 Column_8 Column_9 Column_10 Column_11 Column_12 Column_13 Column_14 Column_15 Column_16 Column_17 Column_18 Column_19 Column_20 Column_21 Column_22 Column_23 Column_24 Column_25 Column_26 Column_27 Column_28 Column_29 Column_30 Column_31 Column_32 Column_33
feature_infos=[2:7] [2:3] [1:21] [1:21] [0:1] none [0:1] none none none none [0:1] none [0:1] none none [0:1] [0:1] none [0:1] none [0:1] [0:1] [0:1] [0:1] [0:1] [0:1] [0:1] [0:1] [0:1] none none none none
tree_sizes=335 623 241 354 354 241 354 349 354 903 888 224 798 894 224 795 797 890 910 888 224 800 903 224 909 795 911 908 887 224 782 793 224 906 913 903 911 893 224 905 910 224 907 792 901 908 883 224 904 912 224 907 795 901 909 892 224 906 910 224 883 796 907 896 885 224 906 912 224 887 798 906 900 893 224 903 908 224 885 795 908 904 890 224 796 797 224 891 798 800 901 893 224 798 895 224 891 799 896 906 892 225 907 904 225 895 798 920 907 890 225 908 908 225 892 797 918 908 892 225 910 913 225 896 798 925 905 893 225 910 911 225 897 908 925 911 892 225 915 912 225 901 899 921 906 890 225 918 912 225 788 899 923 909 902 225 914 913 225 904 898 922 1014 901 225 917 915 225 901 902 924 1008 900 225 916 915 225 789 910 925 1017 901 225 919 915 225 904 900 926 1013 898 225 914 913 225 793 897 926 1019 894 225 919 908 225 904 898 927 1016 898 225 919 911 225 906 899 925 1018 899 225 916 913 225 905 1019 926 1015 900 225 922 911 225 789 910 924 1021 901 225 922 914 225 791 901 928 1022 904 225 918 914 225 908 905 925 1022 906 225 924 917 225 909 1132 921 1026 899 225 926 914 225 905 1135 924 1022 905 225 923 920 225 796 1132 918 1024 903 225 924 919 225 910 903 925 1022 905 225 927 919 225 910 907 925 1028 905 225 932 924 225 799 907 925 1026 906 225 927 922 225 801 1035 917 1027 908 225 928 919 225 910 1034 925 1027 913 225 928 1036 225 914 911 1027 918 911 225 930 1036 225 913 912 1031 807 909 225 929 1036 225 802 908 1035 811 913 225 921 1037 225 918 1037 1032 703 913 225 923 1036 225 1025 1144 1036 590 913 225 932 1038 225 911 1040 1035 589 913 225 924 932 225 1021 1031 924 591 918 225 923 815 225 1024 915 815 591 916 225 818 819 225 800 934 816 589 916 225 813 819 225 809 920 816 477 917 225 812 820 225 695 815 816 479 915 225 814 715 225 803 806 714 480 920 225 820 708 225 808 694 592 485 924 225 711 595 225 812 697 596 481 812 225 599 595 225 587 705 601 373 700 225 595 596 225 700 705 596 480 698 225 594 485 225 586 587 483 374 703 225 592 486 225 702 585 485 480 699 225 483 486 225 585 709 484 479 700 225 483 484 225 479 477 486 374 703 225 484 483 225 477 595 484 372 703 225 486 485 225 478 478 485 479 481 225 484 374 225 475 474 373 372 481 225 485 373 225 480 475 373 484 483 225 368 375 225 481 369 375 375 481 225 372 368 225 481 476 375 485 481 225 371 225 225 480 476 225 373 483 225 371 225 225 479 368 225 478 482 225 370 225 225 476 483 225 375 480 225 225 225 225 477 369 225 370 480 225 225 225 225 477 480 225 375 483 225 225 225 225 480 369 225 371 478 225 225 225 225 476 482 225 376 478 225 225 225 225 477 486 225 370 376 225 225 225 225 476 373 225 371 375 225 225 225 225 376 372 225

Tree=0
num_leaves=2
num_cat=0
split_feature=2
split_gain=6.63704
threshold=13.250000000000002
decision_type=2
left_child=-1
right_child=-2
leaf_value=-2.848440574091633 -2.2416257592768223
leaf_weight=0.9228515625 0.1318359375
leaf_count=14 2
internal_value=-2.77259
internal_weight=1.05469
internal_count=16
is_linear=0
shrinkage=1


Tree=1
num_leaves=5
num_cat=0
split_feature=26 0 1 0
split_gain=7.90123 1.58025 4.74074 4.44089e-16
threshold=1.0000000180025095e-35 4.5000000000000009 2.5000000000000004 4.5000000000000009
decision_type=2 2 2 2
left_child=3 2 -2 -1
right_child=1 -3 -4 -5
leaf_value=-1.4811091759347053 -1.1018499166754467 -1.1018499166754467 -1.481109175934705 -1.4811091759347053
leaf_weight=1.0546875000000002 0.421875 0.421875 0.42187500000000022 1.0546874999999998
leaf_count=5 2 2 2 5
internal_value=-1.38629 -1.22827 -1.29148 -1.48111
internal_weight=3.375 1.26563 0.84375 2.10938
internal_count=16 6 4 10
is_linear=0
shrinkage=1


Tree=2
num_leaves=1
num_cat=0
split_feature=
split_gain=
threshold=
decision_type=
left_child=
right_child=
leaf_value=-34.538776391283193
leaf_weight=
leaf_count=16
internal_value=
internal_weight=
internal_count=
is_linear=0
shrinkage=1


Tree=3
num_leaves=2
num_cat=0
split_feature=28
split_gain=14.2222
threshold=1.0000000180025095e-35
decision_type=2
left_child=-1
right_child=-2
leaf_value=-1.7614978010930391 -1.2947171743124128
leaf_weight=2.2280273437500004 0.51416015624999989
leaf_count=13 3
internal_value=-1.67398
internal_weight=2.74219
internal_count=16
is_linear=0
shrinkage=1


Tree=4
num_leaves=2
num_cat=0
split_feature=29
split_gain=14.2222
threshold=1.0000000180025095e-35
decision_type=2
left_child=-1
right_child=-2
leaf_value=-2.1607113829496769 -1.5105526527909494
leaf_weight=1.7226562499999998 0.24609375000000011
leaf_count=14 2
internal_value=-2.07944
internal_weight=1.96875
internal_count=16
is_linear=0
shrinkage=1


Tree=5
num_leaves=1
num_cat=0
split_feature=
split_gain=
threshold=
decision_type=
left_child=
right_child=
leaf_value=-34.538776391283193
leaf_weight=
leaf_count=16
internal_value=
internal_weight=
internal_count=
is_linear=0
shrinkage=1


Tree=6
num_leaves=2
num_cat=0
split_feature=24
split_gain=8.80423
threshold=1.0000000180025095e-35
decision_type=2
left_child=-1
right_child=-2
leaf_value=-2.1607113829496769 -1.7272722295105247
leaf_weight=1.5996093749999998 0.36914062500000011
leaf_count=13 3
internal_value=-2.07944
internal_weight=1.96875
internal_count=16
is_linear=0
shrinkage=1


Tree=7
num_leaves=2
num_cat=0
split_feature=0
split_gain=8.80423
threshold=3.5000000000000004
decision_type=2
left_child=-1
right_child=-2
leaf_value=-1.7272722295105247 -2.1607113829496769
leaf_weight=0.36914062500000011 1.5996093749999998
leaf_count=3 13
internal_value=-2.07944
internal_weight=1.96875
internal_count=16
is_linear=0
shrinkage=1


Tree=8
num_leaves=2
num_cat=0
split_feature=16
split_gain=14.2222
threshold=1.0000000180025095e-35
decision_type=2
left_child=-1
right_child=-2
leaf_value=-2.1607113829496769 -1.5105526527909494
leaf_weight=1.7226562499999998 0.24609375000000011
leaf_count=14 2
internal_value=-2.07944
internal_weight=1.96875
internal_count=16
is_linear=0
shrinkage=1


Tree=9
num_leaves=7
num_cat=0
split_feature=2 24 2 13 28 6
split_gain=3.77204 6.49065e-07 2.58384e-07 1.35773e-07 2.8911e-09 8.34447e-11
threshold=13.250000000000002 1.0000000180025095e-35 5.166666666666667 1.0000000180025095e-35 1.0000000180025095e-35 1.0000000180025095e-35
decision_type=2 2 2 2 2 2
left_child=1 2 -1 4 5 -4
right_child=-2 -3 3 -5 -6 -7
leaf_value=-0.075294800150790805 0.30456390212009488 -0.075576182947391171 -0.07537727548676279 -0.075480163193675717 -0.075392158559934142 -0.07538025673793379
leaf_weight=0.17697640880942345 0.2084057629108429 0.12507738173007965 0.12013701349496841 0.12264441326260567 0.18076273798942566 0.12021144479513168
leaf_count=3 2 2 2 2 3 2
internal_value=-0.000292052 -0.075408 -0.0753788 -0.0754061 -0.0753845 -0.0753788
internal_weight=1.05422 0.845809 0.720732 0.543756 0.421111 0.240348
internal_count=16 14 12 9 7 4
is_linear=0
shrinkage=0.08


Tree=10
num_leaves=7
num_cat=0
split_feature=26 1 0 24 28 0
split_gain=6.30275 1.02843 3.31319 3.35372e-05 7.46154e-07 1.37903e-07
threshold=1.0000000180025095e-35 2.5000000000000004 4.5000000000000009 1.0000000180025095e-35 1.0000000180025095e-35 5.5000000000000009
decision_type=2 2 2 2 2 2
left_child=3 -2 -3 4 5 -1
right_child=1 2 -4 -5 -6 -7
leaf_value=-0.091351193832669125 0.22552107465171101 -0.092007318606233485 0.21893708840701409 -0.092156546925046143 -0.091504583239554585 -0.091418606221707679
leaf_weight=0.38806177675724007 0.48566851019859314 0.39476865530014038 0.49343740940093994 0.59442475438117992 0.58454333245754242 0.38878288865089417
leaf_count=2 2 2 2 3 3 2
internal_value=0.000594111 0.131918 0.0807359 -0.0916552 -0.0914363 -0.0913849
internal_weight=3.32969 1.37387 0.888206 1.95581 1.36139 0.776845
internal_count=16 6 4 10 7 4
is_linear=0
shrinkage=0.08


Tree=11
num_leaves=1
num_cat=0
split_feature=
split_gain=
threshold=
decision_type=
left_child=
right_child=
leaf_value=0
leaf_weight=
leaf_count=16
internal_value=
internal_weight=
internal_count=
is_linear=0
shrinkage=1


Tree=12
num_leaves=6
num_cat=0
split_feature=28 1 24 13 26
split_gain=9.60881 1.80822e-05 7.19685e-06 5.43106e-06 9.52303e-10
threshold=1.0000000180025095e-35 2.5000000000000004 1.0000000180025095e-35 1.0000000180025095e-35 1.0000000180025095e-35
decision_type=2 2 2 2 2
left_child=1 -1 3 4 -3
right_child=-2 2 -4 -5 -6
leaf_value=-0.085111745140685091 0.26481349828904438 -0.085451865216859629 -0.085937820146451571 -0.085845222570746227 -0.085457550382636735
leaf_weight=0.46352827548980768 0.66292740404605854 0.47134642302989938 0.48157896101474773 0.31975527107715607 0.314313605427742
leaf_count=3 3 3 3 2 2
internal_value=4.68828e-05 -0.0855513 -0.0856797 -0.0855673 -0.0854541
internal_weight=2.71345 2.05052 1.58699 1.10542 0.78566
internal_count=16 13 10 7 5
is_linear=0
shrinkage=0.08


Tree=13
num_leaves=7
num_cat=0
split_feature=29 2 24 13 2 0
split_gain=8.05287 3.99231e-06 1.88422e-06 1.31e-06 5.77583e-08 3.14527e-09
threshold=1.0000000180025095e-35 5.166666666666667 1.0000000180025095e-35 1.0000000180025095e-35 7.5000000000000009 5.5000000000000009
decision_type=2 2 2 2 2 2
left_child=1 -1 3 4 5 -3
right_child=-2 2 -4 -5 -6 -7
leaf_value=-0.079947538234531587 0.32968778737536647 -0.080166187079176401 -0.080418801407894161 -0.080364378660825422 -0.080109828431101135 -0.080152819778559328
leaf_weight=0.33155246078968037 0.380630522966385 0.22543928027152993 0.34523753821849823 0.22913635522127151 0.22434959560632706 0.22518122941255569
leaf_count=3 2 2 3 2 2 2
internal_value=-0.00065749 -0.0801943 -0.0802598 -0.0801991 -0.080143 -0.0801595
internal_weight=1.96153 1.5809 1.24934 0.904106 0.67497 0.450621
internal_count=16 14 11 8 6 4
is_linear=0
shrinkage=0.08


Tree=14
num_leaves=1
num_cat=0
split_feature=
split_gain=
threshold=
decision_type=
left_child=
right_child=
leaf_value=0
leaf_weight=
leaf_count=16
internal_value=
internal_weight=
internal_count=
is_linear=0
shrinkage=1


Tree=15
num_leaves=6
num_cat=0
split_feature=24 13 0 28 6
split_gain=5.80147 2.29755e-06 2.88458e-06 3.43227e-08 1.05063e-09
threshold=1.0000000180025095e-35 1.0000000180025095e-35 3.5000000000000004 1.0000000180025095e-35 1.0000000180025095e-35
decision_type=2 2 2 2 2
left_child=1 2 -1 4 -4
right_child=-2 -3 3 -5 -6
leaf_value=-0.07982497257401576 0.23684326773117623 -0.08036437866082545 -0.080132724746426229 -0.080166187079176457 -0.080139421805750788
leaf_weight=0.21864666044712056 0.49472878873348247 0.2291363552212714 0.44958761334419228 0.33815892040729523 0.22492317855358124
leaf_count=2 3 2 4 3 2
internal_value=7.3913e-05 -0.0801318 -0.0800885 -0.0801454 -0.080135
internal_weight=1.95518 1.46045 1.23132 1.01267 0.674511
internal_count=16 13 11 9 6
is_linear=0
shrinkage=0.08


Tree=16
num_leaves=6
num_cat=0
split_feature=0 24 28 26 0
split_gain=6.03749 3.09922e-06 3.45852e-08 7.59895e-10 1.96888e-10
threshold=3.5000000000000004 1.0000000180025095e-35 1.0000000180025095e-35 1.0000000180025095e-35 4.5000000000000009
decision_type=2 2 2 2 2
left_child=-1 2 3 -2 -5
right_child=1 -3 -4 4 -6
leaf_value=0.24609470085660345 -0.080132724746426173 -0.080418801407894203 -0.080166187079176457 -0.080136074239373301 -0.080139421805750788
leaf_weight=0.48182398080825817 0.33719071000814416 0.34523753821849812 0.33815892040729523 0.22485849261283875 0.22492317855358124
leaf_count=3 3 3 3 2 2
internal_value=0.000326467 -0.0802091 -0.0801448 -0.0801356 -0.0801377
internal_weight=1.95219 1.47037 1.12513 0.786972 0.449782
internal_count=16 13 10 7 4
is_linear=0
shrinkage=0.08


Tree=17
num_leaves=7
num_cat=0
split_feature=16 1 0 0 0 2
split_gain=8.05287 3.97368e-06 1.99007e-06 1.86305e-06 6.67397e-07 7.09783e-09
threshold=1.0000000180025095e-35 2.5000000000000004 5.5000000000000009 3.5000000000000004 4.5000000000000009 6.5000000000000009
decision_type=2 2 2 2 2 2
left_child=1 3 4 -1 -3 -4
right_child=-2 2 5 -5 -6 -7
leaf_value=-0.079824972574015843 0.32968778737536647 -0.080279843645449114 -0.080152819778559328 -0.080152819778559328 -0.080437537110314136 -0.080132724746425993
leaf_weight=0.21864666044712033 0.380630522966385 0.34128241240978241 0.22518122941255569 0.22518122941255569 0.34581112116575241 0.22479380667209625
leaf_count=2 2 3 2 2 3 2
internal_value=-0.00065749 -0.0801943 -0.0802736 -0.0799913 -0.0803592 -0.0801428
internal_weight=1.96153 1.5809 1.13707 0.443828 0.687094 0.449975
internal_count=16 14 10 4 6 4
is_linear=0
shrinkage=0.08


Tree=18
num_leaves=7
num_cat=0
split_feature=24 2 13 1 26 28
split_gain=2.96309 0.000942089 6.43448e-07 3.70601e-07 1.81964e-09 2.74968e-10
threshold=1.0000000180025095e-35 13.250000000000002 1.0000000180025095e-35 2.5000000000000004 1.0000000180025095e-35 1.0000000180025095e-35
decision_type=2 2 2 2 2 2
left_child=1 2 3 -1 5 -5
right_child=-2 -3 -4 4 -6 -7
leaf_value=-0.074818340879895723 0.23921385223407776 -0.08235093861032676 -0.075130540238021293 -0.074965152038635782 -0.074955021765538338 -0.074970320247937053
leaf_weight=0.15850719437003136 0.25136452913284302 0.13259045779705048 0.11373044550418854 0.16459209844470024 0.10946844890713692 0.10985995456576347
leaf_count=3 3 1 2 3 2 2
internal_value=2.58971e-05 -0.0762004 -0.0749575 -0.0749213 -0.0749637 -0.0749672
internal_weight=1.04011 0.788749 0.656158 0.542428 0.383921 0.274452
internal_count=16 13 12 10 7 5
is_linear=0
shrinkage=0.08


Tree=19
num_leaves=7
num_cat=0
split_feature=26 1 0 24 2 28
split_gain=5.17784 0.742181 2.49571 9.44206e-05 6.53641e-07 2.32921e-08
threshold=1.0000000180025095e-35 2.5000000000000004 4.5000000000000009 1.0000000180025095e-35 7.5000000000000009 1.0000000180025095e-35
decision_type=2 2 2 2 2 2
left_child=3 -2 -3 4 5 -1
right_child=1 2 -4 -5 -6 -7
leaf_value=-0.088730356345321643 0.19003132618328145 -0.089673498271139809 0.18061091980447072 -0.089960866450694524 -0.088618104462502498 -0.088756692922508873
leaf_weight=0.35806578397750832 0.52633717656135559 0.36875820159912109 0.53708785772323608 0.55802890658378612 0.35667698085308075 0.53758236765861511
leaf_count=2 2 2 2 3 2 3
internal_value=0.000821118 0.11448 0.0705816 -0.0890954 -0.0887097 -0.0887462
internal_weight=3.24254 1.43218 0.905846 1.81035 1.25233 0.895648
internal_count=16 6 4 10 7 5
is_linear=0
shrinkage=0.08


Tree=20
num_leaves=1
num_cat=0
split_feature=
split_gain=
threshold=
decision_type=
left_child=
right_child=
leaf_value=0
leaf_weight=
leaf_count=16
internal_value=
internal_weight=
internal_count=
is_linear=0
shrinkage=1


Tree=21
num_leaves=6
num_cat=0
split_feature=28 1 24 13 26
split_gain=7.20316 4.70608e-05 2.18077e-05 1.2629e-05 3.76957e-08
threshold=1.0000000180025095e-35 2.5000000000000004 1.0000000180025095e-35 1.0000000180025095e-35 1.0000000180025095e-35
decision_type=2 2 2 2 2
left_child=1 -1 3 4 -3
right_child=-2 2 -4 -5 -6
leaf_value=-0.083158475104192303 0.20787706691134655 -0.083749962873189754 -0.084584336008020358 -0.084354817971018306 -0.083712594748369104
leaf_weight=0.41707652807235729 0.75958448648452748 0.43246379494667031 0.45118007063865673 0.29725907742977142 0.28771138191223145
leaf_count=3 3 3 3 2 2
internal_value=-0.000122917 -0.0839084 -0.0841214 -0.0839161 -0.083735
internal_weight=2.64528 1.88569 1.46861 1.01743 0.720175
internal_count=16 13 10 7 5
is_linear=0
shrinkage=0.08


Tree=22
num_leaves=7
num_cat=0
split_feature=29 24 13 0 6 2
split_gain=5.69639 1.09977e-05 6.28159e-06 6.01071e-06 9.81851e-08 1.72936e-09
threshold=1.0000000180025095e-35 1.0000000180025095e-35 1.0000000180025095e-35 3.5000000000000004 1.0000000180025095e-35 5.166666666666667
decision_type=2 2 2 2 2 2
left_child=1 2 3 -1 5 -5
right_child=-2 -3 -4 4 -6 -7
leaf_value=-0.078656714669220543 0.24206504915038582 -0.079671757226819753 -0.079533900984613867 -0.079170846188653277 -0.07911100324559478 -0.079180313365043858
leaf_weight=0.19459156692028023 0.46680438518524181 0.32311422377824772 0.2126653715968132 0.20573589950799942 0.20451708883047104 0.3088926374912262
leaf_count=2 2 3 2 2 2 3
internal_value=-0.000987384 -0.0792603 -0.0791423 -0.0790512 -0.0791579 -0.0791765
internal_weight=1.91632 1.44952 1.1264 0.913737 0.719146 0.514629
internal_count=16 14 11 9 7 5
is_linear=0
shrinkage=0.08


Tree=23
num_leaves=1
num_cat=0
split_feature=
split_gain=
threshold=
decision_type=
left_child=
right_child=
leaf_value=0
leaf_weight=
leaf_count=16
internal_value=
internal_weight=
internal_count=
is_linear=0
shrinkage=1


Tree=24
num_leaves=7
num_cat=0
split_feature=24 13 0 6 28 11
split_gain=4.23776 5.93786e-06 6.31661e-06 9.85804e-08 3.47242e-09 5.59958e-12
threshold=1.0000000180025095e-35 1.0000000180025095e-35 3.5000000000000004 1.0000000180025095e-35 1.0000000180025095e-35 1.0000000180025095e-35
decision_type=2 2 2 2 2 2
left_child=1 2 -1 4 5 -4
right_child=-2 -3 3 -5 -6 -7
leaf_value=-0.078658525016967837 0.17804448111441712 -0.079533900984613895 -0.079169347102307608 -0.079110929865958066 -0.079180275389215973 -0.079168756813540353
leaf_weight=0.19462756812572457 0.59234450757503521 0.21266537159681309 0.20570544898509979 0.20451562851667404 0.3088914155960083 0.20569346100091934
leaf_count=2 3 2 2 2 3 2
internal_value=1.70729e-05 -0.0791464 -0.0790728 -0.0791599 -0.0791739 -0.0791691
internal_weight=1.92444 1.3321 1.11943 0.924806 0.72029 0.411399
internal_count=16 13 11 9 7 4
is_linear=0
shrinkage=0.08


Tree=25
num_leaves=6
num_cat=0
split_feature=0 24 6 26 28
split_gain=4.55906 1.02019e-05 8.22848e-08 1.8403e-08 3.17019e-09
threshold=3.5000000000000004 1.0000000180025095e-35 1.0000000180025095e-35 1.0000000180025095e-35 1.0000000180025095e-35
decision_type=2 2 2 2 2
left_child=-1 2 3 4 -2
right_child=1 -3 -4 -5 -6
leaf_value=0.19081423333401645 -0.079168810561108888 -0.079671757226819753 -0.079110945733650337 -0.079146894846727142 -0.079180275389215973
leaf_weight=0.568302482366562 0.3085418567061422 0.32311422377824772 0.20451592653989792 0.20524736493825912 0.3088914155960083
leaf_count=3 3 3 2 2 3
internal_value=0.000723432 -0.0792797 -0.0791564 -0.0791676 -0.0791745
internal_weight=1.91861 1.35031 1.0272 0.822681 0.617433
internal_count=16 13 10 8 6
is_linear=0
shrinkage=0.08


Tree=26
num_leaves=7
num_cat=0
split_feature=16 24 13 0 6 28
split_gain=5.69621 1.10139e-05 6.29107e-06 5.95059e-06 9.59238e-08 2.37575e-09
threshold=1.0000000180025095e-35 1.0000000180025095e-35 1.0000000180025095e-35 3.5000000000000004 1.0000000180025095e-35 1.0000000180025095e-35
decision_type=2 2 2 2 2 2
left_child=1 2 3 -1 5 -5
right_child=-2 -3 -4 4 -6 -7
leaf_value=-0.078658525016967837 0.24205796315265055 -0.07967199690450677 -0.079534050057408157 -0.079168918054504961 -0.079110811439389542 -0.079180015051025676
leaf_weight=0.19462756812572457 0.46681235730648052 0.32312317937612522 0.21266689151525497 0.20569679141044617 0.20451319217681885 0.30888348072767258
leaf_count=2 2 3 2 2 2 3
internal_value=-0.000987825 -0.0792603 -0.0791422 -0.0790509 -0.0791572 -0.0791756
internal_weight=1.91632 1.44951 1.12639 0.913721 0.719093 0.51458
internal_count=16 14 11 9 7 5
is_linear=0
shrinkage=0.08


Tree=27
num_leaves=7
num_cat=0
split_feature=2 24 13 1 26 28
split_gain=2.39334 6.97668e-05 1.04573e-06 5.52861e-07 3.77116e-09 2.96647e-10
threshold=13.250000000000002 1.0000000180025095e-35 1.0000000180025095e-35 2.5000000000000004 1.0000000180025095e-35 1.0000000180025095e-35
decision_type=2 2 2 2 2 2
left_child=1 2 3 -1 5 -5
right_child=-2 -3 -4 4 -6 -7
leaf_value=-0.074388410671698144 0.19819004079010141 -0.076513648621835947 -0.074799981591428727 -0.074583443325633547 -0.074562761937253613 -0.074577812167158988
leaf_weight=0.1413794569671154 0.28369124233722687 0.14765211939811707 0.10506903380155563 0.14981231093406677 0.099331390112638474 0.099728021770715714
leaf_count=3 2 2 2 3 2 2
internal_value=0.00051992 -0.074957 -0.0745709 -0.0745219 -0.0745759 -0.0745812
internal_weight=1.02666 0.742972 0.59532 0.490251 0.348872 0.24954
internal_count=16 14 12 10 7 5
is_linear=0
shrinkage=0.08


Tree=28
num_leaves=7
num_cat=0
split_feature=26 1 0 24 2 28
split_gain=4.33323 0.571087 1.96271 8.59186e-05 3.77087e-06 2.90523e-08
threshold=1.0000000180025095e-35 2.5000000000000004 4.5000000000000009 1.0000000180025095e-35 7.5000000000000009 1.0000000180025095e-35
decision_type=2 2 2 2 2 2
left_child=3 -2 -3 4 5 -1
right_child=1 2 -4 -5 -6 -7
leaf_value=-0.086442820393861641 0.16646195090416446 -0.087633997128756788 0.15548175971735193 -0.087757484539956646 -0.086743839041210191 -0.086412088378237342
leaf_weight=0.32828633487224557 0.54882809519767761 0.34310770034790039 0.55840909481048584 0.5173608958721162 0.33233246207237244 0.49179196357727051
leaf_count=2 2 2 2 3 2 3
internal_value=0.000964282 0.102123 0.0629545 -0.086901 -0.0865165 -0.0864244
internal_weight=3.12012 1.45034 0.901517 1.66977 1.15241 0.820078
internal_count=16 6 4 10 7 5
is_linear=0
shrinkage=0.08


Tree=29
num_leaves=1
num_cat=0
split_feature=
split_gain=
threshold=
decision_type=
left_child=
right_child=
leaf_value=0
leaf_weight=
leaf_count=16
internal_value=
internal_weight=
internal_count=
is_linear=0
shrinkage=1


Tree=30
num_leaves=6
num_cat=0
split_feature=28 2 0 1 2
split_gain=5.67664 4.90429e-05 2.10755e-05 1.70225e-05 2.5777e-06
threshold=1.0000000180025095e-35 5.166666666666667 5.5000000000000009 2.5000000000000004 7.5000000000000009
decision_type=2 2 2 2 2
left_child=1 -1 3 -3 -5
right_child=-2 2 -4 4 -6
leaf_value=-0.081665047439242078 0.17348837757756269 -0.082353784175285508 -0.082203830557959795 -0.083232503811353969 -0.082916840883389339
leaf_weight=0.37754582613706622 0.81634548306465138 0.2650624066591265 0.3939596563577652 0.41862860321998552 0.27388162910938263
leaf_count=3 3 2 3 3 2
internal_value=-0.000382112 -0.0824712 -0.0826964 -0.082899 -0.0831077
internal_weight=2.54542 1.72908 1.35153 0.957573 0.69251
internal_count=16 13 10 7 5
is_linear=0
shrinkage=0.08


Tree=31
num_leaves=6
num_cat=0
split_feature=29 2 24 0 26
split_gain=4.36233 1.23063e-05 6.60333e-06 1.09409e-05 2.1938e-07
threshold=1.0000000180025095e-35 5.166666666666667 1.0000000180025095e-35 3.5000000000000004 1.0000000180025095e-35
decision_type=2 2 2 2 2
left_child=1 -1 3 -3 -5
right_child=-2 2 -4 4 -6
leaf_value=-0.077935599514955642 0.19468319835437203 -0.078924357777554174 -0.078861413301606981 -0.078285114642703074 -0.078184849250244895
leaf_weight=0.26804904639720906 0.52165505290031444 0.20034597814083077 0.29828531295061111 0.28094051033258438 0.27772177010774612
leaf_count=3 2 2 3 3 3
internal_value=-0.00128618 -0.0784198 -0.0785425 -0.0784172 -0.0782353
internal_weight=1.847 1.32534 1.05729 0.759008 0.558662
internal_count=16 14 11 8 6
is_linear=0
shrinkage=0.08


Tree=32
num_leaves=1
num_cat=0
split_feature=
split_gain=
threshold=
decision_type=
left_child=
right_child=
leaf_value=0
leaf_weight=
leaf_count=16
internal_value=
internal_weight=
internal_count=
is_linear=0
shrinkage=1


Tree=33
num_leaves=7
num_cat=0
split_feature=24 13 26 1 2 11
split_gain=3.31506 8.24746e-06 4.84836e-06 5.03512e-06 3.99388e-07 2.63963e-09
threshold=1.0000000180025095e-35 1.0000000180025095e-35 1.0000000180025095e-35 2.5000000000000004 7.5000000000000009 1.0000000180025095e-35
decision_type=2 2 2 2 2 2
left_child=1 2 4 -4 5 -1
right_child=-2 -3 3 -5 -6 -7
leaf_value=-0.078285078118156312 0.14417616722536758 -0.078766689152518443 -0.077652922762543874 -0.078252410770341216 -0.078427425640688664 -0.078297333974176056
leaf_weight=0.28093939274549462 0.66250064969062816 0.19664236903190602 0.17261897027492523 0.18658899515867233 0.19026836007833481 0.18755411356687546
leaf_count=3 3 2 2 2 2 2
internal_value=0.000224772 -0.0782924 -0.0782008 -0.0779643 -0.0783297 -0.07829
internal_weight=1.87711 1.21461 1.01797 0.359208 0.658762 0.468494
internal_count=16 13 11 4 7 5
is_linear=0
shrinkage=0.08


Tree=34
num_leaves=7
num_cat=0
split_feature=0 24 6 17 28 11
split_gain=3.54163 1.27396e-05 2.59767e-07 4.90103e-08 3.18129e-09 1.74484e-11
threshold=3.5000000000000004 1.0000000180025095e-35 1.0000000180025095e-35 1.0000000180025095e-35 1.0000000180025095e-35 1.0000000180025095e-35
decision_type=2 2 2 2 2 2
left_child=-1 2 3 4 5 -2
right_child=1 -3 -4 -5 -6 -7
leaf_value=0.15343541834331079 -0.078298421930611456 -0.078861413301606981 -0.078175970515592011 -0.078246297287770689 -0.078285109899210836 -0.078297330728540379
leaf_weight=0.64112135767936718 0.18757735192775704 0.29828531295061111 0.18495701998472214 0.18646059185266495 0.18729361891746521 0.18755410611629486
leaf_count=3 2 3 2 2 2 2
internal_value=0.000941775 -0.0784063 -0.0782609 -0.0782818 -0.0782936 -0.0782979
internal_weight=1.87325 1.23213 0.933843 0.748886 0.562425 0.375131
internal_count=16 13 10 8 6 4
is_linear=0
shrinkage=0.08


Tree=35
num_leaves=7
num_cat=0
split_feature=16 24 13 26 2 0
split_gain=4.36176 1.17493e-05 8.59628e-06 6.75053e-06 3.83259e-07 6.40927e-10
threshold=1.0000000180025095e-35 1.0000000180025095e-35 1.0000000180025095e-35 1.0000000180025095e-35 7.5000000000000009 5.5000000000000009
decision_type=2 2 2 2 2 2
left_child=1 2 3 4 5 -1
right_child=-2 -3 -4 -5 -6 -7
leaf_value=-0.078284697455098612 0.19466152198153744 -0.078861606210108903 -0.078766866096232055 -0.077845826704288523 -0.078427425948585094 -0.078291314685984215
leaf_weight=0.18728472292423226 0.52167972922325145 0.29829344898462284 0.19664400070905685 0.26540665328502655 0.19026839733123779 0.18742572516202927
leaf_count=2 2 3 2 3 2 2
internal_value=-0.00128877 -0.0784196 -0.0782913 -0.0781786 -0.078335 -0.078288
internal_weight=1.847 1.32532 1.02703 0.830385 0.564979 0.37471
internal_count=16 14 11 9 6 4
is_linear=0
shrinkage=0.08


Tree=36
num_leaves=7
num_cat=0
split_feature=24 2 13 1 26 28
split_gain=2.01228 0.00166768 1.39425e-06 6.31278e-07 5.22269e-09 1.76905e-09
threshold=1.0000000180025095e-35 13.250000000000002 1.0000000180025095e-35 2.5000000000000004 1.0000000180025095e-35 1.0000000180025095e-35
decision_type=2 2 2 2 2 2
left_child=1 2 3 -1 5 -5
right_child=-2 -3 -4 4 -6 -7
leaf_value=-0.074003747827984287 0.16692094780534322 -0.083877769868246729 -0.074490669448505811 -0.074227982261033068 -0.074199401298472648 -0.074213524939773581
leaf_weight=0.12572338432073593 0.31962480396032333 0.14516882598400116 0.096754204481840134 0.13576723262667656 0.089742742478847504 0.090126700699329376
leaf_count=3 3 1 2 3 2 2
internal_value=0.00123555 -0.0762684 -0.0742156 -0.0741553 -0.0742157 -0.0742222
internal_weight=1.00291 0.683283 0.538114 0.44136 0.315637 0.225894
internal_count=16 13 12 10 7 5
is_linear=0
shrinkage=0.08


Tree=37
num_leaves=7
num_cat=0
split_feature=26 1 0 24 27 28
split_gain=3.67288 0.45886 1.58768 0.000132634 3.80589e-06 1.38957e-07
threshold=1.0000000180025095e-35 2.5000000000000004 4.5000000000000009 1.0000000180025095e-35 1.0000000180025095e-35 1.0000000180025095e-35
decision_type=2 2 2 2 2 2
left_child=3 -2 -3 4 5 -1
right_child=1 2 -4 -5 -6 -7
leaf_value=-0.084461955336873215 0.14978390400450525 -0.085841326449474287 0.13784119266200992 -0.086118302244886619 -0.084755603371427443 -0.084391548349506268
leaf_weight=0.29943765699863412 0.55711102485656738 0.31801918148994446 0.56193172931671143 0.48319832980632793 0.30381076037883759 0.44753359258174896
leaf_count=2 2 2 2 3 2 3
internal_value=0.00107147 0.0929705 0.0570011 -0.0850213 -0.0845169 -0.0844198
internal_weight=2.97104 1.43706 0.879951 1.53398 1.05078 0.746971
internal_count=16 6 4 10 7 5
is_linear=0
shrinkage=0.08


Tree=38
num_leaves=1
num_cat=0
split_feature=
split_gain=
threshold=
decision_type=
left_child=
right_child=
leaf_value=0
leaf_weight=
leaf_count=16
internal_value=
internal_weight=
internal_count=
is_linear=0
shrinkage=1


Tree=39
num_leaves=7
num_cat=0
split_feature=28 24 13 26 1 0
split_gain=4.60691 6.26248e-05 3.94765e-05 1.83186e-05 1.98973e-05 8.60637e-07
threshold=1.0000000180025095e-35 1.0000000180025095e-35 1.0000000180025095e-35 1.0000000180025095e-35 2.5000000000000004 5.5000000000000009
decision_type=2 2 2 2 2 2
left_child=1 2 3 5 -5 -1
right_child=-2 -3 -4 4 -6 -7
leaf_value=-0.08113732673103155 0.15053184095959352 -0.082097306115285915 -0.081813103834400103 -0.079767524704072099 -0.080828220169281553 -0.080923818746169482
leaf_weight=0.24359871447086356 0.84117889404296864 0.3892339915037154 0.25399921089410782 0.2158660963177681 0.23795290291309357 0.23974865674972534
leaf_count=2 3 3 2 2 2 2
internal_value=-0.000714434 -0.0812163 -0.0809285 -0.0806887 -0.0803237 -0.0810314
internal_weight=2.42158 1.5804 1.19117 0.937166 0.453819 0.483347
internal_count=16 13 10 8 4 4
is_linear=0
shrinkage=0.08


Tree=40
num_leaves=7
num_cat=0
split_feature=29 24 13 26 1 27
split_gain=3.48254 1.83111e-05 1.12758e-05 4.834e-06 5.60192e-06 4.17469e-07
threshold=1.0000000180025095e-35 1.0000000180025095e-35 1.0000000180025095e-35 1.0000000180025095e-35 2.5000000000000004 1.0000000180025095e-35
decision_type=2 2 2 2 2 2
left_child=1 2 3 5 -5 -1
right_child=-2 -3 -4 4 -6 -7
leaf_value=-0.077472118815371596 0.16489130306819941 -0.078238069352334738 -0.078064284547846266 -0.076775130753842943 -0.07744398979454617 -0.077633177254000499
leaf_weight=0.25435850769281365 0.55186849832534801 0.27802567929029465 0.18126694113016129 0.15247172117233276 0.16892975568771362 0.17309180647134781
leaf_count=3 2 3 2 2 2 2
internal_value=-0.00161155 -0.0776684 -0.0774981 -0.0773611 -0.0771267 -0.0775373
internal_weight=1.76001 1.20814 0.930119 0.748852 0.321401 0.42745
internal_count=16 14 11 9 4 5
is_linear=0
shrinkage=0.08


Tree=41
num_leaves=1
num_cat=0
split_feature=
split_gain=
threshold=
decision_type=
left_child=
right_child=
leaf_value=0
leaf_weight=
leaf_count=16
internal_value=
internal_weight=
internal_count=
is_linear=0
shrinkage=1


Tree=42
num_leaves=7
num_cat=0
split_feature=24 13 26 1 2 28
split_gain=2.61598 1.08013e-05 5.24998e-06 5.52224e-06 4.32268e-07 1.50139e-08
threshold=1.0000000180025095e-35 1.0000000180025095e-35 1.0000000180025095e-35 2.5000000000000004 7.5000000000000009 1.0000000180025095e-35
decision_type=2 2 2 2 2 2
left_child=1 2 4 -4 5 -1
right_child=-2 -3 3 -5 -6 -7
leaf_value=-0.077502779828116583 0.11855607497961199 -0.078063374895442031 -0.076777982486307933 -0.077442034240404106 -0.077634380187483865 -0.077472085311686797
leaf_weight=0.17025495320558526 0.7209448814392091 0.18123627454042435 0.1525358185172081 0.16888682544231415 0.17311431467533112 0.25435749441385269
leaf_count=2 3 2 2 2 2 3
internal_value=0.000106344 -0.0774989 -0.0773876 -0.0771269 -0.0775278 -0.0774844
internal_weight=1.82133 1.10039 0.919149 0.321423 0.597727 0.424612
internal_count=16 13 11 4 7 5
is_linear=0
shrinkage=0.08


Tree=43
num_leaves=6
num_cat=0
split_feature=0 24 26 3 28
split_gain=2.88838 2.04112e-05 3.17561e-07 1.59682e-07 1.89553e-08
threshold=3.5000000000000004 1.0000000180025095e-35 1.0000000180025095e-35 6.5000000000000009 1.0000000180025095e-35
decision_type=2 2 2 2 2
left_child=-1 2 4 -4 -2
right_child=1 -3 3 -5 -6
leaf_value=0.13022958125258643 -0.077503027382874429 -0.078238069352334738 -0.077442193347490501 -0.0773317771810135 -0.077472173661111463
leaf_weight=0.69100821018219005 0.25539068132638909 0.27802567929029465 0.1688905730843544 0.1664246991276741 0.25436048954725266
leaf_count=3 3 3 2 2 3
internal_value=0.00153736 -0.0776435 -0.0774479 -0.0773874 -0.0774876
internal_weight=1.8141 1.12309 0.845066 0.335315 0.509751
internal_count=16 13 10 4 6
is_linear=0
shrinkage=0.08


Tree=44
num_leaves=7
num_cat=0
split_feature=16 24 13 26 2 0
split_gain=3.48232 1.83237e-05 1.12491e-05 7.40594e-06 4.28415e-07 3.3849e-09
threshold=1.0000000180025095e-35 1.0000000180025095e-35 1.0000000180025095e-35 1.0000000180025095e-35 7.5000000000000009 5.5000000000000009
decision_type=2 2 2 2 2 2
left_child=1 2 3 4 5 -1
right_child=-2 -3 -4 -5 -6 -7
leaf_value=-0.077471735916247467 0.16488324455773778 -0.078238214285216337 -0.078063564539962091 -0.076990590020020233 -0.077634377253468084 -0.077487712506592074
leaf_weight=0.16956386715173699 0.55187499523162853 0.27803298830986023 0.18123801797628403 0.236264668405056 0.1731143519282341 0.16991880536079407
leaf_count=2 2 3 2 3 2 2
internal_value=-0.00161292 -0.0776684 -0.077498 -0.0773612 -0.077532 -0.0774797
internal_weight=1.76001 1.20813 0.9301 0.748862 0.512597 0.339483
internal_count=16 14 11 9 6 4
is_linear=0
shrinkage=0.08


Tree=45
num_leaves=7
num_cat=0
split_feature=2 24 1 21 26 28
split_gain=1.73826 0.000197665 1.20611e-06 1.0674e-06 5.78306e-09 3.37097e-09
threshold=13.250000000000002 1.0000000180025095e-35 2.5000000000000004 1.0000000180025095e-35 1.0000000180025095e-35 1.0000000180025095e-35
decision_type=2 2 2 2 2 2
left_child=1 2 -1 4 5 -4
right_child=-2 -3 3 -5 -6 -7
leaf_value=-0.073658657164479516 0.14963911477528188 -0.077120153532816746 -0.07389853844823932 -0.074200730036800583 -0.073864861192524625 -0.073877511347019281
leaf_weight=0.11143294721841812 0.33597981929779053 0.16165517270565033 0.12250201776623726 0.088787052780389786 0.080742258578538895 0.081098049879074097
leaf_count=3 2 2 3 2 2 2
internal_value=0.00204106 -0.0746978 -0.0738896 -0.0739586 -0.073883 -0.0738902
internal_weight=0.982197 0.646217 0.484562 0.373129 0.284342 0.2036
internal_count=16 14 12 9 7 5
is_linear=0
shrinkage=0.08


Tree=46
num_leaves=7
num_cat=0
split_feature=26 1 0 24 2 11
split_gain=3.14362 0.380826 1.30931 0.00012038 1.33653e-05 2.351e-07
threshold=1.0000000180025095e-35 2.5000000000000004 4.5000000000000009 1.0000000180025095e-35 7.5000000000000009 1.0000000180025095e-35
decision_type=2 2 2 2 2 2
left_child=3 -2 -3 4 5 -1
right_child=1 2 -4 -5 -6 -7
leaf_value=-0.082642505452394474 0.13755757585563688 -0.084250831571316492 0.12487361928481798 -0.084464500358551686 -0.083337268431451367 -0.082738681168877198
leaf_weight=0.4052155613899231 0.55441460013389587 0.293580561876297 0.55164286494255066 0.44620130956172943 0.28120270371437073 0.27176396548748016
leaf_count=3 2 2 2 3 2 2
internal_value=0.00118362 0.0860331 0.0522362 -0.0833791 -0.0828737 -0.0826811
internal_weight=2.80402 1.39964 0.845223 1.40438 0.958182 0.67698
internal_count=16 6 4 10 7 5
is_linear=0
shrinkage=0.08


Tree=47
num_leaves=1
num_cat=0
split_feature=
split_gain=
threshold=
decision_type=
left_child=
right_child=
leaf_value=0
leaf_weight=
leaf_count=16
internal_value=
internal_weight=
internal_count=
is_linear=0
shrinkage=1


Tree=48
num_leaves=7
num_cat=0
split_feature=28 24 13 26 1 0
split_gain=3.81026 5.77779e-05 3.95757e-05 2.33835e-05 1.86665e-05 3.24101e-06
threshold=1.0000000180025095e-35 1.0000000180025095e-35 1.0000000180025095e-35 1.0000000180025095e-35 2.5000000000000004 5.5000000000000009
decision_type=2 2 2 2 2 2
left_child=1 2 3 5 -5 -1
right_child=-2 -3 -4 4 -6 -7
leaf_value=-0.080171640407244824 0.13422624576305689 -0.080982241459981702 -0.080732766220105195 -0.078541600121699681 -0.07962908922226257 -0.079738440249325498
leaf_weight=0.22516986727714561 0.84075579047203053 0.35882277786731709 0.23356694728136063 0.19061717391014099 0.21490313112735748 0.21710048615932465
leaf_count=2 3 3 2 2 2 2
internal_value=-0.00110073 -0.0801026 -0.0798107 -0.0795567 -0.0791179 -0.079959
internal_weight=2.28094 1.44018 1.08136 0.847791 0.40552 0.44227
internal_count=16 13 10 8 4 4
is_linear=0
shrinkage=0.08


Tree=49
num_leaves=7
num_cat=0
split_feature=29 24 13 26 1 27
split_gain=2.85138 1.77762e-05 1.18935e-05 5.96747e-06 5.41833e-06 1.46421e-06
threshold=1.0000000180025095e-35 1.0000000180025095e-35 1.0000000180025095e-35 1.0000000180025095e-35 2.5000000000000004 1.0000000180025095e-35
decision_type=2 2 2 2 2 2
left_child=1 2 3 5 -5 -1
right_child=-2 -3 -4 4 -6 -7
leaf_value=-0.076736501505800872 0.1445258938570517 -0.077572560174668445 -0.077416953523796433 -0.076014599132189137 -0.076711720835396499 -0.077051934205786751
leaf_weight=0.22927662730216958 0.56235706806182872 0.25597729533910751 0.16648133844137192 0.13429602235555649 0.15225174278020859 0.15984282642602921
leaf_count=3 2 3 2 2 2 2
internal_value=-0.00196821 -0.0769887 -0.0768113 -0.0766621 -0.076385 -0.0768661
internal_weight=1.66048 1.09813 0.842149 0.675667 0.286548 0.389119
internal_count=16 14 11 9 4 5
is_linear=0
shrinkage=0.08


Tree=50
num_leaves=1
num_cat=0
split_feature=
split_gain=
threshold=
decision_type=
left_child=
right_child=
leaf_value=0
leaf_weight=
leaf_count=16
internal_value=
internal_weight=
internal_count=
is_linear=0
shrinkage=1


Tree=51
num_leaves=7
num_cat=0
split_feature=24 13 26 1 2 28
split_gain=2.14225 1.16069e-05 6.1233e-06 5.35444e-06 1.57414e-06 2.8083e-08
threshold=1.0000000180025095e-35 1.0000000180025095e-35 1.0000000180025095e-35 2.5000000000000004 7.5000000000000009 1.0000000180025095e-35
decision_type=2 2 2 2 2 2
left_child=1 2 4 -4 5 -1
right_child=-2 -3 3 -5 -6 -7
leaf_value=-0.076780653793818626 0.10152767524550095 -0.07741630176358387 -0.076017039532956993 -0.076710002522313012 -0.077053071627163211 -0.076736472863348601
leaf_weight=0.15387360751628876 0.76008331775665283 0.16645410656929016 0.13435286656022072 0.15221280604600906 0.15985982120037079 0.22927571088075638
leaf_count=2 3 2 2 2 2 3
internal_value=0.000380308 -0.0768066 -0.0766843 -0.0763851 -0.0768422 -0.0767542
internal_weight=1.75611 0.996029 0.829575 0.286566 0.543009 0.383149
internal_count=16 13 11 4 7 5
is_linear=0
shrinkage=0.08


Tree=52
num_leaves=6
num_cat=0
split_feature=0 24 26 3 28
split_gain=2.35155 2.2149e-05 3.91345e-07 2.26906e-07 3.52024e-08
threshold=3.5000000000000004 1.0000000180025095e-35 1.0000000180025095e-35 6.5000000000000009 1.0000000180025095e-35
decision_type=2 2 2 2 2
left_child=-1 2 4 -4 -2
right_child=1 -3 3 -5 -6
leaf_value=0.11110103475790828 -0.076780805194446092 -0.077572560174668445 -0.076710145795110041 -0.076571265110491366 -0.076736547861129226
leaf_weight=0.73197227716445934 0.23081561923027016 0.25597729533910751 0.15221617370843887 0.14898210763931274 0.22927842289209366
leaf_count=3 3 3 2 2 3
internal_value=0.0017525 -0.0769288 -0.0767123 -0.0766415 -0.0767588
internal_weight=1.74924 1.01727 0.761292 0.301198 0.460094
internal_count=16 13 10 4 6
is_linear=0
shrinkage=0.08


Tree=53
num_leaves=7
num_cat=0
split_feature=16 24 13 26 2 0
split_gain=2.8508 1.77855e-05 1.1877e-05 8.49269e-06 1.53277e-06 6.085e-09
threshold=1.0000000180025095e-35 1.0000000180025095e-35 1.0000000180025095e-35 1.0000000180025095e-35 7.5000000000000009 5.5000000000000009
decision_type=2 2 2 2 2 2
left_child=1 2 3 4 5 -1
right_child=-2 -3 -4 -5 -6 -7
leaf_value=-0.076736160094638142 0.14450409811305528 -0.077572671458118359 -0.07741650532521846 -0.076239137894340558 -0.07705307217655262 -0.076758715124514196
leaf_weight=0.15284319221973397 0.56235969066619884 0.2559838742017746 0.16645591706037521 0.20959527045488358 0.15985985100269318 0.15336392819881439
leaf_count=2 2 3 2 3 2 2
internal_value=-0.00197426 -0.0769887 -0.0768112 -0.0766621 -0.0768523 -0.0767475
internal_weight=1.66046 1.0981 0.842118 0.675662 0.466067 0.306207
internal_count=16 14 11 9 6 4
is_linear=0
shrinkage=0.08


Tree=54
num_leaves=7
num_cat=0
split_feature=24 2 1 21 26 28
split_gain=1.50169 0.00217635 1.16731e-06 1.21229e-06 5.64491e-09 4.42119e-09
threshold=1.0000000180025095e-35 13.250000000000002 2.5000000000000004 1.0000000180025095e-35 1.0000000180025095e-35 1.0000000180025095e-35
decision_type=2 2 2 2 2 2
left_child=1 2 -1 4 5 -4
right_child=-2 -3 3 -5 -6 -7
leaf_value=-0.073350082135658815 0.12978647148805808 -0.084721231498504163 -0.073595132089303975 -0.073932352092753409 -0.073558620348074713 -0.073569707846374163
leaf_weight=0.098477769643068314 0.3674393892288208 0.15169364213943481 0.11006980761885643 0.081256464123725891 0.072356153279542923 0.072679046541452408
leaf_count=3 3 1 3 2 2 2
internal_value=0.002973 -0.0764706 -0.0735923 -0.0736632 -0.0735775 -0.073585
internal_weight=0.953972 0.586533 0.434839 0.336361 0.255105 0.182749
internal_count=16 13 12 9 7 5
is_linear=0
shrinkage=0.08


Tree=55
num_leaves=7
num_cat=0
split_feature=26 1 0 24 27 28
split_gain=2.71058 0.323561 1.09533 0.000149283 1.2396e-05 2.72079e-07
threshold=1.0000000180025095e-35 2.5000000000000004 4.5000000000000009 1.0000000180025095e-35 1.0000000180025095e-35 1.0000000180025095e-35
decision_type=2 2 2 2 2 2
left_child=3 -2 -3 4 5 -1
right_child=1 2 -4 -5 -6 -7
leaf_value=-0.081234143187310051 0.12827892618668349 -0.082846344993195056 0.1150257222228892 -0.083209895407567097 -0.081832553839685296 -0.081125226796566252
leaf_weight=0.24544460326433182 0.54356896877288818 0.27010740339756012 0.53105419874191284 0.41514205187559128 0.25560940802097321 0.36518417298793793
leaf_count=2 2 2 2 3 2 3
internal_value=0.00129876 0.0806377 0.0483142 -0.0819626 -0.0813648 -0.081169
internal_weight=2.62611 1.34473 0.801162 1.28138 0.866238 0.610629
internal_count=16 6 4 10 7 5
is_linear=0
shrinkage=0.08


Tree=56
num_leaves=1
num_cat=0
split_feature=
split_gain=
threshold=
decision_type=
left_child=
right_child=
leaf_value=0
leaf_weight=
leaf_count=16
internal_value=
internal_weight=
internal_count=
is_linear=0
shrinkage=1


Tree=57
num_leaves=7
num_cat=0
split_feature=28 24 13 26 1 2
split_gain=3.1933 6.96538e-05 4.12682e-05 2.08177e-05 1.62369e-05 2.98742e-06
threshold=1.0000000180025095e-35 1.0000000180025095e-35 1.0000000180025095e-35 1.0000000180025095e-35 2.5000000000000004 7.5000000000000009
decision_type=2 2 2 2 2 2
left_child=1 2 3 5 -5 -1
right_child=-2 -3 -4 4 -6 -7
leaf_value=-0.078683692829324622 0.12214460229015629 -0.080124837867170451 -0.079766638142481319 -0.077493392915499906 -0.07856903965295646 -0.079121066734206644
leaf_weight=0.19570168107748054 0.82095235586166371 0.33356539905071259 0.21415970474481583 0.16779661178588867 0.19325477629899979 0.20427025109529495
leaf_count=2 3 3 2 2 2 2
internal_value=-0.00154123 -0.0791269 -0.0787856 -0.0785095 -0.0780691 -0.0789071
internal_weight=2.1297 1.30875 0.975183 0.761023 0.361051 0.399972
internal_count=16 13 10 8 4 4
is_linear=0
shrinkage=0.08


Tree=58
num_leaves=7
num_cat=0
split_feature=29 24 13 26 1 28
split_gain=2.37396 2.20158e-05 1.27941e-05 5.34464e-06 4.83592e-06 1.44677e-06
threshold=1.0000000180025095e-35 1.0000000180025095e-35 1.0000000180025095e-35 1.0000000180025095e-35 2.5000000000000004 1.0000000180025095e-35
decision_type=2 2 2 2 2 2
left_child=1 2 3 5 -5 -1
right_child=-2 -3 -4 4 -6 -7
leaf_value=-0.076404027658173626 0.1298227341289975 -0.077054917842307113 -0.076827566763193036 -0.075353409426882456 -0.076052584219358094 -0.076073944970435139
leaf_weight=0.1447555348277092 0.5573686957359314 0.23783127963542938 0.15248212963342667 0.11796153336763382 0.1366608515381813 0.20581122487783432
leaf_count=2 2 3 2 2 2 3
internal_value=-0.0023703 -0.0763834 -0.0761726 -0.0760076 -0.0757287 -0.0762102
internal_weight=1.55287 0.995503 0.757671 0.605189 0.254622 0.350567
internal_count=16 14 11 9 4 5
is_linear=0
shrinkage=0.08


Tree=59
num_leaves=1
num_cat=0
split_feature=
split_gain=
threshold=
decision_type=
left_child=
right_child=
leaf_value=0
leaf_weight=
leaf_count=16
internal_value=
internal_weight=
internal_count=
is_linear=0
shrinkage=1


Tree=60
num_leaves=7
num_cat=0
split_feature=0 24 24 2 0 2
split_gain=1.74483 2.05287 0.0230467 1.03302e-05 1.76423e-05 1.95807e-07
threshold=4.5000000000000009 1.0000000180025095e-35 1.0000000180025095e-35 5.166666666666667 3.5000000000000004 6.5000000000000009
decision_type=2 2 2 2 2 2
left_child=2 5 3 -1 -5 -2
right_child=1 -3 -4 4 -6 -7
leaf_value=-0.075759405388276024 -0.076002051316198513 0.17420579502632827 -0.10559794632395969 -0.077111749525147349 -0.075989486506864767 -0.076125417357070152
leaf_weight=0.19109247252345085 0.20319406688213348 0.54353943467140198 0.247418612241745 0.16077474504709244 0.20264515280723572 0.13844304531812668
leaf_count=3 3 2 1 2 3 2
internal_value=0.00018081 0.0776179 -0.0852947 -0.0762356 -0.076486 -0.076052
internal_weight=1.68711 0.885177 0.801931 0.554512 0.36342 0.341637
internal_count=16 7 9 8 5 5
is_linear=0
shrinkage=0.08


Tree=61
num_leaves=6
num_cat=0
split_feature=0 24 26 3 28
split_gain=1.97913 2.78359e-05 4.18558e-07 2.69186e-07 4.50583e-08
threshold=3.5000000000000004 1.0000000180025095e-35 1.0000000180025095e-35 6.5000000000000009 1.0000000180025095e-35
decision_type=2 2 2 2 2
left_child=-1 2 4 -4 -2
right_child=1 -3 3 -5 -6
leaf_value=0.098361685982212038 -0.076126802712381827 -0.077054917842307113 -0.076051197527319092 -0.075891239986433531 -0.076073987396054588
leaf_weight=0.75605860352516174 0.20771445333957672 0.23783127963542938 0.13662870973348618 0.13275595754384995 0.20581284165382385
leaf_count=3 3 3 2 2 3
internal_value=0.00244853 -0.0763095 -0.07605 -0.0759724 -0.0761005
internal_weight=1.6768 0.920743 0.682912 0.269385 0.413527
internal_count=16 13 10 4 6
is_linear=0
shrinkage=0.08


Tree=62
num_leaves=7
num_cat=0
split_feature=16 24 13 26 2 2
split_gain=2.37334 2.20218e-05 1.27842e-05 7.65546e-06 1.49998e-06 7.69997e-09
threshold=1.0000000180025095e-35 1.0000000180025095e-35 1.0000000180025095e-35 1.0000000180025095e-35 7.5000000000000009 6.5000000000000009
decision_type=2 2 2 2 2 2
left_child=1 2 3 4 5 -1
right_child=-2 -3 -4 -5 -6 -7
leaf_value=-0.076073604759708743 0.12979941371478745 -0.077054995462214546 -0.076827332599905512 -0.075579465214401551 -0.076405162046939715 -0.076100376045312987
leaf_weight=0.13719923794269562 0.55734747648239136 0.23783714324235916 0.15245997905731201 0.18536730110645294 0.14477319270372391 0.1378389447927475
leaf_count=2 2 3 2 3 2 2
internal_value=-0.0023792 -0.0763834 -0.0761726 -0.0760077 -0.0761967 -0.076087
internal_weight=1.55282 0.995476 0.757639 0.605179 0.419811 0.275038
internal_count=16 14 11 9 6 4
is_linear=0
shrinkage=0.08


Tree=63
num_leaves=7
num_cat=0
split_feature=2 24 1 21 2 2
split_gain=1.26958 0.00027414 1.06933e-06 1.29338e-06 5.48791e-09 1.1989e-08
threshold=13.250000000000002 1.0000000180025095e-35 2.5000000000000004 1.0000000180025095e-35 5.166666666666667 6.5000000000000009
decision_type=2 2 2 2 2 2
left_child=1 2 -1 4 -4 -6
right_child=-2 -3 3 -5 5 -7
leaf_value=-0.073074725116314396 0.11546349146246344 -0.077222385346812861 -0.073318452098285344 -0.07368356368325675 -0.073273123781083874 -0.07331742300840266
leaf_weight=0.086779411882162094 0.37999850511550903 0.16397027671337128 0.065699521452188492 0.074154082685709 0.096634291112422943 0.065670851618051529
leaf_count=3 2 2 2 2 3 2
internal_value=0.00288985 -0.0744789 -0.0733222 -0.0733933 -0.0732989 -0.073291
internal_weight=0.932907 0.552908 0.388938 0.302159 0.228005 0.162305
internal_count=16 14 12 9 7 5
is_linear=0
shrinkage=0.08


Tree=64
num_leaves=7
num_cat=0
split_feature=26 1 0 24 2 28
split_gain=2.34648 0.279949 0.926018 0.000101975 2.03999e-05 2.73988e-07
threshold=1.0000000180025095e-35 2.5000000000000004 4.5000000000000009 1.0000000180025095e-35 7.5000000000000009 1.0000000180025095e-35
decision_type=2 2 2 2 2 2
left_child=3 -2 -3 4 5 -1
right_child=1 2 -4 -5 -6 -7
leaf_value=-0.07992291262596013 0.12110777980109934 -0.081598440477783848 0.10736476246626765 -0.081719001096894672 -0.08074458986515716 -0.079807605716678651
leaf_weight=0.22072021663188934 0.52688711881637573 0.24766437709331512 0.50320819020271301 0.37950658798217773 0.23521661013364792 0.32769277691841125
leaf_count=2 2 2 2 3 2 3
internal_value=0.00156893 0.0764055 0.045038 -0.0806426 -0.0801213 -0.079854
internal_weight=2.4409 1.27776 0.750873 1.16314 0.78363 0.548413
internal_count=16 6 4 10 7 5
is_linear=0
shrinkage=0.08


Tree=65
num_leaves=1
num_cat=0
split_feature=
split_gain=
threshold=
decision_type=
left_child=
right_child=
leaf_value=0
leaf_weight=
leaf_count=16
internal_value=
internal_weight=
internal_count=
is_linear=0
shrinkage=1


Tree=66
num_leaves=7
num_cat=0
split_feature=28 24 13 26 1 0
split_gain=2.69829 4.75456e-05 3.78331e-05 2.18409e-05 1.34494e-05 5.22409e-06
threshold=1.0000000180025095e-35 1.0000000180025095e-35 1.0000000180025095e-35 1.0000000180025095e-35 2.5000000000000004 5.5000000000000009
decision_type=2 2 2 2 2 2
left_child=1 2 3 5 -5 -1
right_child=-2 -3 -4 4 -6 -7
leaf_value=-0.078354725287227908 0.11291510336437874 -0.079077719260329471 -0.078898234717305823 -0.076593360177905495 -0.077633465444707034 -0.077747809073993757
leaf_weight=0.18780841678380944 0.78690972924232494 0.3043726310133934 0.19578129798173904 0.1472543478012085 0.17309500277042389 0.17566926777362823
leaf_count=2 3 3 2 2 2 2
internal_value=-0.00190378 -0.0782159 -0.0779177 -0.077637 -0.0771554 -0.0780614
internal_weight=1.97089 1.18398 0.879608 0.683827 0.320349 0.363478
internal_count=16 13 10 8 4 4
is_linear=0
shrinkage=0.08


Tree=67
num_leaves=7
num_cat=0
split_feature=29 24 13 26 1 28
split_gain=1.99763 1.57347e-05 1.21505e-05 5.5475e-06 4.09381e-06 2.40889e-06
threshold=1.0000000180025095e-35 1.0000000180025095e-35 1.0000000180025095e-35 1.0000000180025095e-35 2.5000000000000004 1.0000000180025095e-35
decision_type=2 2 2 2 2 2
left_child=1 2 3 5 -5 -1
right_child=-2 -3 -4 4 -6 -7
leaf_value=-0.075926797717404237 0.11880789566435633 -0.076405311135331791 -0.076289293416101259 -0.074777636816389631 -0.075461722088233887 -0.075479911707625344
leaf_weight=0.13297548517584801 0.5406528115272522 0.21666538715362549 0.13925949111580849 0.10332657396793365 0.1222013458609581 0.18403932824730873
leaf_count=2 2 3 2 2 2 3
internal_value=-0.00269629 -0.0758114 -0.0756227 -0.0754516 -0.0751483 -0.0756674
internal_weight=1.43912 0.898468 0.681802 0.542543 0.225528 0.317015
internal_count=16 14 11 9 4 5
is_linear=0
shrinkage=0.08


Tree=68
num_leaves=1
num_cat=0
split_feature=
split_gain=
threshold=
decision_type=
left_child=
right_child=
leaf_value=0
leaf_weight=
leaf_count=16
internal_value=
internal_weight=
internal_count=
is_linear=0
shrinkage=1


Tree=69
num_leaves=7
num_cat=0
split_feature=0 24 24 2 0 2
split_gain=1.52804 1.61703 0.0173455 1.02476e-05 2.02787e-05 1.82866e-07
threshold=4.5000000000000009 1.0000000180025095e-35 1.0000000180025095e-35 5.166666666666667 3.5000000000000004 6.5000000000000009
decision_type=2 2 2 2 2 2
left_child=2 5 3 -1 -5 -2
right_child=1 -3 -4 4 -6 -7
leaf_value=-0.075194895229381692 -0.075409924241253909 0.15339060201896085 -0.10195786768168885 -0.07664618361965965 -0.075387893050996677 -0.07553595393653495
leaf_weight=0.16978220641613007 0.18140536546707153 0.55951800942420959 0.23738758265972137 0.15020677447319031 0.18043976649641991 0.12408246472477913
leaf_count=3 3 2 1 2 3 2
internal_value=0.000428192 0.0725687 -0.0841484 -0.0757001 -0.0759595 -0.0754611
internal_weight=1.60282 0.865006 0.737816 0.500429 0.330647 0.305488
internal_count=16 7 9 8 5 5
is_linear=0
shrinkage=0.08


Tree=70
num_leaves=6
num_cat=0
split_feature=0 24 26 3 28
split_gain=1.64332 2.25067e-05 4.06998e-07 2.84277e-07 4.74823e-08
threshold=3.5000000000000004 1.0000000180025095e-35 1.0000000180025095e-35 6.5000000000000009 1.0000000180025095e-35
decision_type=2 2 2 2 2
left_child=-1 2 4 -4 -2
right_child=1 -3 3 -5 -6
leaf_value=0.086525576152738884 -0.075537252235850907 -0.076405311135331791 -0.075460511505068703 -0.075286338237712677 -0.075479950537486434
leaf_weight=0.77337473630905151 0.18617193400859833 0.21666538715362549 0.12217243388295174 0.11780089884996414 0.18404077738523483
leaf_count=3 3 3 2 2 3
internal_value=0.00269962 -0.0757049 -0.0754562 -0.075375 -0.0755088
internal_weight=1.60023 0.826851 0.610186 0.239973 0.370213
internal_count=16 13 10 4 6
is_linear=0
shrinkage=0.08


Tree=71
num_leaves=7
num_cat=0
split_feature=16 24 13 26 2 0
split_gain=1.99694 1.57371e-05 1.21448e-05 7.44855e-06 2.53926e-06 8.08164e-09
threshold=1.0000000180025095e-35 1.0000000180025095e-35 1.0000000180025095e-35 1.0000000180025095e-35 7.5000000000000009 5.5000000000000009
decision_type=2 2 2 2 2 2
left_child=1 2 3 4 5 -1
right_child=-2 -3 -4 -5 -6 -7
leaf_value=-0.075479585934199594 0.11878161508214864 -0.076405415308740246 -0.076289238626460018 -0.075000270076347048 -0.075927988780137498 -0.075508581365346869
leaf_weight=0.12268472462892532 0.54059401154518127 0.2166711688041687 0.1392403282225132 0.1634526327252388 0.13299117982387543 0.12339970842003822
leaf_count=2 2 3 2 3 2 2
internal_value=-0.00270976 -0.0758115 -0.0756227 -0.0754517 -0.0756463 -0.0754941
internal_weight=1.43903 0.89844 0.681769 0.542528 0.379076 0.246084
internal_count=16 14 11 9 6 4
is_linear=0
shrinkage=0.08


Tree=72
num_leaves=7
num_cat=0
split_feature=24 2 1 21 2 2
split_gain=1.10811 0.00235416 9.44133e-07 1.3258e-06 4.95398e-09 1.09016e-08
threshold=1.0000000180025095e-35 13.250000000000002 2.5000000000000004 1.0000000180025095e-35 5.166666666666667 6.5000000000000009
decision_type=2 2 2 2 2 2
left_child=1 2 -1 4 -4 -6
right_child=-2 -3 3 -5 5 -7
leaf_value=-0.072829911024837671 0.10152414164388905 -0.084974855173989533 -0.073066080037125336 -0.073455626249107897 -0.073020360474280108 -0.073065119132697823
leaf_weight=0.076276933774352074 0.40284820646047592 0.15359947085380554 0.058590671047568321 0.067537363618612289 0.085926411673426628 0.058563407510519028
leaf_count=3 3 1 2 2 3 2
internal_value=0.00276326 -0.0767294 -0.0730785 -0.0731486 -0.0730465 -0.0730385
internal_weight=0.903342 0.500494 0.346895 0.270618 0.20308 0.14449
internal_count=16 13 12 9 7 5
is_linear=0
shrinkage=0.08


Tree=73
num_leaves=7
num_cat=0
split_feature=26 1 0 24 27 28
split_gain=2.04033 0.245584 0.789518 8.98932e-05 1.83548e-05 2.36996e-07
threshold=1.0000000180025095e-35 2.5000000000000004 4.5000000000000009 1.0000000180025095e-35 1.0000000180025095e-35 1.0000000180025095e-35
decision_type=2 2 2 2 2 2
left_child=3 -2 -3 4 5 -1
right_child=1 2 -4 -5 -6 -7
leaf_value=-0.078776281727183969 0.11543520322230041 -0.080496574340371302 0.10128952339967104 -0.080548990151765823 -0.079598082318322425 -0.078662909225938493
leaf_weight=0.19762904196977615 0.50627775490283966 0.22648774832487106 0.47063750028610229 0.3485197126865387 0.21291372925043106 0.29290150105953217
leaf_count=2 2 2 2 3 2 3
internal_value=0.0018853 0.0730274 0.0422294 -0.0794983 -0.0789778 -0.0787086
internal_weight=2.25537 1.2034 0.697125 1.05196 0.703444 0.490531
internal_count=16 6 4 10 7 5
is_linear=0
shrinkage=0.08


Tree=74
num_leaves=1
num_cat=0
split_feature=
split_gain=
threshold=
decision_type=
left_child=
right_child=
leaf_value=0
leaf_weight=
leaf_count=16
internal_value=
internal_weight=
internal_count=
is_linear=0
shrinkage=1


Tree=75
num_leaves=7
num_cat=0
split_feature=28 24 13 26 1 2
split_gain=2.29566 4.0604e-05 3.61575e-05 1.82715e-05 1.07482e-05 4.7679e-06
threshold=1.0000000180025095e-35 1.0000000180025095e-35 1.0000000180025095e-35 1.0000000180025095e-35 2.5000000000000004 7.5000000000000009
decision_type=2 2 2 2 2 2
left_child=1 2 3 5 -5 -1
right_child=-2 -3 -4 4 -6 -7
leaf_value=-0.076919469024449447 0.10569955881855973 -0.078245132448037741 -0.078123711790084691 -0.075819931483004685 -0.076809394339031264 -0.077531053986795953
leaf_weight=0.15707276761531808 0.74301220476627361 0.2791871502995491 0.1785888746380806 0.1288837343454361 0.15447413176298141 0.16974586248397827
leaf_count=2 3 3 2 2 2 2
internal_value=-0.00228638 -0.077416 -0.0771225 -0.0768295 -0.0763593 -0.0772371
internal_weight=1.81096 1.06795 0.788765 0.610176 0.283358 0.326819
internal_count=16 13 10 8 4 4
is_linear=0
shrinkage=0.08


Tree=76
num_leaves=7
num_cat=0
split_feature=29 24 13 26 1 28
split_gain=1.69475 1.38083e-05 1.1863e-05 4.67656e-06 3.33255e-06 2.24247e-06
threshold=1.0000000180025095e-35 1.0000000180025095e-35 1.0000000180025095e-35 1.0000000180025095e-35 2.5000000000000004 1.0000000180025095e-35
decision_type=2 2 2 2 2 2
left_child=1 2 3 5 -5 -1
right_child=-2 -3 -4 4 -6 -7
leaf_value=-0.075404675529616841 0.11031885430168188 -0.07588237740115128 -0.075802569183875651 -0.074276927512592586 -0.07493425839161319 -0.074949599157517061
leaf_weight=0.12001724913716316 0.51545685529708862 0.198529452085495 0.12692079320549965 0.09029015526175499 0.1088935099542141 0.16399577260017395
leaf_count=2 2 3 2 2 2 3
internal_value=-0.00304267 -0.0753028 -0.0751143 -0.0749335 -0.0746363 -0.0751419
internal_weight=1.3241 0.808647 0.610117 0.483197 0.199184 0.284013
internal_count=16 14 11 9 4 5
is_linear=0
shrinkage=0.08


Tree=77
num_leaves=1
num_cat=0
split_feature=
split_gain=
threshold=
decision_type=
left_child=
right_child=
leaf_value=0
leaf_weight=
leaf_count=16
internal_value=
internal_weight=
internal_count=
is_linear=0
shrinkage=1


Tree=78
num_leaves=7
num_cat=0
split_feature=0 24 24 2 0 2
split_gain=1.31943 1.27899 0.0129725 8.93194e-06 1.92981e-05 1.58554e-07
threshold=4.5000000000000009 1.0000000180025095e-35 1.0000000180025095e-35 5.166666666666667 3.5000000000000004 6.5000000000000009
decision_type=2 2 2 2 2 2
left_child=2 5 3 -1 -5 -2
right_child=1 -3 -4 4 -6 -7
leaf_value=-0.074694923767923194 -0.074883031534705255 0.13636875064126894 -0.09868294181616466 -0.076143493236853585 -0.074853014580811797 -0.075007307790582844
leaf_weight=0.15047040954232216 0.16141496226191521 0.5614636242389679 0.22650167346000671 0.1381952092051506 0.16006486490368843 0.11080354452133179
leaf_count=3 3 2 1 2 3 2
internal_value=4.80775e-05 0.0673731 -0.0830755 -0.0751974 -0.0754509 -0.0749336
internal_weight=1.50891 0.833682 0.675232 0.44873 0.29826 0.272219
internal_count=16 7 9 8 5 5
is_linear=0
shrinkage=0.08


Tree=79
num_leaves=6
num_cat=0
split_feature=0 24 26 3 28
split_gain=1.40232 2.07694e-05 3.70025e-07 2.76766e-07 4.46532e-08
threshold=3.5000000000000004 1.0000000180025095e-35 1.0000000180025095e-35 6.5000000000000009 1.0000000180025095e-35
decision_type=2 2 2 2 2
left_child=-1 2 4 -4 -2
right_child=1 -3 3 -5 -6
leaf_value=0.078493528304628371 -0.075008467014584787 -0.07588237740115128 -0.074933200620148743 -0.074750772147289951 -0.074949631812075826
leaf_weight=0.77926357090473175 0.16624964773654938 0.198529452085495 0.10886760056018829 0.10413384437561035 0.16399706900119781
leaf_count=3 3 3 2 2 3
internal_value=0.00354936 -0.0751821 -0.0749262 -0.074844 -0.0749793
internal_weight=1.52104 0.741778 0.543248 0.213001 0.330247
internal_count=16 13 10 4 6
is_linear=0
shrinkage=0.08


Tree=80
num_leaves=7
num_cat=0
split_feature=16 24 13 26 2 2
split_gain=1.6941 1.38086e-05 1.18601e-05 6.21816e-06 2.36457e-06 7.57724e-09
threshold=1.0000000180025095e-35 1.0000000180025095e-35 1.0000000180025095e-35 1.0000000180025095e-35 7.5000000000000009 6.5000000000000009
decision_type=2 2 2 2 2 2
left_child=1 2 3 4 5 -1
right_child=-2 -3 -4 -5 -6 -7
leaf_value=-0.074949286699547868 0.11029414486016741 -0.075882498416514899 -0.075802652456604641 -0.074492620855459199 -0.075405851511665137 -0.074979021214736263
leaf_weight=0.10932255163788795 0.51536273956298828 0.19853506982326508 0.12690435349941254 0.14375002309679985 0.12003311514854431 0.11007644981145859
leaf_count=2 2 3 2 3 2 2
internal_value=-0.00305904 -0.075303 -0.0751144 -0.0749336 -0.0751204 -0.0749642
internal_weight=1.32398 0.808622 0.610086 0.483182 0.339432 0.219399
internal_count=16 14 11 9 6 4
is_linear=0
shrinkage=0.08


Tree=81
num_leaves=7
num_cat=0
split_feature=24 2 0 26 3 2
split_gain=0.912049 0.00181113 8.76104e-07 4.33598e-08 3.42645e-08 6.3071e-10
threshold=1.0000000180025095e-35 13.250000000000002 3.5000000000000004 1.0000000180025095e-35 6.5000000000000009 6.5000000000000009
decision_type=2 2 2 2 2 2
left_child=1 2 -1 5 -5 -4
right_child=-2 -3 3 4 -6 -7
leaf_value=-0.073150727618632991 0.087113418239685436 -0.083725664658465176 -0.072818206253132692 -0.072801322051714856 -0.072707278302550582 -0.07282841380226128
leaf_weight=0.054358227178454399 0.42265470325946808 0.14396089315414429 0.077261274680495262 0.051000103354454041 0.048255961388349533 0.077702486887574196
leaf_count=2 3 1 3 2 2 3
internal_value=0.00260847 -0.076316 -0.0728592 -0.0727969 -0.0727556 -0.0728233
internal_weight=0.875194 0.452539 0.308578 0.25422 0.0992561 0.154964
internal_count=16 13 12 10 4 6
is_linear=0
shrinkage=0.08


Tree=82
num_leaves=7
num_cat=0
split_feature=26 1 0 24 2 28
split_gain=1.78176 0.217832 0.677442 6.4395e-05 2.31226e-05 2.00208e-07
threshold=1.0000000180025095e-35 2.5000000000000004 4.5000000000000009 1.0000000180025095e-35 7.5000000000000009 1.0000000180025095e-35
decision_type=2 2 2 2 2 2
left_child=3 -2 -3 4 5 -1
right_child=1 2 -4 -5 -6 -7
leaf_value=-0.077778658452394331 0.11090263063862583 -0.079517419800415864 0.096399668371297306 -0.079433727005810223 -0.078760294953797119 -0.077668306250156249
leaf_weight=0.17634573578834545 0.48328821361064911 0.20656586438417435 0.43540336191654205 0.31653649359941483 0.19503673911094666 0.2608804926276207
leaf_count=2 2 2 2 3 2 3
internal_value=0.00224786 0.0703351 0.039795 -0.0785023 -0.0780359 -0.0777128
internal_weight=2.07406 1.12526 0.641969 0.948799 0.632263 0.437226
internal_count=16 6 4 10 7 5
is_linear=0
shrinkage=0.08


Tree=83
num_leaves=1
num_cat=0
split_feature=
split_gain=
threshold=
decision_type=
left_child=
right_child=
leaf_value=0
leaf_weight=
leaf_count=16
internal_value=
internal_weight=
internal_count=
is_linear=0
shrinkage=1


Tree=84
num_leaves=6
num_cat=0
split_feature=28 2 0 24 23
split_gain=1.96348 3.3284e-05 4.35969e-05 4.74791e-05 1.47345e-06
threshold=1.0000000180025095e-35 5.166666666666667 3.5000000000000004 1.0000000180025095e-35 1.0000000180025095e-35
decision_type=2 2 2 2 2
left_child=1 -1 -3 4 -4
right_child=-2 2 3 -5 -6
leaf_value=-0.075760408797603609 0.099956654402181086 -0.078030195185031209 -0.075849369425131985 -0.077439349369380003 -0.0761886696529641
leaf_weight=0.18923565000295639 0.69289357960224152 0.18110956251621246 0.19750437885522842 0.25324094295501709 0.13995680958032608
leaf_count=3 3 2 3 3 2
internal_value=-0.00269888 -0.0767112 -0.0769443 -0.0766114 -0.0759901
internal_weight=1.65394 0.961047 0.771812 0.590702 0.337461
internal_count=16 13 10 8 5
is_linear=0
shrinkage=0.08


Tree=85
num_leaves=6
num_cat=0
split_feature=29 24 0 2 26
split_gain=1.44675 1.00519e-05 1.21641e-05 2.26758e-07 3.08343e-07
threshold=1.0000000180025095e-35 1.0000000180025095e-35 3.5000000000000004 5.166666666666667 1.0000000180025095e-35
decision_type=2 2 2 2 2
left_child=1 2 -1 -4 -5
right_child=-2 -3 3 4 -6
leaf_value=-0.075257872089714017 0.10364120250706287 -0.075368568598696575 -0.074537381839230157 -0.074477970391781737 -0.074311393795967837
leaf_weight=0.16303058341145515 0.48455193638801575 0.17986371740698814 0.098671786487102509 0.14567353203892708 0.13896078616380692
leaf_count=3 2 3 2 3 3
internal_value=-0.00341642 -0.0748498 -0.0746791 -0.0744329 -0.0743966
internal_weight=1.21075 0.7262 0.546337 0.383306 0.284634
internal_count=16 14 11 8 6
is_linear=0
shrinkage=0.08


Tree=86
num_leaves=1
num_cat=0
split_feature=
split_gain=
threshold=
decision_type=
left_child=
right_child=
leaf_value=0
leaf_weight=
leaf_count=16
internal_value=
internal_weight=
internal_count=
is_linear=0
shrinkage=1


Tree=87
num_leaves=7
num_cat=0
split_feature=0 24 24 0 1 2
split_gain=1.16668 1.04878 0.00967047 9.88404e-06 3.33062e-07 1.29927e-07
threshold=4.5000000000000009 1.0000000180025095e-35 1.0000000180025095e-35 3.5000000000000004 2.5000000000000004 6.5000000000000009
decision_type=2 2 2 2 2 2
left_child=2 5 3 -1 -5 -2
right_child=1 -3 -4 4 -6 -7
leaf_value=-0.075253271864061444 -0.074415746115787273 0.12531604943561392 -0.095777530495846627 -0.074327434471455844 -0.074520828030908856 -0.074535074681444838
leaf_weight=0.16287151724100113 0.14319621026515961 0.55226239562034607 0.21511411666870117 0.092942032963037491 0.14734808728098869 0.098611533641815186
leaf_count=3 3 2 1 2 3 2
internal_value=0.000320681 0.0644795 -0.0820805 -0.0747721 -0.074446 -0.0744644
internal_weight=1.41235 0.79407 0.618276 0.403162 0.24029 0.241808
internal_count=16 7 9 8 5 5
is_linear=0
shrinkage=0.08


Tree=88
num_leaves=6
num_cat=0
split_feature=0 24 26 3 28
split_gain=1.17649 1.70774e-05 3.19574e-07 2.5344e-07 3.88013e-08
threshold=3.5000000000000004 1.0000000180025095e-35 1.0000000180025095e-35 6.5000000000000009 1.0000000180025095e-35
decision_type=2 2 2 2 2
left_child=-1 2 4 -4 -2
right_child=1 -3 3 -5 -6
leaf_value=0.070336026499601106 -0.07453616549564851 -0.075368568598696575 -0.074464184630107302 -0.074278569535992767 -0.074478001751727238
leaf_weight=0.77932558953762054 0.14796008542180061 0.17986371740698814 0.096707131713628769 0.091740023344755173 0.1456746831536293
leaf_count=3 3 3 2 2 3
internal_value=0.00372249 -0.0747033 -0.0744551 -0.0743738 -0.0745073
internal_weight=1.44127 0.661946 0.482082 0.188447 0.293635
internal_count=16 13 10 4 6
is_linear=0
shrinkage=0.08


Tree=89
num_leaves=6
num_cat=0
split_feature=16 24 0 26 28
split_gain=1.44604 1.00504e-05 1.22373e-05 4.84989e-07 2.84671e-08
threshold=1.0000000180025095e-35 1.0000000180025095e-35 3.5000000000000004 1.0000000180025095e-35 1.0000000180025095e-35
decision_type=2 2 2 2 2
left_child=1 2 -1 4 -4
right_child=-2 -3 3 -5 -6
leaf_value=-0.075259723180075094 0.10361464182404005 -0.075368707371744531 -0.074533378878152923 -0.07431299519571985 -0.074477709013411705
leaf_weight=0.16306042298674583 0.48440448939800262 0.17986917123198509 0.09856715053319931 0.13901642337441444 0.14566318318247795
leaf_count=3 2 3 2 3 3
internal_value=-0.00343878 -0.07485 -0.0746793 -0.0744323 -0.0745002
internal_weight=1.21058 0.726176 0.546307 0.383247 0.24423
internal_count=16 14 11 8 5
is_linear=0
shrinkage=0.08


Tree=90
num_leaves=7
num_cat=0
split_feature=2 24 0 26 3 2
split_gain=0.81887 0.000299254 9.57852e-07 3.64073e-08 3.02892e-08 5.2189e-10
threshold=13.250000000000002 1.0000000180025095e-35 3.5000000000000004 1.0000000180025095e-35 6.5000000000000009 6.5000000000000009
decision_type=2 2 2 2 2 2
left_child=1 2 -1 5 -5 -4
right_child=-2 -3 3 4 -6 -7
leaf_value=-0.072982775699805921 0.08337636417688421 -0.077022628562391587 -0.07261384964059589 -0.07259835030317785 -0.072504139684459068 -0.0726237170107559
leaf_weight=0.049211353994905949 0.41081565618515015 0.15943444520235062 0.068394877016544342 0.04512336291372776 0.042328912764787674 0.068826077505946159
leaf_count=2 2 2 3 2 2 3
internal_value=0.00245334 -0.0742671 -0.0726631 -0.0725931 -0.0725528 -0.0726188
internal_weight=0.844135 0.433319 0.273885 0.224673 0.0874523 0.137221
internal_count=16 14 12 10 4 6
is_linear=0
shrinkage=0.08


Tree=91
num_leaves=7
num_cat=0
split_feature=26 1 0 4 24 28
split_gain=1.56116 0.194682 0.584574 5.58518e-05 4.60364e-05 1.8808e-07
threshold=1.0000000180025095e-35 2.5000000000000004 4.5000000000000009 1.0000000180025095e-35 1.0000000180025095e-35 1.0000000180025095e-35
decision_type=2 2 2 2 2 2
left_child=3 -2 -3 -1 5 -5
right_child=1 2 -4 4 -6 -7
leaf_value=-0.078813482599181334 0.10718828039688927 -0.078653014410167407 0.092425344044958446 -0.076905713273288795 -0.078336907885390772 -0.076804145213186056
leaf_weight=0.19838485866785038 0.45900996029376984 0.18803939968347549 0.3992144763469696 0.23513510078191757 0.18839651346206665 0.23162510991096497
leaf_count=2 2 2 2 3 2 3
internal_value=0.00265362 0.068155 0.0376458 -0.0776375 -0.0772814 -0.0768553
internal_weight=1.89981 1.04626 0.587254 0.853542 0.655157 0.46676
internal_count=16 6 4 10 8 6
is_linear=0
shrinkage=0.08


Tree=92
num_leaves=1
num_cat=0
split_feature=
split_gain=
threshold=
decision_type=
left_child=
right_child=
leaf_value=0
leaf_weight=
leaf_count=16
internal_value=
internal_weight=
internal_count=
is_linear=0
shrinkage=1


Tree=93
num_leaves=6
num_cat=0
split_feature=28 2 0 24 23
split_gain=1.68634 2.78704e-05 4.39748e-05 3.87058e-05 1.20449e-06
threshold=1.0000000180025095e-35 5.166666666666667 3.5000000000000004 1.0000000180025095e-35 1.0000000180025095e-35
decision_type=2 2 2 2 2
left_child=1 -1 -3 4 -4
right_child=-2 2 3 -5 -6
leaf_value=-0.075164877011473952 0.095320285217872433 -0.077441185205643179 -0.075219763396243366 -0.076737967754514053 -0.075545785311991326
leaf_weight=0.16712741926312447 0.63947053253650665 0.1683325320482254 0.17406843230128288 0.22920408844947815 0.12432576343417168
leaf_count=3 3 2 3 3 2
internal_value=-0.00313991 -0.0760926 -0.0763153 -0.0759561 -0.0753556
internal_weight=1.50253 0.863058 0.695931 0.527598 0.298394
internal_count=16 13 10 8 5
is_linear=0
shrinkage=0.08


Tree=94
num_leaves=7
num_cat=0
split_feature=29 2 1 22 0 0
split_gain=1.24088 8.23188e-06 8.60504e-06 7.75042e-06 1.47345e-06 6.614e-08
threshold=1.0000000180025095e-35 13.250000000000002 2.5000000000000004 1.0000000180025095e-35 4.5000000000000009 5.5000000000000009
decision_type=2 2 2 2 2 2
left_child=1 2 -1 4 -4 -5
right_child=-2 -3 3 5 -6 -7
leaf_value=-0.073692911031330674 0.098298377910470108 -0.075071549981212765 -0.074990391142076882 -0.074116941059959654 -0.074600055975847887 -0.074017832727299948
leaf_weight=0.11143943294882774 0.45018681883811951 0.11243350803852081 0.10614268481731415 0.087548498064279556 0.14846362918615341 0.084871821105480194
leaf_count=3 2 2 2 2 3 2
internal_value=-0.00382 -0.0744489 -0.0743189 -0.0744823 -0.0747628 -0.0740682
internal_weight=1.10109 0.6509 0.538466 0.427027 0.254606 0.17242
internal_count=16 14 12 9 5 4
is_linear=0
shrinkage=0.08


Tree=95
num_leaves=1
num_cat=0
split_feature=
split_gain=
threshold=
decision_type=
left_child=
right_child=
leaf_value=0
leaf_weight=
leaf_count=16
internal_value=
internal_weight=
internal_count=
is_linear=0
shrinkage=1


Tree=96
num_leaves=7
num_cat=0
split_feature=0 24 24 0 1 2
split_gain=1.03604 0.870251 0.00722869 1.0857e-05 2.87434e-07 1.02542e-07
threshold=4.5000000000000009 1.0000000180025095e-35 1.0000000180025095e-35 3.5000000000000004 2.5000000000000004 6.5000000000000009
decision_type=2 2 2 2 2 2
left_child=2 5 3 -1 -5 -2
right_child=1 -3 -4 4 -6 -7
leaf_value=-0.074917611260036113 -0.074002356552046594 0.11674240851374211 -0.093239673756506505 -0.07390952287822064 -0.074100809106984744 -0.074114966426527262
leaf_weight=0.14922233670949936 0.12668394669890404 0.53570473194122314 0.20362997055053711 0.081716068089008331 0.13066443055868149 0.087495878338813782
leaf_count=3 3 2 1 2 3 2
internal_value=0.000602294 0.0622493 -0.0811837 -0.0743947 -0.0740272 -0.0740484
internal_weight=1.31512 0.749885 0.565233 0.361603 0.21238 0.21418
internal_count=16 7 9 8 5 5
is_linear=0
shrinkage=0.08


Tree=97
num_leaves=6
num_cat=0
split_feature=0 24 1 26 28
split_gain=0.990885 1.41972e-05 2.68363e-07 5.79894e-08 2.53684e-08
threshold=3.5000000000000004 1.0000000180025095e-35 2.5000000000000004 1.0000000180025095e-35 1.0000000180025095e-35
decision_type=2 2 2 2 2
left_child=-1 2 -2 4 -4
right_child=1 -3 3 -5 -6
leaf_value=0.063474219020706255 -0.0739073181489973 -0.074916216662034046 -0.074115870579848919 -0.074025798329239362 -0.074059976573808556
leaf_weight=0.77218490839004517 0.081652648746967316 0.16262725368142128 0.1312800906598568 0.12759223580360413 0.086021605879068375
leaf_count=3 2 3 3 3 2
internal_value=0.00385635 -0.0742802 -0.0740377 -0.0740686 -0.0740937
internal_weight=1.36136 0.589174 0.426547 0.344894 0.217302
internal_count=16 13 10 8 5
is_linear=0
shrinkage=0.08


Tree=98
num_leaves=7
num_cat=0
split_feature=16 2 1 0 0 2
split_gain=1.2403 8.28087e-06 8.62727e-06 7.75021e-06 1.48231e-06 5.69249e-08
threshold=1.0000000180025095e-35 13.250000000000002 2.5000000000000004 5.5000000000000009 4.5000000000000009 6.5000000000000009
decision_type=2 2 2 2 2 2
left_child=1 2 -1 4 -4 -5
right_child=-2 -3 3 5 -6 -7
leaf_value=-0.073691727813201241 0.098276956922101685 -0.07507347959935104 -0.074991067926711091 -0.074021554631547887 -0.074599556349391513 -0.074113495354503511
leaf_weight=0.11138172820210457 0.45002803206443787 0.11248202249407768 0.10615238547325134 0.084975056350231171 0.14843538030982018 0.087456393986940384
leaf_count=3 2 2 2 2 3 2
internal_value=-0.00384257 -0.0744492 -0.0743188 -0.0744823 -0.0747628 -0.0740682
internal_weight=1.10091 0.650883 0.538401 0.427019 0.254588 0.172431
internal_count=16 14 12 9 5 4
is_linear=0
shrinkage=0.08


Tree=99
num_leaves=7
num_cat=0
split_feature=24 2 0 26 3 2
split_gain=0.710879 0.00167956 9.95052e-07 2.95288e-08 2.57002e-08 4.06855e-10
threshold=1.0000000180025095e-35 13.250000000000002 3.5000000000000004 1.0000000180025095e-35 6.5000000000000009 6.5000000000000009
decision_type=2 2 2 2 2 2
left_child=1 2 -1 5 -5 -4
right_child=-2 -3 3 4 -6 -7
leaf_value=-0.072829953784265503 0.073786620365353828 -0.083449231527781789 -0.072431486060822281 -0.07241735924185197 -0.072324780864181926 -0.07244075616699075
leaf_weight=0.044558892026543617 0.42288489639759064 0.14174066483974457 0.060397030785679817 0.039827367290854454 0.037037715315818787 0.060806367546319962
leaf_count=2 3 1 3 2 2 3
internal_value=0.00221422 -0.0765303 -0.0724884 -0.0724115 -0.0723728 -0.0724361
internal_weight=0.807253 0.384368 0.242627 0.198068 0.0768651 0.121203
internal_count=16 13 12 10 4 6
is_linear=0
shrinkage=0.08


Tree=100
num_leaves=7
num_cat=0
split_feature=26 1 0 2 24 28
split_gain=1.3712 0.175183 0.506699 5.8324e-05 3.25063e-05 1.45394e-07
threshold=1.0000000180025095e-35 2.5000000000000004 4.5000000000000009 13.250000000000002 1.0000000180025095e-35 1.0000000180025095e-35
decision_type=2 2 2 2 2 2
left_child=3 -2 -3 4 5 -1
right_child=1 2 -4 -5 -6 -7
leaf_value=-0.07614830065539524 0.10411113480039542 -0.077889627256510524 0.089152561802852234 -0.078117823106759826 -0.077419746683293669 -0.076053428113575919
leaf_weight=0.20848692208528519 0.43437696993350983 0.17091140896081924 0.36318035423755646 0.18370439112186432 0.16840378195047379 0.20507097989320755
leaf_count=3 2 2 2 2 2 3
internal_value=0.00313071 0.0663828 0.0356984 -0.0768751 -0.0764828 -0.0761013
internal_weight=1.73413 0.968469 0.534092 0.765666 0.581962 0.413558
internal_count=16 6 4 10 8 6
is_linear=0
shrinkage=0.08


Tree=101
num_leaves=1
num_cat=0
split_feature=
split_gain=
threshold=
decision_type=
left_child=
right_child=
leaf_value=0
leaf_weight=
leaf_count=16
internal_value=
internal_weight=
internal_count=
is_linear=0
shrinkage=1


Tree=102
num_leaves=7
num_cat=0
split_feature=28 2 13 24 26 2
split_gain=1.45268 2.44181e-05 2.30611e-05 2.24763e-05 2.7451e-06 2.56164e-07
threshold=1.0000000180025095e-35 13.250000000000002 1.0000000180025095e-35 1.0000000180025095e-35 1.0000000180025095e-35 5.166666666666667
decision_type=2 2 2 2 2 2
left_child=1 2 3 4 -1 -6
right_child=-2 -3 -4 -5 5 -7
leaf_value=-0.074981555073791659 0.091533474966067965 -0.076473076707213636 -0.076256520936568109 -0.075955597994721111 -0.074440907762255593 -0.074625446828048392
leaf_weight=0.16522016376256943 0.58500193059444427 0.14669027179479599 0.13410618528723717 0.134353406727314 0.092194385826587677 0.10075181350111961
leaf_count=3 3 2 2 2 2 2
internal_value=-0.00358687 -0.075544 -0.0753265 -0.0750732 -0.0747422 -0.0745373
internal_weight=1.35832 0.773316 0.626626 0.49252 0.358166 0.192946
internal_count=16 13 11 9 7 4
is_linear=0
shrinkage=0.08


Tree=103
num_leaves=7
num_cat=0
split_feature=29 2 13 24 1 2
split_gain=1.06806 8.44865e-06 8.02573e-06 7.61787e-06 1.19636e-06 4.58929e-08
threshold=1.0000000180025095e-35 13.250000000000002 1.0000000180025095e-35 1.0000000180025095e-35 2.5000000000000004 5.166666666666667
decision_type=2 2 2 2 2 2
left_child=1 2 3 4 -1 -6
right_child=-2 -3 -4 -5 5 -7
leaf_value=-0.073352057547622945 0.093971038491383135 -0.07474409417523338 -0.07460628802501823 -0.074405557150819673 -0.073744157054975862 -0.07366420056009515
leaf_weight=0.09743327833712101 0.41419674456119537 0.10403935611248016 0.095123440027236938 0.095212001353502274 0.077468022704124451 0.11289689689874649
leaf_count=3 2 2 2 2 2 3
internal_value=-0.00422649 -0.0740908 -0.0739486 -0.0737853 -0.07358 -0.0736967
internal_weight=0.99637 0.582173 0.478134 0.38301 0.287798 0.190365
internal_count=16 14 12 10 8 5
is_linear=0
shrinkage=0.08


Tree=104
num_leaves=1
num_cat=0
split_feature=
split_gain=
threshold=
decision_type=
left_child=
right_child=
leaf_value=0
leaf_weight=
leaf_count=16
internal_value=
internal_weight=
internal_count=
is_linear=0
shrinkage=1


Tree=105
num_leaves=7
num_cat=0
split_feature=0 24 24 0 1 2
split_gain=0.902497 0.717211 0.00535475 1.03526e-05 2.39249e-07 7.80863e-08
threshold=4.5000000000000009 1.0000000180025095e-35 1.0000000180025095e-35 3.5000000000000004 2.5000000000000004 6.5000000000000009
decision_type=2 2 2 2 2 2
left_child=2 5 3 -1 -5 -2
right_child=1 -3 -4 4 -6 -7
leaf_value=-0.074575682264002227 -0.073637853630347028 0.10872826776800153 -0.090923211610934709 -0.073542796657007511 -0.073728863185876709 -0.073742375427216678
leaf_weight=0.13553089648485184 0.11180916428565979 0.50912100076675415 0.19172155857086182 0.071647889912128448 0.11556419357657433 0.07741953432559967
leaf_count=3 3 2 1 2 3 2
internal_value=6.96772e-05 0.0593017 -0.0803337 -0.0740432 -0.0736577 -0.0736806
internal_weight=1.21281 0.69835 0.514465 0.322743 0.187212 0.189229
internal_count=16 7 9 8 5 5
is_linear=0
shrinkage=0.08


Tree=106
num_leaves=6
num_cat=0
split_feature=0 24 1 26 2
split_gain=0.854345 1.24747e-05 2.27023e-07 4.35516e-08 8.68643e-09
threshold=3.5000000000000004 1.0000000180025095e-35 2.5000000000000004 1.0000000180025095e-35 6.5000000000000009
decision_type=2 2 2 2 2
left_child=-1 2 -2 4 -4
right_child=1 -3 3 -5 -6
leaf_value=0.058831068540513905 -0.073540923437354577 -0.074536813567023366 -0.073708410451060247 -0.073659740248575398 -0.073743087086129214
leaf_weight=0.76072835922241211 0.071592390537261963 0.14763161912560463 0.11472601071000099 0.11267166584730148 0.077438961714506149
leaf_count=3 2 3 3 3 2
internal_value=0.00468503 -0.0739136 -0.0736691 -0.0736992 -0.0737224
internal_weight=1.28479 0.524061 0.376429 0.304837 0.192165
internal_count=16 13 10 8 5
is_linear=0
shrinkage=0.08


Tree=107
num_leaves=7
num_cat=0
split_feature=16 2 13 24 26 28
split_gain=1.0675 8.49037e-06 8.03623e-06 7.62261e-06 1.52914e-06 1.88954e-08
threshold=1.0000000180025095e-35 13.250000000000002 1.0000000180025095e-35 1.0000000180025095e-35 1.0000000180025095e-35 1.0000000180025095e-35
decision_type=2 2 2 2 2 2
left_child=1 2 3 4 5 -1
right_child=-2 -3 -4 -5 -6 -7
leaf_value=-0.073741099636888685 0.093950288758067449 -0.074745789349035807 -0.074606616309626381 -0.074405491176001676 -0.073319862011575254 -0.073689876990764056
leaf_weight=0.077384516596794128 0.41400332748889923 0.10408386960625648 0.095113426446914673 0.095210239291191101 0.096392683684825897 0.11397442221641541
leaf_count=2 2 2 2 2 3 3
internal_value=-0.00425336 -0.074091 -0.0739485 -0.073785 -0.0735797 -0.0737106
internal_weight=0.996162 0.582159 0.478075 0.382962 0.287752 0.191359
internal_count=16 14 12 10 8 5
is_linear=0
shrinkage=0.08


Tree=108
num_leaves=7
num_cat=0
split_feature=2 24 0 1 26 2
split_gain=0.60397 0.000220632 9.85794e-07 2.39941e-08 4.68448e-09 8.88084e-10
threshold=13.250000000000002 1.0000000180025095e-35 3.5000000000000004 2.5000000000000004 1.0000000180025095e-35 6.5000000000000009
decision_type=2 2 2 2 2 2
left_child=1 2 -1 -4 5 -5
right_child=-2 -3 3 4 -6 -7
leaf_value=-0.07268932584307107 0.067879851370845387 -0.076377296155567292 -0.072188892174941052 -0.072269306581368722 -0.072245682728748553 -0.072285580733600113
leaf_weight=0.040328719653189182 0.41334891319274902 0.14444012939929962 0.032917271368205547 0.053215986117720604 0.052135471254587173 0.035963216796517372
leaf_count=2 2 2 2 3 3 2
internal_value=0.00195031 -0.0739601 -0.0723329 -0.0722504 -0.0722647 -0.0722759
internal_weight=0.77235 0.359001 0.214561 0.174232 0.141315 0.0891792
internal_count=16 14 12 10 8 5
is_linear=0
shrinkage=0.08


Tree=109
num_leaves=7
num_cat=0
split_feature=26 1 0 2 24 28
split_gain=1.20818 0.158489 0.440671 6.50038e-05 2.04308e-05 1.09229e-07
threshold=1.0000000180025095e-35 2.5000000000000004 4.5000000000000009 13.250000000000002 1.0000000180025095e-35 1.0000000180025095e-35
decision_type=2 2 2 2 2 2
left_child=3 -2 -3 4 5 -1
right_child=1 2 -4 -5 -6 -7
leaf_value=-0.075488696360258817 0.10154064452942291 -0.077210196956924271 0.086435057357305944 -0.077565099146678126 -0.076557649796847496 -0.075401221750927977
leaf_weight=0.1843663863837719 0.41006585955619812 0.15508086979389191 0.32817737758159637 0.17162797600030899 0.14868374168872833 0.18110187351703644
leaf_count=3 2 2 2 2 2 3
internal_value=0.00364919 0.0649603 0.0339202 -0.076217 -0.075767 -0.0754453
internal_weight=1.5791 0.893324 0.483258 0.68578 0.514152 0.365468
internal_count=16 6 4 10 8 6
is_linear=0
shrinkage=0.08


Tree=110
num_leaves=1
num_cat=0
split_feature=
split_gain=
threshold=
decision_type=
left_child=
right_child=
leaf_value=0
leaf_weight=
leaf_count=16
internal_value=
internal_weight=
internal_count=
is_linear=0
shrinkage=1


Tree=111
num_leaves=7
num_cat=0
split_feature=28 2 13 24 26 2
split_gain=1.25498 2.67796e-05 2.16725e-05 1.46128e-05 2.00036e-06 1.3035e-07
threshold=1.0000000180025095e-35 13.250000000000002 1.0000000180025095e-35 1.0000000180025095e-35 1.0000000180025095e-35 5.166666666666667
decision_type=2 2 2 2 2 2
left_child=1 2 3 4 -1 -6
right_child=-2 -3 -4 -5 5 -7
leaf_value=-0.074485618218283228 0.088413695430485162 -0.076067100396567819 -0.075762346538615119 -0.075310933858692336 -0.074007986744523677 -0.07414862881866674
leaf_weight=0.1459743045270443 0.53123064339160919 0.13702946901321411 0.12154511734843254 0.11847721040248871 0.080875948071479797 0.088137514889240265
leaf_count=3 3 2 2 2 2 2
internal_value=-0.00407128 -0.0750656 -0.0748183 -0.0745536 -0.0742687 -0.0740813
internal_weight=1.22327 0.69204 0.55501 0.433465 0.314988 0.169013
internal_count=16 13 11 9 7 4
is_linear=0
shrinkage=0.08


Tree=112
num_leaves=7
num_cat=0
split_feature=29 2 13 24 1 2
split_gain=0.922118 9.28191e-06 7.56776e-06 5.02904e-06 8.82342e-07 3.42854e-08
threshold=1.0000000180025095e-35 13.250000000000002 1.0000000180025095e-35 1.0000000180025095e-35 2.5000000000000004 5.166666666666667
decision_type=2 2 2 2 2 2
left_child=1 2 3 4 -1 -6
right_child=-2 -3 -4 -5 5 -7
leaf_value=-0.073054696932141686 0.090425581652361378 -0.074480894399057085 -0.074282847717444436 -0.073979555295763375 -0.073414614507861617 -0.073341030161922907
leaf_weight=0.085031455382704735 0.37793754041194916 0.097181197255849838 0.086172264069318771 0.083857689052820206 0.06838216632604599 0.09947558119893074
leaf_count=3 2 2 2 2 2 3
internal_value=-0.004672 -0.0737759 -0.0736139 -0.0734427 -0.0732647 -0.073371
internal_weight=0.898038 0.5201 0.422919 0.336747 0.252889 0.167858
internal_count=16 14 12 10 8 5
is_linear=0
shrinkage=0.08


Tree=113
num_leaves=1
num_cat=0
split_feature=
split_gain=
threshold=
decision_type=
left_child=
right_child=
leaf_value=0
leaf_weight=
leaf_count=16
internal_value=
internal_weight=
internal_count=
is_linear=0
shrinkage=1


Tree=114
num_leaves=7
num_cat=0
split_feature=0 24 24 0 1 2
split_gain=0.805427 0.6052 0.00397205 1.02778e-05 1.92837e-07 5.78958e-08
threshold=4.5000000000000009 1.0000000180025095e-35 1.0000000180025095e-35 3.5000000000000004 2.5000000000000004 6.5000000000000009
decision_type=2 2 2 2 2 2
left_child=2 5 3 -1 -5 -2
right_child=1 -3 -4 4 -6 -7
leaf_value=-0.074296621249770531 -0.07331717386472647 0.10338342186098982 -0.088888780717097354 -0.07322198196082802 -0.073400297578542939 -0.073413011654542462
leaf_weight=0.12407396174967289 0.098472926765680313 0.48311248421669006 0.17999933660030365 0.062670977786183357 0.10196464136242867 0.068337701261043549
leaf_count=3 3 2 1 2 3 2
internal_value=0.000373548 0.058021 -0.0795618 -0.0737468 -0.0733324 -0.0733564
internal_weight=1.11863 0.649923 0.468709 0.28871 0.164636 0.166811
internal_count=16 7 9 8 5 5
is_linear=0
shrinkage=0.08


Tree=115
num_leaves=6
num_cat=0
split_feature=0 24 1 26 2
split_gain=0.722732 1.03057e-05 1.8566e-07 3.18986e-08 6.59374e-09
threshold=3.5000000000000004 1.0000000180025095e-35 2.5000000000000004 1.0000000180025095e-35 6.5000000000000009
decision_type=2 2 2 2 2
left_child=-1 2 -2 4 -4
right_child=1 -3 3 -5 -6
leaf_value=0.053613924499831427 -0.073220396938484256 -0.074178234035416304 -0.073381471164318243 -0.073337338057000351 -0.073413633991926713
leaf_weight=0.74386785924434662 0.062622543424367905 0.13292574882507324 0.10117913037538528 0.09927971288561821 0.068354882299900055
leaf_count=3 2 3 3 3 2
internal_value=0.00472796 -0.0735831 -0.0733445 -0.0733734 -0.0733944
internal_weight=1.20823 0.464362 0.331436 0.268814 0.169534
internal_count=16 13 10 8 5
is_linear=0
shrinkage=0.08


Tree=116
num_leaves=7
num_cat=0
split_feature=16 2 13 24 26 28
split_gain=0.921565 9.3207e-06 7.578e-06 5.03251e-06 1.12739e-06 1.44068e-08
threshold=1.0000000180025095e-35 13.250000000000002 1.0000000180025095e-35 1.0000000180025095e-35 1.0000000180025095e-35 1.0000000180025095e-35
decision_type=2 2 2 2 2 2
left_child=1 2 3 4 5 -1
right_child=-2 -3 -4 -5 -6 -7
leaf_value=-0.073411897033525797 0.090405342464575045 -0.074482454303819334 -0.074283220991059676 -0.07397949707596016 -0.073024977007305938 -0.073364277997408731
leaf_weight=0.068306732922792435 0.37771019339561462 0.097222715616226196 0.086163971573114395 0.083856135606765747 0.084070472046732903 0.10046976432204247
leaf_count=2 2 2 2 2 3 3
internal_value=-0.00470395 -0.0737761 -0.0736138 -0.0734424 -0.0732643 -0.0733836
internal_weight=0.8978 0.52009 0.422867 0.336703 0.252847 0.168776
internal_count=16 14 12 10 8 5
is_linear=0
shrinkage=0.08


Tree=117
num_leaves=7
num_cat=0
split_feature=24 2 0 1 26 2
split_gain=0.565601 0.00143926 9.4672e-07 1.93355e-08 3.39334e-09 6.64098e-10
threshold=1.0000000180025095e-35 13.250000000000002 3.5000000000000004 2.5000000000000004 1.0000000180025095e-35 6.5000000000000009
decision_type=2 2 2 2 2 2
left_child=1 2 -1 -4 5 -5
right_child=-2 -3 3 4 -6 -7
leaf_value=-0.072561229948745393 0.064588084752021171 -0.082944795905769753 -0.072048679604396551 -0.072125573083206274 -0.072104223887536262 -0.072140576775844206
leaf_weight=0.036512879654765129 0.40671094506978989 0.13760417699813843 0.028709150850772858 0.046797242946922779 0.045811641030013561 0.031649952754378319
leaf_count=2 3 1 2 3 3 2
internal_value=0.00160197 -0.0767175 -0.0721952 -0.0721079 -0.0721215 -0.0721316
internal_weight=0.733796 0.327085 0.189481 0.152968 0.124259 0.0784472
internal_count=16 13 12 10 8 5
is_linear=0
shrinkage=0.08


Tree=118
num_leaves=7
num_cat=0
split_feature=26 1 0 2 24 28
split_gain=1.06644 0.143934 0.384498 6.10486e-05 1.42628e-05 8.00876e-08
threshold=1.0000000180025095e-35 2.5000000000000004 4.5000000000000009 13.250000000000002 1.0000000180025095e-35 1.0000000180025095e-35
decision_type=2 2 2 2 2 2
left_child=3 -2 -3 4 5 -1
right_child=1 2 -4 -5 -6 -7
leaf_value=-0.074914530267874258 0.099336456575326956 -0.076609509388412711 0.084166782432071777 -0.07698538468197913 -0.075862125528202373 -0.074834760008666928
leaf_weight=0.16264950856566429 0.38644278049468994 0.14058621972799301 0.29487286508083344 0.15852390229701996 0.13208591192960739 0.1595781072974205
leaf_count=3 2 2 2 2 2 3
internal_value=0.00424117 0.0637985 0.0322608 -0.0756337 -0.075162 -0.074875
internal_weight=1.43474 0.821902 0.435459 0.612837 0.454314 0.322228
internal_count=16 6 4 10 8 6
is_linear=0
shrinkage=0.08


Tree=119
num_leaves=1
num_cat=0
split_feature=
split_gain=
threshold=
decision_type=
left_child=
right_child=
leaf_value=0
leaf_weight=
leaf_count=16
internal_value=
internal_weight=
internal_count=
is_linear=0
shrinkage=1


Tree=120
num_leaves=7
num_cat=0
split_feature=28 2 13 24 26 2
split_gain=1.08627 2.47288e-05 1.95515e-05 1.03269e-05 1.43853e-06 6.34363e-08
threshold=1.0000000180025095e-35 13.250000000000002 1.0000000180025095e-35 1.0000000180025095e-35 1.0000000180025095e-35 5.166666666666667
decision_type=2 2 2 2 2 2
left_child=1 2 3 4 -1 -6
right_child=-2 -3 -4 -5 5 -7
leaf_value=-0.074051201216188703 0.085822323702602954 -0.075637302802510215 -0.075322460456422727 -0.074787066156932147 -0.073630737752518854 -0.073735652316557307
leaf_weight=0.12867894768714905 0.47935706377029419 0.12652711942791939 0.11008843407034874 0.10515676811337471 0.07085036113858223 0.076939340680837631
leaf_count=3 3 2 2 2 2 2
internal_value=-0.00456078 -0.0746399 -0.0743832 -0.0741123 -0.0738556 -0.0736854
internal_weight=1.0976 0.618241 0.491714 0.381625 0.276469 0.14779
internal_count=16 13 11 9 7 4
is_linear=0
shrinkage=0.08


Tree=121
num_leaves=7
num_cat=0
split_feature=29 2 13 24 1 2
split_gain=0.797804 8.6411e-06 6.86441e-06 3.59596e-06 6.41999e-07 2.50541e-08
threshold=1.0000000180025095e-35 13.250000000000002 1.0000000180025095e-35 1.0000000180025095e-35 2.5000000000000004 5.166666666666667
decision_type=2 2 2 2 2 2
left_child=1 2 3 4 -1 -6
right_child=-2 -3 -4 -5 5 -7
leaf_value=-0.072795760533405501 0.087495211638089709 -0.074199428520361252 -0.073992801788619764 -0.073630775718776256 -0.073124031866448017 -0.073056986303900784
leaf_weight=0.074094802141189575 0.34243161976337433 0.089707404375076294 0.07801816426217556 0.074360843747854233 0.060231808573007584 0.087479365989565849
leaf_count=3 2 2 2 2 2 3
internal_value=-0.00512486 -0.0734943 -0.0733252 -0.0731493 -0.0729879 -0.0730843
internal_weight=0.806324 0.463892 0.374185 0.296167 0.221806 0.147711
internal_count=16 14 12 10 8 5
is_linear=0
shrinkage=0.08


Tree=122
num_leaves=1
num_cat=0
split_feature=
split_gain=
threshold=
decision_type=
left_child=
right_child=
leaf_value=0
leaf_weight=
leaf_count=16
internal_value=
internal_weight=
internal_count=
is_linear=0
shrinkage=1


Tree=123
num_leaves=7
num_cat=0
split_feature=0 24 24 0 1 2
split_gain=0.704422 0.50628 0.00294304 9.2725e-06 1.51412e-07 4.20611e-08
threshold=4.5000000000000009 1.0000000180025095e-35 1.0000000180025095e-35 3.5000000000000004 2.5000000000000004 6.5000000000000009
decision_type=2 2 2 2 2 2
left_child=2 5 3 -1 -5 -2
right_child=1 -3 -4 4 -6 -7
leaf_value=-0.074015007607621211 -0.073035524767924603 0.098101142633110885 -0.087074832098510663 -0.072941970163810974 -0.073110812123408295 -0.07312259956854622
leaf_weight=0.11270811967551708 0.086563099175691605 0.44871982932090759 0.16843754053115845 0.054705461487174034 0.089776128530502319 0.060191422700881958
leaf_count=3 3 2 1 2 3 2
internal_value=-0.000260796 0.0559157 -0.0788547 -0.0734711 -0.0730469 -0.0730712
internal_weight=1.0211 0.595474 0.425627 0.25719 0.144482 0.146755
internal_count=16 7 9 8 5 5
is_linear=0
shrinkage=0.08


Tree=124
num_leaves=6
num_cat=0
split_feature=0 24 1 26 2
split_gain=0.625861 8.82723e-06 1.47638e-07 2.29441e-08 4.87664e-09
threshold=3.5000000000000004 1.0000000180025095e-35 2.5000000000000004 1.0000000180025095e-35 6.5000000000000009
decision_type=2 2 2 2 2
left_child=-1 2 -2 4 -4
right_child=1 -3 3 -5 -6
leaf_value=0.050205267259895062 -0.072940618604783916 -0.073874096839296993 -0.073093659350413717 -0.073053919277737689 -0.073123136089027693
leaf_weight=0.72616817057132721 0.05466330423951149 0.12014656141400337 0.089048817753791809 0.08730899915099144 0.060206584632396698
leaf_count=3 2 3 3 3 2
internal_value=0.00554257 -0.0732971 -0.0730591 -0.0730865 -0.0731055
internal_weight=1.13754 0.411374 0.291228 0.236564 0.149255
internal_count=16 13 10 8 5
is_linear=0
shrinkage=0.08


Tree=125
num_leaves=7
num_cat=0
split_feature=16 2 13 24 26 28
split_gain=0.797265 8.67279e-06 6.87384e-06 3.59852e-06 8.19658e-07 1.07062e-08
threshold=1.0000000180025095e-35 13.250000000000002 1.0000000180025095e-35 1.0000000180025095e-35 1.0000000180025095e-35 1.0000000180025095e-35
decision_type=2 2 2 2 2 2
left_child=1 2 3 4 5 -1
right_child=-2 -3 -4 -5 -6 -7
leaf_value=-0.073121637807537235 0.087475684387212857 -0.074200809792357422 -0.073993205536147855 -0.073630725470969091 -0.072768556654542002 -0.073077887463787572
leaf_weight=0.060164093971252441 0.34217572212219238 0.089745473116636276 0.078011376783251762 0.074359461665153503 0.073215728625655174 0.088388152420520782
leaf_count=2 2 2 2 2 3 3
internal_value=-0.00516203 -0.0734945 -0.0733251 -0.0731491 -0.0729876 -0.0730956
internal_weight=0.80606 0.463884 0.374139 0.296127 0.221768 0.148552
internal_count=16 14 12 10 8 5
is_linear=0
shrinkage=0.08


Tree=126
num_leaves=7
num_cat=0
split_feature=24 2 0 1 26 2
split_gain=0.481585 0.00108282 8.8134e-07 1.51822e-08 2.42052e-09 4.85875e-10
threshold=1.0000000180025095e-35 13.250000000000002 3.5000000000000004 2.5000000000000004 1.0000000180025095e-35 6.5000000000000009
decision_type=2 2 2 2 2 2
left_child=1 2 -1 -4 5 -5
right_child=-2 -3 3 4 -6 -7
leaf_value=-0.072443324911472762 0.058256174583652676 -0.081846763158600636 -0.071925854842467954 -0.071998552569738972 -0.071979374718223757 -0.072012246915139175
leaf_weight=0.033050232566893101 0.40166435390710831 0.12820805609226227 0.02499730046838522 0.041081829927861691 0.040189237333834171 0.027803445234894753
leaf_count=2 3 1 2 3 3 2
internal_value=0.00123527 -0.0763161 -0.0720733 -0.0719821 -0.071995 -0.0720041
internal_weight=0.696994 0.29533 0.167122 0.134072 0.109075 0.0688853
internal_count=16 13 12 10 8 5
is_linear=0
shrinkage=0.08


Tree=127
num_leaves=7
num_cat=0
split_feature=26 1 0 2 24 28
split_gain=0.943922 0.131124 0.336305 5.97851e-05 9.04378e-06 5.7583e-08
threshold=1.0000000180025095e-35 2.5000000000000004 4.5000000000000009 13.250000000000002 1.0000000180025095e-35 1.0000000180025095e-35
decision_type=2 2 2 2 2 2
left_child=3 -2 -3 4 5 -1
right_child=1 2 -4 -5 -6 -7
leaf_value=-0.07441495395611461 0.097436861924869278 -0.076074005606506026 0.08226292185072985 -0.076507550896626142 -0.075217451292282231 -0.074342844249304638
leaf_weight=0.14318908005952835 0.36385466158390045 0.12730225175619125 0.26366549730300903 0.14745661616325378 0.11612823233008385 0.14033578336238861
leaf_count=3 2 2 2 2 2 3
internal_value=0.00488011 0.0628735 0.0307071 -0.0751308 -0.0746228 -0.0743793
internal_weight=1.30193 0.754822 0.390968 0.54711 0.399653 0.283525
internal_count=16 6 4 10 8 6
is_linear=0
shrinkage=0.08


Tree=128
num_leaves=1
num_cat=0
split_feature=
split_gain=
threshold=
decision_type=
left_child=
right_child=
leaf_value=0
leaf_weight=
leaf_count=16
internal_value=
internal_weight=
internal_count=
is_linear=0
shrinkage=1


Tree=129
num_leaves=7
num_cat=0
split_feature=28 2 13 24 26 2
split_gain=0.942114 2.39297e-05 1.75754e-05 6.7259e-06 1.02327e-06 2.93735e-08
threshold=1.0000000180025095e-35 13.250000000000002 1.0000000180025095e-35 1.0000000180025095e-35 1.0000000180025095e-35 5.166666666666667
decision_type=2 2 2 2 2 2
left_child=1 2 3 4 -1 -6
right_child=-2 -3 -4 -5 5 -7
leaf_value=-0.07367118575709837 0.083655957464392 -0.075280991074132372 -0.074927619118134087 -0.074297968937516223 -0.073301933883376955 -0.073378333681316049
leaf_weight=0.1132056713104248 0.43021228909492493 0.11767518520355225 0.099620707333087921 0.092369500547647476 0.061984458938241005 0.067042289301753044
leaf_count=3 3 2 2 2 2 2
internal_value=-0.00509018 -0.0742691 -0.0739948 -0.0737171 -0.0734956 -0.0733416
internal_weight=0.98211 0.551898 0.434223 0.334602 0.242232 0.129027
internal_count=16 13 11 9 7 4
is_linear=0
shrinkage=0.08


Tree=130
num_leaves=7
num_cat=0
split_feature=29 2 13 24 1 2
split_gain=0.691678 8.39968e-06 6.19104e-06 2.36867e-06 4.61859e-07 1.79872e-08
threshold=1.0000000180025095e-35 13.250000000000002 1.0000000180025095e-35 1.0000000180025095e-35 2.5000000000000004 5.166666666666667
decision_type=2 2 2 2 2 2
left_child=1 2 3 4 -1 -6
right_child=-2 -3 -4 -5 5 -7
leaf_value=-0.072570538527527595 0.08505562074369534 -0.073964836819567101 -0.073730707864323536 -0.073302639540234776 -0.072868378592895841 -0.072807773211353857
leaf_weight=0.064474837854504585 0.30840195715427399 0.083421580493450165 0.070574995130300522 0.06525714322924614 0.052951596677303314 0.076797649264335632
leaf_count=3 2 2 2 2 2 3
internal_value=-0.0056172 -0.0732476 -0.0730663 -0.0728856 -0.0727455 -0.0728325
internal_weight=0.72188 0.413478 0.330056 0.259481 0.194224 0.129749
internal_count=16 14 12 10 8 5
is_linear=0
shrinkage=0.08


Tree=131
num_leaves=1
num_cat=0
split_feature=
split_gain=
threshold=
decision_type=
left_child=
right_child=
leaf_value=0
leaf_weight=
leaf_count=16
internal_value=
internal_weight=
internal_count=
is_linear=0
shrinkage=1


Tree=132
num_leaves=7
num_cat=0
split_feature=0 24 24 0 1 2
split_gain=0.630994 0.431677 0.00216874 8.62577e-06 1.16269e-07 3.00562e-08
threshold=4.5000000000000009 1.0000000180025095e-35 1.0000000180025095e-35 3.5000000000000004 2.5000000000000004 6.5000000000000009
decision_type=2 2 2 2 2 2
left_child=2 5 3 -1 -5 -2
right_child=1 -3 -4 4 -6 -7
leaf_value=-0.07378232061490772 -0.072788574459440827 0.094568797573469865 -0.085438551072111055 -0.072698054506605617 -0.072856301114379754 -0.072867107281491927
leaf_weight=0.10313502512872219 0.075966373085975647 0.41967146098613739 0.15701854228973389 0.047667888924479485 0.07889736071228981 0.052915209904313087
leaf_count=3 3 2 1 2 3 2
internal_value=6.84852e-05 0.0552409 -0.0781925 -0.0732392 -0.0727967 -0.0728208
internal_weight=0.935272 0.548553 0.386719 0.2297 0.126565 0.128882
internal_count=16 7 9 8 5 5
is_linear=0
shrinkage=0.08


Tree=133
num_leaves=7
num_cat=0
split_feature=0 2 24 1 26 2
split_gain=0.530915 7.39722e-06 1.96294e-06 1.14612e-07 1.62654e-08 3.53693e-09
threshold=3.5000000000000004 13.250000000000002 1.0000000180025095e-35 2.5000000000000004 1.0000000180025095e-35 6.5000000000000009
decision_type=2 2 2 2 2 2
left_child=-1 2 3 -2 5 -5
right_child=1 -3 -4 4 -6 -7
leaf_value=0.046063894470178265 -0.072696908079717251 -0.074030679262846302 -0.073300630085170279 -0.072840797244972361 -0.072805215741803417 -0.072867574677808203
leaf_weight=0.70319931209087372 0.047631269320845604 0.042617227882146835 0.065200913697481155 0.078230608254671097 0.076649356633424759 0.052928559482097626
leaf_count=3 2 1 2 3 3 2
internal_value=0.00549443 -0.0730405 -0.0729088 -0.0728088 -0.0728345 -0.0728516
internal_weight=1.06646 0.363258 0.320641 0.25544 0.207809 0.131159
internal_count=16 13 12 10 8 5
is_linear=0
shrinkage=0.08


Tree=134
num_leaves=7
num_cat=0
split_feature=16 2 13 24 26 28
split_gain=0.691156 8.42715e-06 6.19949e-06 2.37049e-06 5.89012e-07 7.79113e-09
threshold=1.0000000180025095e-35 13.250000000000002 1.0000000180025095e-35 1.0000000180025095e-35 1.0000000180025095e-35 1.0000000180025095e-35
decision_type=2 2 2 2 2 2
left_child=1 2 3 4 5 -1
right_child=-2 -3 -4 -5 -6 -7
leaf_value=-0.072866270893377688 0.085036947794893417 -0.073966105783382891 -0.073731124619156402 -0.073302597104926343 -0.072545803254785587 -0.072826457100374414
leaf_weight=0.052891146391630173 0.30812358856201172 0.083457004278898239 0.070569513365626335 0.065255928784608841 0.063676994293928146 0.077621987089514732
leaf_count=2 2 2 2 2 3 3
internal_value=-0.00565983 -0.0732479 -0.0730663 -0.0728855 -0.0727453 -0.0728426
internal_weight=0.721596 0.413473 0.330016 0.259446 0.19419 0.130513
internal_count=16 14 12 10 8 5
is_linear=0
shrinkage=0.08


Tree=135
num_leaves=7
num_cat=0
split_feature=24 2 0 1 26 2
split_gain=0.412095 0.000814678 8.03957e-07 1.16584e-08 1.70476e-09 3.49691e-10
threshold=1.0000000180025095e-35 13.250000000000002 3.5000000000000004 2.5000000000000004 1.0000000180025095e-35 6.5000000000000009
decision_type=2 2 2 2 2 2
left_child=1 2 -1 -4 5 -5
right_child=-2 -3 3 4 -6 -7
leaf_value=-0.072335898274087485 0.05287969974931956 -0.080860412291507131 -0.071818517527255418 -0.071886575398356301 -0.071869436388599994 -0.071898982163394617
leaf_weight=0.029931547120213509 0.39354460686445236 0.11928655952215195 0.021734559908509254 0.036009766161441803 0.035206272266805172 0.024385353550314903
leaf_count=2 3 1 2 3 3 2
internal_value=0.000858561 -0.0759463 -0.0719658 -0.0718714 -0.0718834 -0.0718916
internal_weight=0.660099 0.266554 0.147267 0.117336 0.0956014 0.0603951
internal_count=16 13 12 10 8 5
is_linear=0
shrinkage=0.08


Tree=136
num_leaves=7
num_cat=0
split_feature=26 1 0 2 24 28
split_gain=0.837047 0.119723 0.294873 5.62042e-05 5.74436e-06 4.07616e-08
threshold=1.0000000180025095e-35 2.5000000000000004 4.5000000000000009 13.250000000000002 1.0000000180025095e-35 1.0000000180025095e-35
decision_type=2 2 2 2 2 2
left_child=3 -2 -3 4 5 -1
right_child=1 2 -4 -5 -6 -7
leaf_value=-0.073980455511448842 0.095752621782122613 -0.075599677290303507 0.080657419307748834 -0.076066255234441132 -0.07466144836123946 -0.073915718840088213
leaf_weight=0.1258229948580265 0.34238149225711823 0.1152254119515419 0.23478046059608459 0.13697684556245804 0.10190526023507118 0.12319977208971977
leaf_count=3 2 2 2 2 2 3
internal_value=0.00556401 0.062118 0.029216 -0.0746919 -0.0741555 -0.0739484
internal_weight=1.18029 0.692387 0.350006 0.487905 0.350928 0.249023
internal_count=16 6 4 10 8 6
is_linear=0
shrinkage=0.08


Tree=137
num_leaves=1
num_cat=0
split_feature=
split_gain=
threshold=
decision_type=
left_child=
right_child=
leaf_value=0
leaf_weight=
leaf_count=16
internal_value=
internal_weight=
internal_count=
is_linear=0
shrinkage=1


Tree=138
num_leaves=7
num_cat=0
split_feature=28 2 13 24 26 2
split_gain=0.818385 2.22354e-05 1.55687e-05 4.37794e-06 7.20851e-07 1.27235e-08
threshold=1.0000000180025095e-35 13.250000000000002 1.0000000180025095e-35 1.0000000180025095e-35 1.0000000180025095e-35 5.166666666666667
decision_type=2 2 2 2 2 2
left_child=1 2 3 4 -1 -6
right_child=-2 -3 -4 -5 5 -7
leaf_value=-0.073339137406420951 0.081835123566905643 -0.074949972630044104 -0.074575760792182616 -0.073873670883664685 -0.073015559656570111 -0.073069405128956863
leaf_weight=0.099416844546794891 0.38431656360626221 0.1092953234910965 0.090129643678665161 0.08099379763007164 0.054168855771422386 0.058328179642558098
leaf_count=3 3 2 2 2 2 2
internal_value=-0.0056513 -0.0739435 -0.0736563 -0.0733734 -0.0731822 -0.0730435
internal_weight=0.876649 0.492333 0.383037 0.292908 0.211914 0.112497
internal_count=16 13 11 9 7 4
is_linear=0
shrinkage=0.08


Tree=139
num_leaves=7
num_cat=0
split_feature=29 2 13 24 1 2
split_gain=0.60066 7.84456e-06 5.50161e-06 1.55682e-06 3.28841e-07 1.27254e-08
threshold=1.0000000180025095e-35 13.250000000000002 1.0000000180025095e-35 1.0000000180025095e-35 2.5000000000000004 5.166666666666667
decision_type=2 2 2 2 2 2
left_child=1 2 3 4 -1 -6
right_child=-2 -3 -4 -5 5 -7
leaf_value=-0.072374939769702856 0.083012310660700778 -0.07374553768688076 -0.073495785385873827 -0.073016201574474346 -0.072643886541430849 -0.072589459526851807
leaf_weight=0.05604066513478756 0.27632847428321838 0.077471543103456497 0.063832484185695648 0.057173740118741989 0.046472877264022827 0.067318134009838104
leaf_count=3 2 2 2 2 2 3
internal_value=-0.00614149 -0.0730302 -0.0728396 -0.0726551 -0.0725336 -0.0726117
internal_weight=0.644638 0.368309 0.290838 0.227005 0.169832 0.113791
internal_count=16 14 12 10 8 5
is_linear=0
shrinkage=0.08


Tree=140
num_leaves=1
num_cat=0
split_feature=
split_gain=
threshold=
decision_type=
left_child=
right_child=
leaf_value=0
leaf_weight=
leaf_count=16
internal_value=
internal_weight=
internal_count=
is_linear=0
shrinkage=1


Tree=141
num_leaves=7
num_cat=0
split_feature=0 24 24 0 1 2
split_gain=0.566683 0.369387 0.00160231 7.82105e-06 8.75843e-08 2.11887e-08
threshold=4.5000000000000009 1.0000000180025095e-35 1.0000000180025095e-35 3.5000000000000004 2.5000000000000004 6.5000000000000009
decision_type=2 2 2 2 2 2
left_child=2 5 3 -1 -5 -2
right_child=1 -3 -4 4 -6 -7
leaf_value=-0.073569115839876548 -0.072572353490143029 0.091616574276107685 -0.083997237421435028 -0.072485928773692268 -0.072632943661497057 -0.072642760481715848
leaf_weight=0.094371858984231949 0.066568588837981224 0.39087826013565063 0.14611083269119263 0.041473004966974258 0.069222878664731979 0.046440325677394867
leaf_count=3 3 2 1 2 3 2
internal_value=0.000416931 0.0547867 -0.0775954 -0.073034 -0.0725779 -0.0726013
internal_weight=0.855066 0.503887 0.351179 0.205068 0.110696 0.113009
internal_count=16 7 9 8 5 5
is_linear=0
shrinkage=0.08


Tree=142
num_leaves=7
num_cat=0
split_feature=2 0 2 24 26 2
split_gain=0.485554 0.831802 6.65808e-06 1.30211e-06 1.0841e-07 2.68477e-09
threshold=5.166666666666667 3.5000000000000004 13.250000000000002 1.0000000180025095e-35 1.0000000180025095e-35 6.5000000000000009
decision_type=2 2 2 2 2 2
left_child=-1 -2 3 4 5 -3
right_child=1 2 -4 -5 -6 -7
leaf_value=-0.090116898344000981 0.1025107640183492 -0.072606411684312089 -0.073804418295658453 -0.073014466346814105 -0.072490649464587553 -0.072631452732862492
leaf_weight=0.2538862731307745 0.47059915959835052 0.045383555814623833 0.039555922150611877 0.057124383747577667 0.062660476192831993 0.06915958970785141
leaf_count=3 2 2 1 2 3 3
internal_value=0.00541997 0.0380003 -0.0728444 -0.0726823 -0.0725753 -0.0726215
internal_weight=0.998369 0.744483 0.273884 0.234328 0.177204 0.114543
internal_count=16 13 11 10 8 5
is_linear=0
shrinkage=0.08


Tree=143
num_leaves=7
num_cat=0
split_feature=16 2 13 24 26 28
split_gain=0.600158 7.86786e-06 5.5091e-06 1.55806e-06 4.18857e-07 5.57295e-09
threshold=1.0000000180025095e-35 13.250000000000002 1.0000000180025095e-35 1.0000000180025095e-35 1.0000000180025095e-35 1.0000000180025095e-35
decision_type=2 2 2 2 2 2
left_child=1 2 3 4 5 -1
right_child=-2 -3 -4 -5 -6 -7
leaf_value=-0.072642037341440563 0.082994589820743647 -0.0737467055907471 -0.073496212792843657 -0.073016162650931249 -0.072352573158060998 -0.072606087253491297
leaf_weight=0.046419175341725349 0.27603417634963989 0.077504456043243408 0.063828133046627045 0.057172674685716629 0.055321306921541691 0.068061040714383125
leaf_count=2 2 2 2 2 3 3
internal_value=-0.0061897 -0.0730305 -0.0728396 -0.0726549 -0.0725333 -0.0726207
internal_weight=0.644341 0.368307 0.290802 0.226974 0.169802 0.11448
internal_count=16 14 12 10 8 5
is_linear=0
shrinkage=0.08


Tree=144
num_leaves=7
num_cat=0
split_feature=2 24 0 26 3 2
split_gain=0.381937 0.000143343 5.46043e-07 7.3368e-09 7.53272e-09 8.44992e-11
threshold=13.250000000000002 1.0000000180025095e-35 3.5000000000000004 1.0000000180025095e-35 6.5000000000000009 6.5000000000000009
decision_type=2 2 2 2 2 2
left_child=1 2 -1 5 -5 -4
right_child=-2 -3 3 4 -6 -7
leaf_value=-0.072182149522020234 0.053892266464611115 -0.075645708103233733 -0.071788151341670756 -0.071780142407225217 -0.071709927888361488 -0.071793996358714529
leaf_weight=0.026411569677293301 0.36311498284339905 0.12679155170917511 0.031525246798992157 0.0207561906427145 0.018489259295165539 0.03179294615983963
leaf_count=2 2 2 3 2 2 3
internal_value=0.0011472 -0.0737356 -0.0718578 -0.0717742 -0.0717471 -0.0717911
internal_weight=0.618882 0.255767 0.128975 0.102564 0.0392454 0.0633182
internal_count=16 14 12 10 4 6
is_linear=0
shrinkage=0.08


Tree=145
num_leaves=7
num_cat=0
split_feature=26 1 0 2 24 28
split_gain=0.72295 0.0967846 0.253762 4.58162e-05 3.65336e-06 2.87644e-08
threshold=1.0000000180025095e-35 2.5000000000000004 4.5000000000000009 13.250000000000002 1.0000000180025095e-35 1.0000000180025095e-35
decision_type=2 2 2 2 2 2
left_child=3 -2 -3 4 5 -1
right_child=1 2 -4 -5 -6 -7
leaf_value=-0.073602973817823505 0.091920477639366158 -0.075002760392663695 0.0792982619283637 -0.07556834977519819 -0.07418167828339392 -0.073544902358714068
leaf_weight=0.11039360240101814 0.31158954650163651 0.10142549499869347 0.208314448595047 0.12469961121678352 0.089278221130371094 0.10799136385321617
leaf_count=3 2 2 2 2 2 3
internal_value=0.0051624 0.0604401 0.0287718 -0.0742748 -0.0737505 -0.0735743
internal_weight=1.05369 0.621329 0.30974 0.432363 0.307663 0.218385
internal_count=16 6 4 10 8 6
is_linear=0
shrinkage=0.08


Tree=146
num_leaves=1
num_cat=0
split_feature=
split_gain=
threshold=
decision_type=
left_child=
right_child=
leaf_value=0
leaf_weight=
leaf_count=16
internal_value=
internal_weight=
internal_count=
is_linear=0
shrinkage=1


Tree=147
num_leaves=7
num_cat=0
split_feature=28 2 13 24 26 2
split_gain=0.708794 1.87625e-05 1.03826e-05 2.83105e-06 4.88997e-07 2.79987e-09
threshold=1.0000000180025095e-35 13.250000000000002 1.0000000180025095e-35 1.0000000180025095e-35 1.0000000180025095e-35 5.166666666666667
decision_type=2 2 2 2 2 2
left_child=1 2 3 4 -1 -6
right_child=-2 -3 -4 -5 5 -7
leaf_value=-0.073049509766803591 0.080297706407205821 -0.074573804512287872 -0.074123426117979285 -0.073505715279374689 -0.072775506439267487 -0.072802490455784852
leaf_weight=0.087180480360984802 0.34194751083850861 0.09946136549115181 0.079221757128834724 0.070910677313804626 0.047839401289820671 0.05068100243806839
leaf_count=3 3 2 2 2 2 2
internal_value=-0.00589761 -0.0736087 -0.0733229 -0.0730757 -0.0729115 -0.0727894
internal_weight=0.777242 0.435295 0.335833 0.256612 0.185701 0.0985204
internal_count=16 13 11 9 7 4
is_linear=0
shrinkage=0.08


Tree=148
num_leaves=7
num_cat=0
split_feature=29 2 13 24 1 2
split_gain=0.5203 6.64484e-06 3.70229e-06 1.01613e-06 2.2404e-07 9.05519e-09
threshold=1.0000000180025095e-35 13.250000000000002 1.0000000180025095e-35 1.0000000180025095e-35 2.5000000000000004 5.166666666666667
decision_type=2 2 2 2 2 2
left_child=1 2 3 4 -1 -6
right_child=-2 -3 -4 -5 5 -7
leaf_value=-0.072209651523143098 0.081292214344856589 -0.073494226809921057 -0.073190691996029261 -0.072766464844988596 -0.072447519131739482 -0.072398468467647151
leaf_weight=0.049039354547858238 0.24649997055530548 0.070472970604896545 0.05605999194085598 0.050020525231957436 0.040739098563790321 0.058930099010467529
leaf_count=3 2 2 2 2 2 3
internal_value=-0.00637105 -0.0728067 -0.0726165 -0.0724546 -0.0723496 -0.0724185
internal_weight=0.571762 0.325262 0.254789 0.198729 0.148709 0.0996692
internal_count=16 14 12 10 8 5
is_linear=0
shrinkage=0.08


Tree=149
num_leaves=1
num_cat=0
split_feature=
split_gain=
threshold=
decision_type=
left_child=
right_child=
leaf_value=0
leaf_weight=
leaf_count=16
internal_value=
internal_weight=
internal_count=
is_linear=0
shrinkage=1


Tree=150
num_leaves=6
num_cat=0
split_feature=0 2 24 0 1
split_gain=0.507628 0.0187966 0.00119288 5.43281e-06 6.51742e-08
threshold=4.5000000000000009 7.5000000000000009 1.0000000180025095e-35 3.5000000000000004 2.5000000000000004
decision_type=2 2 2 2 2
left_child=2 -2 3 -1 -5
right_child=1 -3 -4 4 -6
leaf_value=-0.073267342788385981 0.040298796930427171 0.072837461296736974 -0.082723345775382789 -0.072301702196697126 -0.072437535753884952
leaf_weight=0.083666013553738594 0.26004738360643387 0.20178759470582008 0.1357530802488327 0.036037581041455269 0.060659628361463547
leaf_count=3 5 2 1 2 3
internal_value=0.00105115 0.0545158 -0.0770588 -0.0727953 -0.0723869
internal_weight=0.777951 0.461835 0.316116 0.180363 0.0966972
internal_count=16 7 9 8 5
is_linear=0
shrinkage=0.08


Tree=151
num_leaves=7
num_cat=0
split_feature=2 0 2 24 26 2
split_gain=0.41155 0.702637 6.05298e-06 8.52562e-07 7.88525e-08 1.89116e-09
threshold=5.166666666666667 3.5000000000000004 13.250000000000002 1.0000000180025095e-35 1.0000000180025095e-35 6.5000000000000009
decision_type=2 2 2 2 2 2
left_child=-1 -2 3 4 5 -3
right_child=1 2 -4 -5 -6 -7
leaf_value=-0.087255553084999368 0.097437941984461554 -0.072413486560455043 -0.073593688109644173 -0.07276496351561805 -0.072307551019542879 -0.072435943847297929
leaf_weight=0.22890386171638966 0.43612082302570343 0.039738958701491356 0.036669958382844925 0.049977274611592293 0.054558612406253815 0.060591071844100952
leaf_count=3 2 2 1 2 3 3
internal_value=0.00548745 0.0368149 -0.0726471 -0.0724777 -0.072385 -0.072427
internal_weight=0.906561 0.677657 0.241536 0.204866 0.154889 0.10033
internal_count=16 13 11 10 8 5
is_linear=0
shrinkage=0.08


Tree=152
num_leaves=7
num_cat=0
split_feature=16 2 13 24 26 28
split_gain=0.519069 6.66346e-06 3.70826e-06 1.01761e-06 2.85402e-07 3.93201e-09
threshold=1.0000000180025095e-35 13.250000000000002 1.0000000180025095e-35 1.0000000180025095e-35 1.0000000180025095e-35 1.0000000180025095e-35
decision_type=2 2 2 2 2 2
left_child=1 2 3 4 5 -1
right_child=-2 -3 -4 -5 -6 -7
leaf_value=-0.072445464259403403 0.081249474345816627 -0.073495230214663074 -0.073191067887339187 -0.072766431181513574 -0.072189732264251211 -0.072413201552672571
leaf_weight=0.040678784251213074 0.24572262912988663 0.070502534508705139 0.05605623684823513 0.050019592046737671 0.048393992707133293 0.059596054255962372
leaf_count=2 2 2 2 2 3 3
internal_value=-0.0065072 -0.0728069 -0.0726164 -0.0724543 -0.0723493 -0.0724263
internal_weight=0.57097 0.325247 0.254745 0.198688 0.148669 0.100275
internal_count=16 14 12 10 8 5
is_linear=0
shrinkage=0.08


Tree=153
num_leaves=7
num_cat=0
split_feature=2 24 0 26 3 2
split_gain=0.324515 0.00010251 3.70133e-07 5.20863e-09 5.51747e-09 4.63672e-11
threshold=13.250000000000002 1.0000000180025095e-35 3.5000000000000004 1.0000000180025095e-35 6.5000000000000009 6.5000000000000009
decision_type=2 2 2 2 2 2
left_child=1 2 -1 5 -5 -4
right_child=-2 -3 3 4 -6 -7
leaf_value=-0.072046759846949138 0.049168264694837378 -0.075159762628391025 -0.071701342881193619 -0.07169417094158774 -0.071629748609432484 -0.071705975392615889
leaf_weight=0.023252308834344149 0.35157293081283569 0.11465222388505936 0.027549128048121929 0.018130427226424217 0.016032019630074501 0.027763481251895428
leaf_count=2 2 2 3 2 2 3
internal_value=0.00100079 -0.0734755 -0.0717624 -0.0716885 -0.0716639 -0.0717037
internal_weight=0.578953 0.22738 0.112727 0.0894751 0.0341624 0.0553126
internal_count=16 14 12 10 4 6
is_linear=0
shrinkage=0.08


Tree=154
num_leaves=7
num_cat=0
split_feature=26 1 0 2 24 28
split_gain=0.629724 0.0777392 0.220192 3.42501e-05 3.35953e-06 1.85301e-08
threshold=1.0000000180025095e-35 2.5000000000000004 4.5000000000000009 13.250000000000002 1.0000000180025095e-35 1.0000000180025095e-35
decision_type=2 2 2 2 2 2
left_child=3 -2 -3 4 5 -1
right_child=1 2 -4 -5 -6 -7
leaf_value=-0.073271477339792418 0.088751049859351866 -0.074485442448813347 0.078284925721829268 -0.075089822851161683 -0.073862504567346554 -0.073221645173563998
leaf_weight=0.096575543284416199 0.28166967630386353 0.089110959321260452 0.18728671222925186 0.11243616044521332 0.08067653700709343 0.094476528465747833
leaf_count=3 2 2 2 2 2 3
internal_value=0.00491067 0.0591734 0.0290316 -0.0739155 -0.0734296 -0.0732468
internal_weight=0.942232 0.558067 0.276398 0.384165 0.271729 0.191052
internal_count=16 6 4 10 8 6
is_linear=0
shrinkage=0.08


Tree=155
num_leaves=1
num_cat=0
split_feature=
split_gain=
threshold=
decision_type=
left_child=
right_child=
leaf_value=0
leaf_weight=
leaf_count=16
internal_value=
internal_weight=
internal_count=
is_linear=0
shrinkage=1


Tree=156
num_leaves=7
num_cat=0
split_feature=28 2 13 24 26 2
split_gain=0.61736 1.44997e-05 6.56456e-06 2.46584e-06 3.2381e-07 1.73747e-10
threshold=1.0000000180025095e-35 13.250000000000002 1.0000000180025095e-35 1.0000000180025095e-35 1.0000000180025095e-35 5.166666666666667
decision_type=2 2 2 2 2 2
left_child=1 2 3 4 -1 -6
right_child=-2 -3 -4 -5 5 -7
leaf_value=-0.072794279429823416 0.079044435437313626 -0.074210125944610766 -0.073728982992451106 -0.073260321849506815 -0.072564235084927167 -0.072571422812700778
leaf_weight=0.076232941821217537 0.3047172799706459 0.089642394334077835 0.069476386532187462 0.06405981257557869 0.042144846171140671 0.043988849967718124
leaf_count=3 3 2 2 2 2 2
internal_value=-0.00605784 -0.0733188 -0.0730487 -0.07284 -0.0726742 -0.0725679
internal_weight=0.690263 0.385545 0.295903 0.226426 0.162367 0.0861337
internal_count=16 13 11 9 7 4
is_linear=0
shrinkage=0.08


Tree=157
num_leaves=7
num_cat=0
split_feature=29 2 13 24 1 2
split_gain=0.456758 5.16727e-06 2.36905e-06 8.84863e-07 1.49766e-07 6.73581e-09
threshold=1.0000000180025095e-35 13.250000000000002 1.0000000180025095e-35 1.0000000180025095e-35 2.5000000000000004 5.166666666666667
decision_type=2 2 2 2 2 2
left_child=1 2 3 4 -1 -6
right_child=-2 -3 -4 -5 5 -7
leaf_value=-0.072066065068365437 0.080015080996738347 -0.073249692167229277 -0.072923111629357704 -0.072599491627084886 -0.072275436910655758 -0.072230199215312457
leaf_weight=0.042866760864853859 0.2225145697593689 0.063486868515610695 0.049127610400319099 0.045174116268754005 0.0356624536216259 0.051465174183249474
leaf_count=3 2 2 2 2 2 3
internal_value=-0.00605946 -0.0726125 -0.0724322 -0.0722945 -0.0721885 -0.0722487
internal_weight=0.510298 0.287783 0.224296 0.175169 0.129994 0.0871276
internal_count=16 14 12 10 8 5
is_linear=0
shrinkage=0.08


Tree=158
num_leaves=1
num_cat=0
split_feature=
split_gain=
threshold=
decision_type=
left_child=
right_child=
leaf_value=0
leaf_weight=
leaf_count=16
internal_value=
internal_weight=
internal_count=
is_linear=0
shrinkage=1


Tree=159
num_leaves=7
num_cat=0
split_feature=0 24 24 0 1 2
split_gain=0.435827 0.298599 0.000879508 3.62283e-06 4.71665e-08 2.62479e-08
threshold=4.5000000000000009 1.0000000180025095e-35 1.0000000180025095e-35 3.5000000000000004 2.5000000000000004 6.5000000000000009
decision_type=2 2 2 2 2 2
left_child=2 5 3 -1 -5 -2
right_child=1 -3 -4 4 -6 -7
leaf_value=-0.072988493377565217 -0.072350176781575362 0.086926441142726893 -0.08154820958151919 -0.072142624797885621 -0.072266428674060648 -0.072434564250078021
leaf_weight=0.073586610145866871 0.056792890653014183 0.33482493460178375 0.12555705010890961 0.031311027705669403 0.053084427490830421 0.040348641574382782
leaf_count=3 3 2 1 2 3 2
internal_value=0.000515045 0.0511001 -0.0765503 -0.0725782 -0.0722205 -0.0723852
internal_weight=0.715506 0.431966 0.283539 0.157982 0.0843955 0.0971415
internal_count=16 7 9 8 5 5
is_linear=0
shrinkage=0.08


Tree=160
num_leaves=7
num_cat=0
split_feature=2 0 2 24 26 2
split_gain=0.354935 0.60715 5.15488e-06 7.65815e-07 5.60728e-08 1.22564e-09
threshold=5.166666666666667 3.5000000000000004 13.250000000000002 1.0000000180025095e-35 1.0000000180025095e-35 6.5000000000000009
decision_type=2 2 2 2 2 2
left_child=-1 -2 3 4 5 -3
right_child=1 2 -4 -5 -6 -7
leaf_value=-0.084863118038600527 0.094061738373886025 -0.072243756554576266 -0.0733890136779317 -0.072598146814645978 -0.072147451880735444 -0.072263097682794444
leaf_weight=0.20528224483132362 0.405434250831604 0.034722592681646347 0.033834721893072128 0.045135026797652245 0.04742530919611454 0.052939234301447868
leaf_count=3 2 2 1 2 3 3
internal_value=0.00630414 0.0365144 -0.072483 -0.0723128 -0.0722175 -0.0722554
internal_weight=0.824773 0.619491 0.214057 0.180222 0.135087 0.0876618
internal_count=16 13 11 10 8 5
is_linear=0
shrinkage=0.08


Tree=161
num_leaves=7
num_cat=0
split_feature=16 2 13 24 26 28
split_gain=0.449985 5.18506e-06 2.3771e-06 8.8951e-07 1.91425e-07 2.38766e-09
threshold=1.0000000180025095e-35 13.250000000000002 1.0000000180025095e-35 1.0000000180025095e-35 1.0000000180025095e-35 1.0000000180025095e-35
decision_type=2 2 2 2 2 2
left_child=1 2 3 4 5 -1
right_child=-2 -3 -4 -5 -6 -7
leaf_value=-0.072270768833245319 0.079781797755789183 -0.07325053235776087 -0.07292344393544635 -0.072599458952532878 -0.072047477972374652 -0.072243870543941408
leaf_weight=0.03552437387406826 0.21795353293418884 0.063513051718473434 0.049124389886856079 0.045173272490501404 0.042260625399649143 0.052089178934693336
leaf_count=2 2 2 2 2 3 3
internal_value=-0.00692349 -0.0726125 -0.0724317 -0.0722937 -0.0721873 -0.0722548
internal_weight=0.505638 0.287685 0.224172 0.175047 0.129874 0.0876136
internal_count=16 14 12 10 8 5
is_linear=0
shrinkage=0.08


Tree=162
num_leaves=8
num_cat=0
split_feature=24 2 0 1 2 2 0
split_gain=0.301842 0.000469479 2.47996e-07 4.50795e-09 5.19502e-10 8.31909e-10 3.20265e-14
threshold=1.0000000180025095e-35 13.250000000000002 3.5000000000000004 2.5000000000000004 5.166666666666667 6.5000000000000009 5.5000000000000009
decision_type=2 2 2 2 2 2 2
left_child=1 2 -1 -4 -5 6 -6
right_child=-2 -3 3 4 5 -7 -8
leaf_value=-0.071927221660342142 0.047924740485959634 -0.079370175350360408 -0.071573376883134365 -0.071635466151786287 -0.071611362024778705 -0.071633584989832882 -0.071611199914301704
leaf_weight=0.020421127323061228 0.33474013581871986 0.10488322377204895 0.014232867863029242 0.016348918899893761 0.015601824037730694 0.016291031613945961 0.015597810037434101
leaf_count=2 3 1 2 2 2 2 2
internal_value=0.00122243 -0.0756454 -0.071679 -0.0716141 -0.0716232 -0.0716189 -0.0716113
internal_weight=0.538117 0.203377 0.0984936 0.0780725 0.0638396 0.0474907 0.0311996
internal_count=16 13 12 10 8 6 4
is_linear=0
shrinkage=0.08


Tree=163
num_leaves=7
num_cat=0
split_feature=26 1 0 2 24 28
split_gain=0.545237 0.0638907 0.189804 2.64998e-05 2.28921e-06 1.28341e-08
threshold=1.0000000180025095e-35 2.5000000000000004 4.5000000000000009 13.250000000000002 1.0000000180025095e-35 1.0000000180025095e-35
decision_type=2 2 2 2 2 2
left_child=3 -2 -3 4 5 -1
right_child=1 2 -4 -5 -6 -7
leaf_value=-0.072986825135572433 0.086112804817035857 -0.074035329375890746 0.077280816950361833 -0.074671249426216862 -0.073507300368614484 -0.072942482279409304
leaf_weight=0.084506005048751831 0.25316625833511353 0.078132938593626022 0.1652848944067955 0.1013319119811058 0.070941254496574402 0.082608768716454506
leaf_count=3 2 2 2 2 2 3
internal_value=0.00456333 0.0579753 0.0287109 -0.0735877 -0.0731265 -0.0729649
internal_weight=0.835972 0.496584 0.243418 0.339388 0.238056 0.167115
internal_count=16 6 4 10 8 6
is_linear=0
shrinkage=0.08


Tree=164
num_leaves=1
num_cat=0
split_feature=
split_gain=
threshold=
decision_type=
left_child=
right_child=
leaf_value=0
leaf_weight=
leaf_count=16
internal_value=
internal_weight=
internal_count=
is_linear=0
shrinkage=1


Tree=165
num_leaves=7
num_cat=0
split_feature=28 2 13 24 26 2
split_gain=0.535316 1.15111e-05 4.2952e-06 1.68049e-06 2.16641e-07 5.68253e-11
threshold=1.0000000180025095e-35 13.250000000000002 1.0000000180025095e-35 1.0000000180025095e-35 1.0000000180025095e-35 5.166666666666667
decision_type=2 2 2 2 2 2
left_child=1 2 3 4 -1 -6
right_child=-2 -3 -4 -5 5 -7
leaf_value=-0.07257447100928538 0.077929043649934346 -0.073890490854694499 -0.073384525976384563 -0.072985988028907198 -0.072378674696276471 -0.072374277755508795
leaf_weight=0.066679641604423523 0.26942500472068787 0.080761563032865524 0.06085490994155407 0.056303391233086586 0.037049331702291965 0.038214175030589104
leaf_count=3 3 2 2 2 2 2
internal_value=-0.00629126 -0.0730566 -0.0727966 -0.0726162 -0.0724695 -0.0723764
internal_weight=0.609288 0.339863 0.259101 0.198247 0.141943 0.0752635
internal_count=16 13 11 9 7 4
is_linear=0
shrinkage=0.08


Tree=166
num_leaves=7
num_cat=0
split_feature=29 2 13 24 1 2
split_gain=0.396089 4.11854e-06 1.56249e-06 6.06922e-07 1.00365e-07 4.62602e-09
threshold=1.0000000180025095e-35 13.250000000000002 1.0000000180025095e-35 1.0000000180025095e-35 2.5000000000000004 5.166666666666667
decision_type=2 2 2 2 2 2
left_child=1 2 3 4 -1 -6
right_child=-2 -3 -4 -5 5 -7
leaf_value=-0.071941201614029476 0.078754601351478867 -0.073033699277825506 -0.072688259574540948 -0.072411883405375813 -0.072124865530565921 -0.072084764819709629
leaf_weight=0.037434746511280537 0.19717796891927719 0.057175422087311745 0.043003308586776257 0.039684414863586426 0.031180426478385925 0.044957425445318222
leaf_count=3 2 2 2 2 2 3
internal_value=-0.00627866 -0.0724362 -0.0722621 -0.0721426 -0.0720485 -0.0721012
internal_weight=0.450614 0.253436 0.19626 0.153257 0.113573 0.0761379
internal_count=16 14 12 10 8 5
is_linear=0
shrinkage=0.08


Tree=167
num_leaves=1
num_cat=0
split_feature=
split_gain=
threshold=
decision_type=
left_child=
right_child=
leaf_value=0
leaf_weight=
leaf_count=16
internal_value=
internal_weight=
internal_count=
is_linear=0
shrinkage=1


Tree=168
num_leaves=7
num_cat=0
split_feature=0 24 24 0 1 2
split_gain=0.381419 0.254403 0.00065022 2.40506e-06 3.34433e-08 1.77681e-08
threshold=4.5000000000000009 1.0000000180025095e-35 1.0000000180025095e-35 3.5000000000000004 2.5000000000000004 6.5000000000000009
decision_type=2 2 2 2 2 2
left_child=2 5 3 -1 -5 -2
right_child=1 -3 -4 4 -6 -7
leaf_value=-0.072744412170228728 -0.072188614827475031 0.084579473118098408 -0.080511173704408898 -0.072005067982023857 -0.072116789686607452 -0.072262880396846529
leaf_weight=0.064590263180434704 0.049608433619141579 0.30117839574813843 0.11601348966360092 0.027200302109122276 0.046400482766330242 0.03528154082596302
leaf_count=3 3 2 1 2 3 2
internal_value=-1.52474e-06 0.050102 -0.0760953 -0.0723881 -0.0720755 -0.0722195
internal_weight=0.640273 0.386068 0.254205 0.138191 0.0736008 0.08489
internal_count=16 7 9 8 5 5
is_linear=0
shrinkage=0.08


Tree=169
num_leaves=7
num_cat=0
split_feature=2 0 2 24 26 2
split_gain=0.307903 0.525014 4.42305e-06 5.28166e-07 3.93019e-08 8.46752e-10
threshold=5.166666666666667 3.5000000000000004 13.250000000000002 1.0000000180025095e-35 1.0000000180025095e-35 6.5000000000000009
decision_type=2 2 2 2 2 2
left_child=-1 -2 3 4 5 -3
right_child=1 2 -4 -5 -6 -7
leaf_value=-0.082853711269624708 0.091253176543624817 -0.072096693025416478 -0.073200751881312934 -0.072410712083659193 -0.072010235049762325 -0.072113890234972236
leaf_weight=0.18325656279921532 0.3752095103263855 0.03033760841935873 0.031198285520076752 0.03965003602206707 0.041263713501393795 0.046272988431155682
leaf_count=3 2 2 1 2 3 3
internal_value=0.00723401 0.0365091 -0.0723305 -0.0721581 -0.0720732 -0.0721071
internal_weight=0.747189 0.563932 0.188723 0.157524 0.117874 0.0766106
internal_count=16 13 11 10 8 5
is_linear=0
shrinkage=0.08


Tree=170
num_leaves=7
num_cat=0
split_feature=16 2 13 24 26 28
split_gain=0.389855 4.13136e-06 1.56781e-06 6.10084e-07 1.28387e-07 1.66757e-09
threshold=1.0000000180025095e-35 13.250000000000002 1.0000000180025095e-35 1.0000000180025095e-35 1.0000000180025095e-35 1.0000000180025095e-35
decision_type=2 2 2 2 2 2
left_child=1 2 3 4 5 -1
right_child=-2 -3 -4 -5 -6 -7
leaf_value=-0.072120801863829936 0.078541838317752521 -0.073034405046172465 -0.072688547036075551 -0.072411858055920236 -0.071924851900072681 -0.072096757574458062
leaf_weight=0.031059005297720432 0.1927289292216301 0.057198585942387581 0.043000525794923306 0.039683673530817032 0.036898409016430378 0.045509357936680317
leaf_count=2 2 2 2 2 3 3
internal_value=-0.00720587 -0.0724362 -0.0722617 -0.0721419 -0.0720474 -0.0721065
internal_weight=0.446078 0.25335 0.196151 0.15315 0.113467 0.0765684
internal_count=16 14 12 10 8 5
is_linear=0
shrinkage=0.08


Tree=171
num_leaves=8
num_cat=0
split_feature=2 24 0 2 2 2 0
split_gain=0.255689 6.26626e-05 1.6498e-07 2.19219e-09 4.46119e-10 3.10047e-10 6.2797e-15
threshold=13.250000000000002 1.0000000180025095e-35 3.5000000000000004 7.5000000000000009 5.166666666666667 6.5000000000000009 5.5000000000000009
decision_type=2 2 2 2 2 2 2
left_child=1 2 -1 4 -4 6 -6
right_child=-2 -3 3 -5 5 -7 -8
leaf_value=-0.071821995262242352 0.045293101224283497 -0.074556984275192473 -0.071568039224668895 -0.071518789481272771 -0.071546686623719796 -0.071561277234770349 -0.07154660977797693
leaf_weight=0.017896948382258415 0.31479321420192719 0.099165011197328568 0.01427351264283061 0.012518443632870913 0.0136091448366642 0.014062967151403427 0.01360754482448101
leaf_count=2 2 2 2 2 2 2 2
internal_value=0.00141754 -0.0731866 -0.0716059 -0.071549 -0.0715558 -0.0715516 -0.0715466
internal_weight=0.499927 0.185134 0.0859686 0.0680716 0.0555532 0.0412797 0.0272167
internal_count=16 14 12 10 8 6 4
is_linear=0
shrinkage=0.08


Tree=172
num_leaves=7
num_cat=0
split_feature=26 1 0 2 24 28
split_gain=0.472793 0.0528559 0.163708 2.10324e-05 1.47167e-06 8.8025e-09
threshold=1.0000000180025095e-35 2.5000000000000004 4.5000000000000009 13.250000000000002 1.0000000180025095e-35 1.0000000180025095e-35
decision_type=2 2 2 2 2 2
left_child=3 -2 -3 4 5 -1
right_child=1 2 -4 -5 -6 -7
leaf_value=-0.072739457232734464 0.083904439728686012 -0.073644113917707407 0.076423547924396054 -0.074313176421592936 -0.073185377305788488 -0.072700170264302186
leaf_weight=0.073861217126250267 0.22643245011568069 0.068385763093829155 0.14552927762269974 0.091671213507652283 0.061951525509357452 0.072157351300120354
leaf_count=3 2 2 2 2 2 3
internal_value=0.00421566 0.0569649 0.0284489 -0.0733036 -0.0728587 -0.07272
internal_weight=0.739989 0.440347 0.213915 0.299641 0.20797 0.146019
internal_count=16 6 4 10 8 6
is_linear=0
shrinkage=0.08


Tree=173
num_leaves=1
num_cat=0
split_feature=
split_gain=
threshold=
decision_type=
left_child=
right_child=
leaf_value=0
leaf_weight=
leaf_count=16
internal_value=
internal_weight=
internal_count=
is_linear=0
shrinkage=1


Tree=174
num_leaves=7
num_cat=0
split_feature=28 2 13 24 26 2
split_gain=0.46451 9.3596e-06 2.82261e-06 1.08986e-06 1.4422e-07 3.4897e-10
threshold=1.0000000180025095e-35 13.250000000000002 1.0000000180025095e-35 1.0000000180025095e-35 1.0000000180025095e-35 5.166666666666667
decision_type=2 2 2 2 2 2
left_child=1 2 3 4 -1 -6
right_child=-2 -3 -4 -5 5 -7
leaf_value=-0.072382964907862418 0.076978073052947932 -0.073615877820547293 -0.073083913699637251 -0.072736516658960831 -0.072215966688836106 -0.072204305501144803
leaf_weight=0.058260513469576836 0.23760875314474106 0.073042605072259903 0.053215829655528069 0.049146762117743492 0.032510551624000072 0.033193102106451988
leaf_count=3 3 2 2 2 2 2
internal_value=-0.00654021 -0.0728285 -0.0725744 -0.0724177 -0.0722913 -0.0722101
internal_weight=0.536978 0.299369 0.226327 0.173111 0.123964 0.0657037
internal_count=16 13 11 9 7 4
is_linear=0
shrinkage=0.08


Tree=175
num_leaves=7
num_cat=0
split_feature=29 2 13 24 1 2
split_gain=0.343721 3.35685e-06 1.03311e-06 3.96097e-07 6.68833e-08 3.14858e-09
threshold=1.0000000180025095e-35 13.250000000000002 1.0000000180025095e-35 1.0000000180025095e-35 2.5000000000000004 5.166666666666667
decision_type=2 2 2 2 2 2
left_child=1 2 3 4 -1 -6
right_child=-2 -3 -4 -5 5 -7
leaf_value=-0.071832597461945785 0.077682140890445839 -0.072847332870283998 -0.072482414440175655 -0.072240642781129266 -0.071993299316940526 -0.071957894316091148
leaf_weight=0.032663580030202866 0.17422457784414291 0.051695456728339195 0.037583640776574612 0.034623498097062111 0.027232987806200981 0.039236963726580143
leaf_count=3 2 2 2 2 2 3
internal_value=-0.00651317 -0.0722823 -0.0721118 -0.0720077 -0.0719263 -0.0719724
internal_weight=0.397261 0.223036 0.171341 0.133757 0.0991335 0.06647
internal_count=16 14 12 10 8 5
is_linear=0
shrinkage=0.08


Tree=176
num_leaves=1
num_cat=0
split_feature=
split_gain=
threshold=
decision_type=
left_child=
right_child=
leaf_value=0
leaf_weight=
leaf_count=16
internal_value=
internal_weight=
internal_count=
is_linear=0
shrinkage=1


Tree=177
num_leaves=6
num_cat=0
split_feature=0 2 24 0 1
split_gain=0.342717 0.011682 0.000478756 1.63782e-06 2.3348e-08
threshold=4.5000000000000009 7.5000000000000009 1.0000000180025095e-35 3.5000000000000004 2.5000000000000004
decision_type=2 2 2 2 2
left_child=2 -2 3 -1 -5
right_child=1 -3 -4 4 -6
leaf_value=-0.072538956697294626 0.037516384107511333 0.066956346647703904 -0.079573442690419979 -0.071886042220180177 -0.071986105333681535
leaf_weight=0.056862768717110157 0.19855062756687403 0.15253226645290852 0.10691622644662857 0.023626240901648998 0.040517224930226803
leaf_count=3 5 2 1 2 3
internal_value=0.000715663 0.0503069 -0.0756728 -0.0722264 -0.0719492
internal_weight=0.579005 0.351083 0.227922 0.121006 0.0641435
internal_count=16 7 9 8 5
is_linear=0
shrinkage=0.08


Tree=178
num_leaves=7
num_cat=0
split_feature=0 2 24 26 3 2
split_gain=0.264498 3.92616e-06 3.64675e-07 2.09858e-08 1.07707e-08 1.63364e-09
threshold=3.5000000000000004 13.250000000000002 1.0000000180025095e-35 1.0000000180025095e-35 6.5000000000000009 6.5000000000000009
decision_type=2 2 2 2 2 2
left_child=-1 2 3 5 -5 -2
right_child=1 -3 -4 4 -6 -7
leaf_value=0.039053770227878468 -0.071960702190516604 -0.073023793498223771 -0.072239632207829946 -0.071941373216333579 -0.071866097262500331 -0.071983600262386649
leaf_weight=0.4774470329284668 0.039369507692754269 0.028694843873381615 0.034593470394611359 0.025666326284408569 0.023125984705984592 0.040406417101621628
leaf_count=3 3 1 2 2 2 3
internal_value=0.00717399 -0.0721608 -0.0720091 -0.071947 -0.0719057 -0.0719723
internal_weight=0.669304 0.191857 0.163162 0.128568 0.0487923 0.0797759
internal_count=16 13 12 10 4 6
is_linear=0
shrinkage=0.08


Tree=179
num_leaves=7
num_cat=0
split_feature=16 2 13 24 26 28
split_gain=0.338047 3.3663e-06 1.03661e-06 3.98164e-07 8.56425e-08 1.15241e-09
threshold=1.0000000180025095e-35 13.250000000000002 1.0000000180025095e-35 1.0000000180025095e-35 1.0000000180025095e-35 1.0000000180025095e-35
decision_type=2 2 2 2 2 2
left_child=1 2 3 4 5 -1
right_child=-2 -3 -4 -5 -6 -7
leaf_value=-0.071989786795999405 0.077490243452878971 -0.072847934770545603 -0.072482660075423311 -0.07224062017211863 -0.071818248729487749 -0.07196839642632552
leaf_weight=0.027127362787723541 0.16997497528791428 0.051716120913624763 0.037581231445074081 0.034622849896550179 0.032190300524234772 0.039723842404782772
leaf_count=2 2 2 2 2 3 3
internal_value=-0.00749428 -0.0722823 -0.0721115 -0.0720071 -0.0719255 -0.0719771
internal_weight=0.392937 0.222962 0.171246 0.133664 0.0990415 0.0668512
internal_count=16 14 12 10 8 5
is_linear=0
shrinkage=0.08


Tree=180
num_leaves=8
num_cat=0
split_feature=24 2 0 1 2 2 0
split_gain=0.240828 0.000309082 1.40852e-07 2.17279e-09 2.55391e-10 3.76181e-10 7.41941e-14
threshold=1.0000000180025095e-35 13.250000000000002 3.5000000000000004 2.5000000000000004 5.166666666666667 6.5000000000000009 5.5000000000000009
decision_type=2 2 2 2 2 2 2
left_child=1 2 -1 -4 -5 6 -6
right_child=-2 -3 3 4 5 -7 -8
leaf_value=-0.071758782495871129 0.043862436263938605 -0.078410076128414677 -0.071459335571778568 -0.071508996933727392 -0.071489945321627529 -0.071507006244632521 -0.071489662238926222
leaf_weight=0.016094974242150784 0.29818118736147881 0.094974614679813385 0.010729266330599785 0.012449660338461399 0.011854874435812235 0.012387978844344616 0.011846889741718769
leaf_count=2 3 1 2 2 2 2 2
internal_value=0.000511825 -0.0753745 -0.0715489 -0.0714919 -0.0714991 -0.0714957 -0.0714898
internal_weight=0.468519 0.170338 0.0753636 0.0592687 0.0485394 0.0360897 0.0237018
internal_count=16 13 12 10 8 6 4
is_linear=0
shrinkage=0.08


Tree=181
num_leaves=7
num_cat=0
split_feature=26 1 0 2 24 28
split_gain=0.424291 0.0478359 0.145116 1.69242e-05 1.29371e-06 5.65935e-09
threshold=1.0000000180025095e-35 2.5000000000000004 4.5000000000000009 13.250000000000002 1.0000000180025095e-35 1.0000000180025095e-35
decision_type=2 2 2 2 2 2
left_child=3 -2 -3 4 5 -1
right_child=1 2 -4 -5 -6 -7
leaf_value=-0.072522968253046993 0.08317781861493069 -0.073395316885890474 0.07578791302126256 -0.074019475114234623 -0.072968327905506739 -0.072489239324645127
leaf_weight=0.064424080774188042 0.21153007075190544 0.061398256570100784 0.13027449697256088 0.083818253129720688 0.055769624188542366 0.062943847849965096
leaf_count=3 2 2 2 2 2 3
internal_value=0.00515239 0.0569478 0.0280003 -0.0730779 -0.072647 -0.0725063
internal_weight=0.670159 0.403203 0.191673 0.266956 0.183138 0.127368
internal_count=16 6 4 10 8 6
is_linear=0
shrinkage=0.08


Tree=182
num_leaves=1
num_cat=0
split_feature=
split_gain=
threshold=
decision_type=
left_child=
right_child=
leaf_value=0
leaf_weight=
leaf_count=16
internal_value=
internal_weight=
internal_count=
is_linear=0
shrinkage=1


Tree=183
num_leaves=7
num_cat=0
split_feature=28 2 13 24 26 2
split_gain=0.407097 7.47562e-06 2.28061e-06 9.20105e-07 9.64749e-08 4.06247e-10
threshold=1.0000000180025095e-35 13.250000000000002 1.0000000180025095e-35 1.0000000180025095e-35 1.0000000180025095e-35 5.166666666666667
decision_type=2 2 2 2 2 2
left_child=1 2 3 4 -1 -6
right_child=-2 -3 -4 -5 5 -7
leaf_value=-0.072214994157574749 0.076200590364284351 -0.073389807842692237 -0.072894401198619063 -0.072568029074291579 -0.072070259518337759 -0.072056764827560543
leaf_weight=0.050801379606127739 0.21030233055353165 0.066773701459169388 0.047763455659151077 0.044233564287424088 0.02830571960657835 0.028807642869651318
leaf_count=3 3 2 2 2 2 2
internal_value=-0.00702615 -0.0726569 -0.0724121 -0.0722607 -0.0721348 -0.0720635
internal_weight=0.476988 0.266685 0.199912 0.152148 0.107915 0.0571134
internal_count=16 13 11 9 7 4
is_linear=0
shrinkage=0.08


Tree=184
num_leaves=7
num_cat=0
split_feature=29 2 13 24 1 2
split_gain=0.303645 2.69556e-06 8.37328e-07 3.34062e-07 4.5172e-08 2.20472e-09
threshold=1.0000000180025095e-35 13.250000000000002 1.0000000180025095e-35 1.0000000180025095e-35 2.5000000000000004 5.166666666666667
decision_type=2 2 2 2 2 2
left_child=1 2 3 4 -1 -6
right_child=-2 -3 -4 -5 5 -7
leaf_value=-0.071736443078250042 0.076890667816273517 -0.072693380827977411 -0.072352471111384611 -0.072124787694128015 -0.071878383802606735 -0.071846657528421523
leaf_weight=0.028356736060231924 0.15640761703252792 0.047249849885702133 0.033726924099028111 0.031155453994870186 0.023761429823935032 0.034187672659754753
leaf_count=3 2 2 2 2 2 3
internal_value=-0.00646531 -0.072166 -0.0720011 -0.0719002 -0.0718192 -0.0718597
internal_weight=0.354846 0.198438 0.151188 0.117461 0.0863058 0.0579491
internal_count=16 14 12 10 8 5
is_linear=0
shrinkage=0.08


Tree=185
num_leaves=1
num_cat=0
split_feature=
split_gain=
threshold=
decision_type=
left_child=
right_child=
leaf_value=0
leaf_weight=
leaf_count=16
internal_value=
internal_weight=
internal_count=
is_linear=0
shrinkage=1


Tree=186
num_leaves=7
num_cat=0
split_feature=0 24 24 0 2 2
split_gain=0.296453 0.207739 0.000351829 1.34806e-06 1.73168e-08 1.60864e-08
threshold=4.5000000000000009 1.0000000180025095e-35 1.0000000180025095e-35 3.5000000000000004 6.5000000000000009 6.5000000000000009
decision_type=2 2 2 2 2 2
left_child=2 4 3 -1 -2 -5
right_child=1 -3 -4 5 -6 -7
leaf_value=-0.072407180019979769 -0.072019419459109224 0.08165503779627184 -0.078735980707599226 -0.07187202988599023 -0.072098710521515841 -0.071782979147535966
leaf_weight=0.051345564424991608 0.042014464735984802 0.25283712893724442 0.098395675420761108 0.035346764139831066 0.030370145104825497 0.020519193261861801
leaf_count=3 3 2 1 3 2 2
internal_value=-9.14049e-05 0.0474443 -0.0752816 -0.0721113 -0.0720527 -0.0718393
internal_weight=0.530829 0.325222 0.205607 0.107212 0.0723846 0.055866
internal_count=16 7 9 8 5 5
is_linear=0
shrinkage=0.08


Tree=187
num_leaves=7
num_cat=0
split_feature=2 0 2 26 0 0
split_gain=0.255205 0.399236 3.04515e-06 1.00873e-07 6.71569e-08 1.47429e-07
threshold=5.166666666666667 3.5000000000000004 13.250000000000002 1.0000000180025095e-35 5.5000000000000009 4.5000000000000009
decision_type=2 2 2 2 2 2
left_child=-1 -2 3 4 5 -3
right_child=1 2 -4 -5 -6 -7
leaf_value=-0.080919552805393466 0.087008109241118792 -0.071857192395124378 -0.072860360998522083 -0.071787287953426052 -0.071868308528330468 -0.072123884098932209
leaf_weight=0.15594834741204977 0.32246851921081543 0.023118838667869568 0.026360819116234779 0.031177740544080734 0.035178748890757561 0.031128419563174248
leaf_count=3 2 2 1 3 3 2
internal_value=0.00774677 0.0372022 -0.0720814 -0.0719112 -0.0719544 -0.0720102
internal_weight=0.625381 0.469433 0.146965 0.120604 0.089426 0.0542473
internal_count=16 13 11 10 7 4
is_linear=0
shrinkage=0.08


Tree=188
num_leaves=7
num_cat=0
split_feature=16 2 13 24 26 28
split_gain=0.295054 2.70356e-06 8.40772e-07 3.36312e-07 5.79065e-08 7.16147e-10
threshold=1.0000000180025095e-35 13.250000000000002 1.0000000180025095e-35 1.0000000180025095e-35 1.0000000180025095e-35 1.0000000180025095e-35
decision_type=2 2 2 2 2 2
left_child=1 2 3 4 5 -1
right_child=-2 -3 -4 -5 -6 -7
leaf_value=-0.071874205970402047 0.076602617982261922 -0.072693918482874278 -0.072352719280598846 -0.072124764915187795 -0.071723357591104819 -0.071856142929790826
leaf_weight=0.023634801618754864 0.14973434805870056 0.047268664464354515 0.033725056797266006 0.031154871918261051 0.02792586013674736 0.034630419686436653
leaf_count=2 2 2 2 2 3 3
internal_value=-0.00816871 -0.0721659 -0.0720007 -0.0718995 -0.0718181 -0.0718635
internal_weight=0.348074 0.19834 0.151071 0.117346 0.0861911 0.0582652
internal_count=16 14 12 10 8 5
is_linear=0
shrinkage=0.08


Tree=189
num_leaves=8
num_cat=0
split_feature=24 2 0 1 2 2 0
split_gain=0.204184 0.000202514 9.3003e-08 1.5058e-09 1.71019e-10 2.54916e-10 2.67807e-14
threshold=1.0000000180025095e-35 13.250000000000002 3.5000000000000004 2.5000000000000004 5.166666666666667 6.5000000000000009 5.5000000000000009
decision_type=2 2 2 2 2 2 2
left_child=1 2 -1 -4 -5 6 -6
right_child=-2 -3 3 4 5 -7 -8
leaf_value=-0.071674395070268085 0.040634558264811937 -0.077418933948591701 -0.071413236478926251 -0.071457433983754912 -0.07144066872604414 -0.071455745936161455 -0.071440486517137164
leaf_weight=0.014069531112909317 0.28341120481491089 0.084192812442779541 0.0093100462108850479 0.010851929895579815 0.010326902382075787 0.010799571871757507 0.010322021320462227
leaf_count=2 3 1 2 2 2 2 2
internal_value=0.000698323 -0.0748216 -0.0714921 -0.0714424 -0.0714488 -0.0714458 -0.0714406
internal_weight=0.433284 0.149873 0.06568 0.0516105 0.0423004 0.0314485 0.0206489
internal_count=16 13 12 10 8 6 4
is_linear=0
shrinkage=0.08


Tree=190
num_leaves=7
num_cat=0
split_feature=26 1 0 2 24 2
split_gain=0.368368 0.0398458 0.125303 1.32154e-05 8.35391e-07 2.89957e-10
threshold=1.0000000180025095e-35 2.5000000000000004 4.5000000000000009 13.250000000000002 1.0000000180025095e-35 6.5000000000000009
decision_type=2 2 2 2 2 2
left_child=3 -2 -3 4 5 -1
right_child=1 2 -4 -5 -6 -7
leaf_value=-0.072317795552283903 0.081429454091157635 -0.073089359689213262 0.075145163939210197 -0.073726674579186385 -0.072719480320096175 -0.072325969591958514
leaf_weight=0.055365903303027153 0.18807818740606308 0.053615059703588486 0.11430076882243156 0.075621429830789566 0.048627205193042755 0.055731656029820442
leaf_count=3 2 2 2 2 2 3
internal_value=0.00480149 0.0561402 0.0278143 -0.0728554 -0.0724429 -0.0723219
internal_weight=0.59134 0.355994 0.167916 0.235346 0.159725 0.111098
internal_count=16 6 4 10 8 6
is_linear=0
shrinkage=0.08


Tree=191
num_leaves=1
num_cat=0
split_feature=
split_gain=
threshold=
decision_type=
left_child=
right_child=
leaf_value=0
leaf_weight=
leaf_count=16
internal_value=
internal_weight=
internal_count=
is_linear=0
shrinkage=1


Tree=192
num_leaves=7
num_cat=0
split_feature=28 2 13 24 26 2
split_gain=0.353564 5.966e-06 1.49227e-06 5.97827e-07 6.39129e-08 5.25425e-10
threshold=1.0000000180025095e-35 13.250000000000002 1.0000000180025095e-35 1.0000000180025095e-35 1.0000000180025095e-35 5.166666666666667
decision_type=2 2 2 2 2 2
left_child=1 2 3 4 -1 -6
right_child=-2 -3 -4 -5 5 -7
leaf_value=-0.072070115509855648 0.075499546441371884 -0.073163705271326096 -0.072657697949923397 -0.07237426154957935 -0.071946282246440132 -0.071929844438633789
leaf_weight=0.044311691075563431 0.1847168393433094 0.060231009498238564 0.041681523434817791 0.038555370643734932 0.024776851758360863 0.0250050975009799
leaf_count=3 3 2 2 2 2 2
internal_value=-0.00728478 -0.0724773 -0.0722401 -0.0721089 -0.0720002 -0.071938
internal_weight=0.419278 0.234562 0.174331 0.132649 0.0940936 0.0497819
internal_count=16 13 11 9 7 4
is_linear=0
shrinkage=0.08


Tree=193
num_leaves=7
num_cat=0
split_feature=29 2 13 24 1 2
split_gain=0.26372 2.15483e-06 5.50525e-07 2.18092e-07 2.99436e-08 1.47793e-09
threshold=1.0000000180025095e-35 13.250000000000002 1.0000000180025095e-35 1.0000000180025095e-35 2.5000000000000004 5.166666666666667
decision_type=2 2 2 2 2 2
left_child=1 2 3 4 -1 -6
right_child=-2 -3 -4 -5 5 -7
leaf_value=-0.071654377733569141 0.076090525440455553 -0.072538804004645116 -0.072189361640427371 -0.07199107689120475 -0.071778260679200956 -0.071750439841281516
leaf_weight=0.024706568568944931 0.13760293275117874 0.042609730735421181 0.02941899374127388 0.027145900763571262 0.020718282088637352 0.029795078560709953
leaf_count=3 2 2 2 2 2 3
internal_value=-0.0067111 -0.0720443 -0.0718844 -0.0717967 -0.0717266 -0.0717619
internal_weight=0.311997 0.174395 0.131785 0.102366 0.0752199 0.0505134
internal_count=16 14 12 10 8 5
is_linear=0
shrinkage=0.08


Tree=194
num_leaves=1
num_cat=0
split_feature=
split_gain=
threshold=
decision_type=
left_child=
right_child=
leaf_value=0
leaf_weight=
leaf_count=16
internal_value=
internal_weight=
internal_count=
is_linear=0
shrinkage=1


Tree=195
num_leaves=6
num_cat=0
split_feature=0 2 24 0 2
split_gain=0.267099 0.00883705 0.000258641 9.09183e-07 1.10453e-08
threshold=4.5000000000000009 7.5000000000000009 1.0000000180025095e-35 3.5000000000000004 6.5000000000000009
decision_type=2 2 2 2 2
left_child=2 -2 3 -1 -5
right_child=1 -3 -4 4 -6
leaf_value=-0.072242417590202057 0.035857604337473911 0.063831631079063283 -0.077981909765118873 -0.071772639498375701 -0.071693499122581633
leaf_weight=0.045072081033140421 0.16810533963143826 0.12677918747067451 0.090387672185897827 0.030814584344625473 0.017809899523854256
leaf_count=3 5 2 1 3 2
internal_value=0.00068305 0.0478844 -0.0749288 -0.0719836 -0.0717437
internal_weight=0.478969 0.294885 0.184084 0.0936966 0.0486245
internal_count=16 7 9 8 5
is_linear=0
shrinkage=0.08


Tree=196
num_leaves=7
num_cat=0
split_feature=2 0 2 26 0 0
split_gain=0.217959 0.342658 2.50135e-06 6.70046e-08 4.35504e-08 9.61832e-08
threshold=5.166666666666667 3.5000000000000004 13.250000000000002 1.0000000180025095e-35 5.5000000000000009 4.5000000000000009
decision_type=2 2 2 2 2 2
left_child=-1 -2 3 4 5 -3
right_child=1 2 -4 -5 -6 -7
leaf_value=-0.079515686637431582 0.084666245913707722 -0.071759534903260994 -0.07270864900473159 -0.071697722674034778 -0.07176953381094936 -0.071990293374078279
leaf_weight=0.13808038644492626 0.28991098701953888 0.020147466100752354 0.02417517825961113 0.027094295248389244 0.030674095265567303 0.027122325263917446
leaf_count=3 2 2 1 3 3 2
internal_value=0.00765606 0.0363748 -0.071975 -0.0718061 -0.0718438 -0.0718919
internal_weight=0.557205 0.419124 0.129213 0.105038 0.0779439 0.0472698
internal_count=16 13 11 10 7 4
is_linear=0
shrinkage=0.08


Tree=197
num_leaves=7
num_cat=0
split_feature=16 2 13 24 26 28
split_gain=0.256103 2.16059e-06 5.52745e-07 2.19543e-07 3.84049e-08 4.91389e-10
threshold=1.0000000180025095e-35 13.250000000000002 1.0000000180025095e-35 1.0000000180025095e-35 1.0000000180025095e-35 1.0000000180025095e-35
decision_type=2 2 2 2 2 2
left_child=1 2 3 4 5 -1
right_child=-2 -3 -4 -5 -6 -7
leaf_value=-0.071774721453955498 0.075837378140136288 -0.072539264089612643 -0.072189575925208277 -0.071991063823682019 -0.071642962620877895 -0.071758697047737019
leaf_weight=0.020610506646335125 0.13148277997970581 0.042626459151506424 0.029417377896606922 0.027145391330122948 0.02432917058467865 0.030182818882167339
leaf_count=2 2 2 2 2 3 3
internal_value=-0.00845942 -0.0720442 -0.071884 -0.0717961 -0.0717256 -0.0717652
internal_weight=0.305795 0.174312 0.131685 0.102268 0.0751225 0.0507933
internal_count=16 14 12 10 8 5
is_linear=0
shrinkage=0.08


Tree=198
num_leaves=8
num_cat=0
split_feature=2 24 0 2 2 2 0
split_gain=0.190237 3.85683e-05 6.14191e-08 7.35284e-10 1.47259e-10 9.63615e-11 5.4963e-14
threshold=13.250000000000002 1.0000000180025095e-35 3.5000000000000004 7.5000000000000009 5.166666666666667 6.5000000000000009 5.5000000000000009
decision_type=2 2 2 2 2 2 2
left_child=1 2 -1 4 -4 6 -6
right_child=-2 -3 3 -5 5 -7 -8
leaf_value=-0.071600843642529513 0.041584230798541365 -0.07411492852134037 -0.071412413503921246 -0.071377283521644561 -0.071397544339345684 -0.071407437593141554 -0.071397264477108383
leaf_weight=0.012286192504689097 0.25800555199384689 0.087354432791471481 0.0094530843198299408 0.0081775316502898932 0.0089861913584172726 0.0092970561236143112 0.0089784464798867702
leaf_count=2 2 2 2 2 2 2 2
internal_value=0.000421644 -0.0730576 -0.0714424 -0.071399 -0.0714038 -0.0714008 -0.0713974
internal_weight=0.402538 0.144533 0.0571785 0.0448923 0.0367148 0.0272617 0.0179646
internal_count=16 14 12 10 8 6 4
is_linear=0
shrinkage=0.08


Tree=199
num_leaves=7
num_cat=0
split_feature=26 1 0 2 24 2
split_gain=0.322787 0.0327111 0.109087 1.00805e-05 6.92821e-07 1.65342e-10
threshold=1.0000000180025095e-35 2.5000000000000004 4.5000000000000009 13.250000000000002 1.0000000180025095e-35 6.5000000000000009
decision_type=2 2 2 2 2 2
left_child=3 -2 -3 4 5 -1
right_child=1 2 -4 -5 -6 -7
leaf_value=-0.072157801201542568 0.07995186313314824 -0.072824741604655949 0.074673329947653425 -0.073466111230356901 -0.072545395159793261 -0.072164414722715051
leaf_weight=0.04823756217956543 0.16665993630886078 0.046777276322245598 0.10221128910779953 0.068181635811924934 0.043534945696592331 0.048537092283368111
leaf_count=3 2 2 2 2 2 3
internal_value=0.00457897 0.055602 0.028364 -0.0726681 -0.0722804 -0.0721611
internal_weight=0.52414 0.315649 0.148989 0.208491 0.14031 0.0967747
internal_count=16 6 4 10 8 6
is_linear=0
shrinkage=0.08


Tree=200
num_leaves=1
num_cat=0
split_feature=
split_gain=
threshold=
decision_type=
left_child=
right_child=
leaf_value=0
leaf_weight=
leaf_count=16
internal_value=
internal_weight=
internal_count=
is_linear=0
shrinkage=1


Tree=201
num_leaves=7
num_cat=0
split_feature=28 2 13 24 26 2
split_gain=0.309051 4.66549e-06 9.32368e-07 4.80251e-07 4.1834e-08 5.66336e-10
threshold=1.0000000180025095e-35 13.250000000000002 1.0000000180025095e-35 1.0000000180025095e-35 1.0000000180025095e-35 5.166666666666667
decision_type=2 2 2 2 2 2
left_child=1 2 3 4 -1 -6
right_child=-2 -3 -4 -5 5 -7
leaf_value=-0.071943325888304197 0.074927635345810331 -0.072961907255097824 -0.072452369025054128 -0.07223850572851355 -0.071837958804787883 -0.071819671331536078
leaf_weight=0.038588762283325195 0.16303583234548569 0.054295787587761879 0.036332813091576099 0.034511759877204895 0.021661194041371346 0.021690592169761658
leaf_count=3 3 2 2 2 2 2
internal_value=-0.00746041 -0.0723249 -0.0720986 -0.0719882 -0.0718827 -0.0718288
internal_weight=0.370117 0.207081 0.152785 0.116452 0.0819405 0.0433518
internal_count=16 13 11 9 7 4
is_linear=0
shrinkage=0.08


Tree=202
num_leaves=7
num_cat=0
split_feature=29 2 0 24 1 0
split_gain=0.23256 1.68919e-06 3.10842e-07 1.58791e-07 5.56754e-09 1.70074e-09
threshold=1.0000000180025095e-35 13.250000000000002 3.5000000000000004 1.0000000180025095e-35 2.5000000000000004 4.5000000000000009
decision_type=2 2 2 2 2 2
left_child=1 2 -1 4 -4 -6
right_child=-2 -3 3 -5 5 -7
leaf_value=-0.07204859372654801 0.075507106378182323 -0.072400402379352219 -0.071616747255089139 -0.071897263433193553 -0.071685423647816951 -0.071656561475435629
leaf_weight=0.023349316325038671 0.12335999310016632 0.038402825593948364 0.015483342576771975 0.02429431676864624 0.026817237958312035 0.025482856668531895
leaf_count=2 2 2 2 2 3 3
internal_value=-0.0063209 -0.0719408 -0.0717879 -0.0717218 -0.0716589 -0.0716714
internal_weight=0.27719 0.15383 0.115427 0.0920778 0.0677834 0.0523001
internal_count=16 14 12 10 8 6
is_linear=0
shrinkage=0.08


Tree=203
num_leaves=1
num_cat=0
split_feature=
split_gain=
threshold=
decision_type=
left_child=
right_child=
leaf_value=0
leaf_weight=
leaf_count=16
internal_value=
internal_weight=
internal_count=
is_linear=0
shrinkage=1


Tree=204
num_leaves=7
num_cat=0
split_feature=0 24 24 0 2 2
split_gain=0.237013 0.172333 0.000190636 6.10628e-07 1.51474e-08 7.51776e-09
threshold=4.5000000000000009 1.0000000180025095e-35 1.0000000180025095e-35 3.5000000000000004 6.5000000000000009 6.5000000000000009
decision_type=2 2 2 2 2 2
left_child=2 4 3 -1 -2 -5
right_child=1 -3 -4 5 -6 -7
leaf_value=-0.072097846209024805 -0.07187439661604024 0.079783576073660184 -0.077313345866786509 -0.071686050442671234 -0.071954772927977986 -0.071616015963782836
leaf_weight=0.039504341315478086 0.035448385402560234 0.21764031052589417 0.083009764552116394 0.026845741085708141 0.026020897552371025 0.015457686968147755
leaf_count=3 3 2 1 3 2 2
internal_value=0.00145641 0.0463759 -0.0746124 -0.0718717 -0.0719084 -0.0716605
internal_weight=0.443927 0.27911 0.164818 0.0818078 0.0614693 0.0423034
internal_count=16 7 9 8 5 5
is_linear=0
shrinkage=0.08


Tree=205
num_leaves=7
num_cat=0
split_feature=2 0 2 26 0 0
split_gain=0.185884 0.296066 2.01299e-06 5.11944e-08 3.70721e-08 7.8462e-08
threshold=5.166666666666667 3.5000000000000004 13.250000000000002 1.0000000180025095e-35 5.5000000000000009 4.5000000000000009
decision_type=2 2 2 2 2 2
left_child=-1 -2 3 4 5 -3
right_child=1 2 -4 -5 -6 -7
leaf_value=-0.078324777856257535 0.082697980875369254 -0.071674517583021527 -0.072570587878962312 -0.071619593919780636 -0.071682726280060546 -0.071896564802444815
leaf_weight=0.12191571854054928 0.25937637686729431 0.017547351308166981 0.022170009091496468 0.023522716946899891 0.026694497093558311 0.02427320834249258
leaf_count=3 2 2 1 3 3 2
internal_value=0.00744886 0.0354403 -0.0718863 -0.0717214 -0.0717564 -0.0718034
internal_weight=0.4955 0.373584 0.114208 0.0920378 0.0685151 0.0418206
internal_count=16 13 11 10 7 4
is_linear=0
shrinkage=0.08


Tree=206
num_leaves=7
num_cat=0
split_feature=16 2 13 24 26 28
split_gain=0.222796 1.69369e-06 3.48562e-07 1.76502e-07 2.52975e-08 3.07647e-10
threshold=1.0000000180025095e-35 13.250000000000002 1.0000000180025095e-35 1.0000000180025095e-35 1.0000000180025095e-35 1.0000000180025095e-35
decision_type=2 2 2 2 2 2
left_child=1 2 3 4 5 -1
right_child=-2 -3 -4 -5 -6 -7
leaf_value=-0.071687228465197234 0.075183261241369981 -0.072400788273293479 -0.07204764294835353 -0.07189724954653344 -0.071572814420334904 -0.071673638355434263
leaf_weight=0.017936808988451958 0.11526520177721977 0.038417678326368332 0.025632383301854134 0.024293861351907253 0.021175066009163857 0.026280445978045464
leaf_count=2 2 2 2 2 3 3
internal_value=-0.00889915 -0.0719407 -0.0717875 -0.0717131 -0.0716447 -0.0716792
internal_weight=0.269001 0.153736 0.115319 0.0896862 0.0653923 0.0442173
internal_count=16 14 12 10 8 5
is_linear=0
shrinkage=0.08


Tree=207
num_leaves=8
num_cat=0
split_feature=2 24 0 2 2 2 0
split_gain=0.161222 2.52163e-05 4.04349e-08 4.98388e-10 9.80115e-11 6.39854e-11 1.98869e-14
threshold=13.250000000000002 1.0000000180025095e-35 3.5000000000000004 7.5000000000000009 5.166666666666667 6.5000000000000009 5.5000000000000009
decision_type=2 2 2 2 2 2 2
left_child=1 2 -1 4 -4 6 -6
right_child=-2 -3 3 -5 5 -7 -8
leaf_value=-0.071536764930270252 0.038576454351856179 -0.073712649719800849 -0.071373139464602095 -0.071342182790704367 -0.07136010892953959 -0.071368781786192298 -0.071359928478560014
leaf_weight=0.010719270212575793 0.24379046261310577 0.076479960232973099 0.0082299155183136463 0.0070985339116305104 0.0078199615236371756 0.0080930953845381737 0.0078150359913706779
leaf_count=2 2 2 2 2 2 2 2
internal_value=0.000575824 -0.0728006 -0.0713991 -0.0713614 -0.0713656 -0.071363 -0.07136
internal_weight=0.370046 0.126256 0.0497758 0.0390565 0.031958 0.0237281 0.015635
internal_count=16 14 12 10 8 6 4
is_linear=0
shrinkage=0.08


Tree=208
num_leaves=7
num_cat=0
split_feature=26 1 0 2 24 2
split_gain=0.280578 0.0275123 0.0942941 7.68303e-06 4.64181e-07 1.12463e-10
threshold=1.0000000180025095e-35 2.5000000000000004 4.5000000000000009 13.250000000000002 1.0000000180025095e-35 6.5000000000000009
decision_type=2 2 2 2 2 2
left_child=3 -2 -3 4 5 -1
right_child=1 2 -4 -5 -6 -7
leaf_value=-0.072019332561166993 0.07869857040655448 -0.072595785314173544 0.074187954305815804 -0.073225136415868392 -0.072358838089564753 -0.072025176560289936
leaf_weight=0.042017172090709209 0.14724918454885483 0.040780341252684593 0.089443132281303406 0.061147458851337433 0.038065975531935692 0.042283826507627964
leaf_count=3 2 2 2 2 2 3
internal_value=0.0042516 0.0550087 0.0282217 -0.0724929 -0.072127 -0.0720223
internal_weight=0.460987 0.277473 0.130223 0.183514 0.122367 0.084301
internal_count=16 6 4 10 8 6
is_linear=0
shrinkage=0.08


Tree=209
num_leaves=1
num_cat=0
split_feature=
split_gain=
threshold=
decision_type=
left_child=
right_child=
leaf_value=0
leaf_weight=
leaf_count=16
internal_value=
internal_weight=
internal_count=
is_linear=0
shrinkage=1


Tree=210
num_leaves=7
num_cat=0
split_feature=28 2 13 24 26 2
split_gain=0.268552 3.6171e-06 6.05348e-07 3.21605e-07 2.75917e-08 5.01524e-10
threshold=1.0000000180025095e-35 13.250000000000002 1.0000000180025095e-35 1.0000000180025095e-35 1.0000000180025095e-35 5.166666666666667
decision_type=2 2 2 2 2 2
left_child=1 2 3 4 -1 -6
right_child=-2 -3 -4 -5 5 -7
leaf_value=-0.071833860575286068 0.074406828173744291 -0.072774757836334636 -0.072274388000382245 -0.072092708134056341 -0.071743401867771089 -0.071724958237836894
leaf_weight=0.033615266904234886 0.14276424422860146 0.048686020076274872 0.031660269945859909 0.030168828554451466 0.018917251843959093 0.018826194107532501
leaf_count=3 3 2 2 2 2 2
internal_value=-0.00771896 -0.0721847 -0.071969 -0.0718737 -0.0717811 -0.0717342
internal_weight=0.324638 0.181874 0.133188 0.101528 0.0713587 0.0377434
internal_count=16 13 11 9 7 4
is_linear=0
shrinkage=0.08


Tree=211
num_leaves=7
num_cat=0
split_feature=29 2 0 24 1 0
split_gain=0.202082 1.31168e-06 2.02824e-07 1.06948e-07 3.79232e-09 1.12109e-09
threshold=1.0000000180025095e-35 13.250000000000002 3.5000000000000004 1.0000000180025095e-35 2.5000000000000004 4.5000000000000009
decision_type=2 2 2 2 2 2
left_child=1 2 -1 4 -4 -6
right_child=-2 -3 3 -5 5 -7
leaf_value=-0.071924918922173606 0.074904643837206505 -0.072271654354100434 -0.071549512834047341 -0.071796250205067635 -0.071610113970517059 -0.071584999818212924
leaf_weight=0.020379546098411083 0.1081729382276535 0.03442793246358633 0.013437542133033276 0.021231342107057571 0.023349597584456205 0.022183636203408241
leaf_count=2 2 2 2 2 3 3
internal_value=-0.00656778 -0.0718454 -0.0716996 -0.0716423 -0.0715869 -0.0715979
internal_weight=0.243183 0.13501 0.100582 0.0802021 0.0589708 0.0455332
internal_count=16 14 12 10 8 6
is_linear=0
shrinkage=0.08


Tree=212
num_leaves=1
num_cat=0
split_feature=
split_gain=
threshold=
decision_type=
left_child=
right_child=
leaf_value=0
leaf_weight=
leaf_count=16
internal_value=
internal_weight=
internal_count=
is_linear=0
shrinkage=1


Tree=213
num_leaves=7
num_cat=0
split_feature=0 24 24 0 2 2
split_gain=0.207977 0.147995 0.000139579 4.01159e-07 1.00044e-08 5.0825e-09
threshold=4.5000000000000009 1.0000000180025095e-35 1.0000000180025095e-35 3.5000000000000004 6.5000000000000009 6.5000000000000009
decision_type=2 2 2 2 2 2
left_child=2 4 3 -1 -2 -5
right_child=1 -3 -4 5 -6 -7
leaf_value=-0.071967963733586895 -0.071773842005920074 0.078556057931692985 -0.076700290611101812 -0.071610659308444222 -0.071843834627274866 -0.071548883092808963
leaf_weight=0.034468765370547771 0.030864574015140533 0.19270987808704376 0.076005324721336365 0.023374428041279316 0.022668909281492233 0.013415307272225618
leaf_count=3 3 2 1 3 2 2
internal_value=0.000891095 0.0458678 -0.0743155 -0.0717719 -0.0718035 -0.0715881
internal_weight=0.393507 0.246243 0.147264 0.0712585 0.0535335 0.0367897
internal_count=16 7 9 8 5 5
is_linear=0
shrinkage=0.08


Tree=214
num_leaves=7
num_cat=0
split_feature=2 0 2 26 0 0
split_gain=0.162668 0.258742 1.61292e-06 3.44888e-08 2.49567e-08 5.28295e-08
threshold=5.166666666666667 3.5000000000000004 13.250000000000002 1.0000000180025095e-35 5.5000000000000009 4.5000000000000009
decision_type=2 2 2 2 2 2
left_child=-1 -2 3 4 5 -3
right_child=1 2 -4 -5 -6 -7
leaf_value=-0.077311536199585057 0.08146824349944129 -0.071600520333205395 -0.072440754907831875 -0.071552284567118096 -0.071607908404723447 -0.071795647560783285
leaf_weight=0.10738336481153965 0.23638375103473663 0.015274290461093187 0.020270323380827904 0.020434439182281494 0.023248922545462847 0.021212882362306118
leaf_count=3 2 2 1 3 3 2
internal_value=0.00842808 0.0357628 -0.0718032 -0.071642 -0.0716727 -0.071714
internal_weight=0.444208 0.336825 0.100441 0.0801705 0.0597361 0.0364872
internal_count=16 13 11 10 7 4
is_linear=0
shrinkage=0.08


Tree=215
num_leaves=7
num_cat=0
split_feature=16 2 13 24 26 28
split_gain=0.193517 1.31485e-06 2.27278e-07 1.18557e-07 1.66921e-08 2.09747e-10
threshold=1.0000000180025095e-35 13.250000000000002 1.0000000180025095e-35 1.0000000180025095e-35 1.0000000180025095e-35 1.0000000180025095e-35
decision_type=2 2 2 2 2 2
left_child=1 2 3 4 5 -1
right_child=-2 -3 -4 -5 -6 -7
leaf_value=-0.071611846508620056 0.074622964977273276 -0.072271977804235693 -0.071924303094440187 -0.071796240062967545 -0.071512119203659283 -0.071599821609013209
leaf_weight=0.015622670296579599 0.10090389847755432 0.034441010095179081 0.02232834417372942 0.021230943500995636 0.018429276067763567 0.022879116237163544
leaf_count=2 2 2 2 2 3 3
internal_value=-0.0091778 -0.0718454 -0.0716992 -0.0716349 -0.0715747 -0.0716047
internal_weight=0.235835 0.134931 0.10049 0.078162 0.0569311 0.0385018
internal_count=16 14 12 10 8 5
is_linear=0
shrinkage=0.08


Tree=216
num_leaves=8
num_cat=0
split_feature=24 2 0 1 2 2 0
split_gain=0.151421 0.000100787 2.65299e-08 4.69876e-10 5.26578e-11 7.54746e-11 6.68909e-15
threshold=1.0000000180025095e-35 13.250000000000002 3.5000000000000004 2.5000000000000004 5.166666666666667 6.5000000000000009 5.5000000000000009
decision_type=2 2 2 2 2 2 2
left_child=1 2 -1 -4 -5 6 -6
right_child=-2 -3 3 4 5 -7 -8
leaf_value=-0.071480821533516009 0.038641490584439178 -0.076260450239911889 -0.071308445522537109 -0.0713389010269804 -0.071327506223358969 -0.071337615902690582 -0.071327394021272583
leaf_weight=0.0093421842902898788 0.225972980260849 0.070834144949913025 0.0060819017235189668 0.0071615253109484902 0.0068022131454199553 0.0071213580667972556 0.0067993116099387407
leaf_count=2 3 1 2 2 2 2 2
internal_value=0.000704269 -0.0744016 -0.0713614 -0.0713286 -0.071333 -0.0713309 -0.0713275
internal_weight=0.340116 0.114143 0.0433085 0.0339663 0.0278844 0.0207229 0.0136015
internal_count=16 13 12 10 8 6 4
is_linear=0
shrinkage=0.08


Tree=217
num_leaves=7
num_cat=0
split_feature=26 1 0 2 24 2
split_gain=0.244101 0.0232255 0.0815308 5.88442e-06 3.09875e-07 7.62002e-11
threshold=1.0000000180025095e-35 2.5000000000000004 4.5000000000000009 13.250000000000002 1.0000000180025095e-35 6.5000000000000009
decision_type=2 2 2 2 2 2
left_child=3 -2 -3 4 5 -1
right_child=1 2 -4 -5 -6 -7
leaf_value=-0.071899147142363173 0.077632444778358942 -0.072397144376029968 0.073770245876059071 -0.073013125759538583 -0.072196125116792256 -0.071904302619445415
leaf_weight=0.03657891321927309 0.12977371923625469 0.035519502125680447 0.07817826047539711 0.05486176535487175 0.033249722793698311 0.036815517581999302
leaf_count=3 2 2 2 2 2 3
internal_value=0.00391887 0.0545048 0.0281071 -0.0723399 -0.0719935 -0.0719017
internal_weight=0.404977 0.243471 0.113698 0.161506 0.106644 0.0733944
internal_count=16 6 4 10 8 6
is_linear=0
shrinkage=0.08


Tree=218
num_leaves=1
num_cat=0
split_feature=
split_gain=
threshold=
decision_type=
left_child=
right_child=
leaf_value=0
leaf_weight=
leaf_count=16
internal_value=
internal_weight=
internal_count=
is_linear=0
shrinkage=1


Tree=219
num_leaves=7
num_cat=0
split_feature=28 2 13 24 26 2
split_gain=0.23345 2.8155e-06 3.92294e-07 2.14609e-07 1.81667e-08 4.12187e-10
threshold=1.0000000180025095e-35 13.250000000000002 1.0000000180025095e-35 1.0000000180025095e-35 1.0000000180025095e-35 5.166666666666667
decision_type=2 2 2 2 2 2
left_child=1 2 3 4 -1 -6
right_child=-2 -3 -4 -5 5 -7
leaf_value=-0.071738693336847445 0.073958826460434376 -0.072609709602568823 -0.072119653082847388 -0.071965341247781783 -0.07166093488187808 -0.071643010732090423
leaf_weight=0.029266491532325745 0.12485571205615997 0.043675502762198448 0.027564818970859051 0.026346038095653057 0.016505788546055555 0.01633913442492485
leaf_count=3 3 2 2 2 2 2
internal_value=-0.00799145 -0.0720622 -0.0718561 -0.071774 -0.0716929 -0.071652
internal_weight=0.284553 0.159698 0.116022 0.0884575 0.0621114 0.0328449
internal_count=16 13 11 9 7 4
is_linear=0
shrinkage=0.08


Tree=220
num_leaves=7
num_cat=0
split_feature=29 2 0 24 1 0
split_gain=0.175666 1.02218e-06 1.31987e-07 7.17249e-08 2.56479e-09 7.37732e-10
threshold=1.0000000180025095e-35 13.250000000000002 3.5000000000000004 1.0000000180025095e-35 2.5000000000000004 4.5000000000000009
decision_type=2 2 2 2 2 2
left_child=1 2 -1 4 -4 -6
right_child=-2 -3 3 -5 5 -7
leaf_value=-0.071817197667802118 0.074387054566517605 -0.072157821570453223 -0.071491257272655553 -0.071707850818418795 -0.071544579828364735 -0.071522740453944855
leaf_weight=0.017767614684998989 0.09471825510263443 0.030879474245011806 0.011661522556096315 0.018536606803536415 0.02032023947685957 0.019302534405142069
leaf_count=2 2 2 2 2 3 3
internal_value=-0.00682827 -0.0717621 -0.0716225 -0.071573 -0.0715242 -0.0715339
internal_weight=0.213186 0.118468 0.0875885 0.0698209 0.0512843 0.0396228
internal_count=16 14 12 10 8 6
is_linear=0
shrinkage=0.08


Tree=221
num_leaves=1
num_cat=0
split_feature=
split_gain=
threshold=
decision_type=
left_child=
right_child=
leaf_value=0
leaf_weight=
leaf_count=16
internal_value=
internal_weight=
internal_count=
is_linear=0
shrinkage=1


Tree=222
num_leaves=7
num_cat=0
split_feature=0 24 24 0 2 2
split_gain=0.182683 0.127276 0.000102502 2.63059e-07 6.59575e-09 3.41601e-09
threshold=4.5000000000000009 1.0000000180025095e-35 1.0000000180025095e-35 3.5000000000000004 6.5000000000000009 6.5000000000000009
decision_type=2 2 2 2 2 2
left_child=2 4 3 -1 -2 -5
right_child=1 -3 -4 5 -6 -7
leaf_value=-0.071854922007415931 -0.071686464103576472 0.077511598283686492 -0.076157166385813033 -0.071545050865636395 -0.071747376089886072 -0.07149071297207478
leaf_weight=0.030047085136175156 0.026860295794904232 0.17016175389289856 0.069601789116859436 0.020341859664767981 0.019737598486244678 0.011642249301075935
leaf_count=3 3 2 1 3 2 2
internal_value=0.000288442 0.0454322 -0.0740497 -0.0716849 -0.0717123 -0.0715253
internal_weight=0.348393 0.21676 0.131633 0.0620312 0.0465979 0.0319841
internal_count=16 7 9 8 5 5
is_linear=0
shrinkage=0.08


Tree=223
num_leaves=8
num_cat=0
split_feature=27 13 0 2 26 0 0
split_gain=0.145128 0.181357 0.000198908 1.29067e-06 2.40443e-08 1.67286e-08 3.54156e-08
threshold=1.0000000180025095e-35 1.0000000180025095e-35 3.5000000000000004 13.250000000000002 1.0000000180025095e-35 5.5000000000000009 4.5000000000000009
decision_type=2 2 2 2 2 2 2
left_child=1 2 -1 4 5 6 -4
right_child=-2 -3 3 -5 -6 -7 -8
leaf_value=-0.077206218652532049 0.075397672675328167 0.0665947099601438 -0.071536163161915592 -0.072323302914180265 -0.071491597578397029 -0.071542774759567301 -0.071707317269405255
leaf_weight=0.081802576780319214 0.13896747771650553 0.08898403262719512 0.013289604336023331 0.018539818003773689 0.017655447125434875 0.020237443037331104 0.018520481884479523
leaf_count=1 2 2 2 1 3 3 2
internal_value=0.00944319 -0.0259409 -0.0743644 -0.0717301 -0.0715723 -0.0715996 -0.0716358
internal_weight=0.397997 0.259029 0.170045 0.0882428 0.069703 0.0520475 0.0318101
internal_count=16 14 12 11 10 7 4
is_linear=0
shrinkage=0.08


Tree=224
num_leaves=7
num_cat=0
split_feature=16 2 13 24 26 28
split_gain=0.168157 1.02444e-06 1.4784e-07 7.93177e-08 1.09926e-08 1.41966e-10
threshold=1.0000000180025095e-35 13.250000000000002 1.0000000180025095e-35 1.0000000180025095e-35 1.0000000180025095e-35 1.0000000180025095e-35
decision_type=2 2 2 2 2 2
left_child=1 2 3 4 5 -1
right_child=-2 -3 -4 -5 -6 -7
leaf_value=-0.071546211394769105 0.074142189414871343 -0.072158098013552094 -0.07181683399811567 -0.071707836098560795 -0.071459365418028872 -0.071535607329102247
leaf_weight=0.013599826488643885 0.0882231704890728 0.030890985392034054 0.019434249028563499 0.018536259420216084 0.016032676212489605 0.019908565562218428
leaf_count=2 2 2 2 2 3 3
internal_value=-0.00946518 -0.071762 -0.0716222 -0.0715667 -0.0715138 -0.0715399
internal_weight=0.206626 0.118403 0.0875116 0.0680773 0.0495411 0.0335084
internal_count=16 14 12 10 8 5
is_linear=0
shrinkage=0.08


Tree=225
num_leaves=8
num_cat=0
split_feature=24 2 0 1 2 2 0
split_gain=0.128865 6.65e-05 1.86676e-08 3.15101e-10 3.40797e-11 5.07487e-11 3.46945e-18
threshold=1.0000000180025095e-35 13.250000000000002 3.5000000000000004 2.5000000000000004 5.166666666666667 6.5000000000000009 5.5000000000000009
decision_type=2 2 2 2 2 2 2
left_child=1 2 -1 -4 -5 6 -6
right_child=-2 -3 3 4 5 -7 -8
leaf_value=-0.071436404782701801 0.036028925643752208 -0.075581356738471786 -0.071282327686988473 -0.071309001350422022 -0.071299061791100821 -0.071308001492886658 -0.071299064973081194
leaf_weight=0.0082123749889433384 0.21239284425973892 0.062602542340755463 0.005277019925415515 0.0062266516033560029 0.0059126312844455242 0.0061953084077686063 0.0059132799506187439
leaf_count=2 3 1 2 2 2 2 2
internal_value=0.000731975 -0.0739823 -0.0713297 -0.0713 -0.0713039 -0.0713021 -0.0712991
internal_weight=0.312733 0.10034 0.0377373 0.0295249 0.0242479 0.0180212 0.0118259
internal_count=16 13 12 10 8 6 4
is_linear=0
shrinkage=0.08


Tree=226
num_leaves=7
num_cat=0
split_feature=26 1 0 2 24 2
split_gain=0.212681 0.0196923 0.0712003 4.54931e-06 2.01109e-07 5.58255e-11
threshold=1.0000000180025095e-35 2.5000000000000004 4.5000000000000009 13.250000000000002 1.0000000180025095e-35 6.5000000000000009
decision_type=2 2 2 2 2 2
left_child=3 -2 -3 4 5 -1
right_child=1 2 -4 -5 -6 -7
leaf_value=-0.071794644377492042 0.076719572077093526 -0.072238450704656482 0.073437372371740736 -0.072826670812628599 -0.072051282959383484 -0.071799375081935055
leaf_weight=0.031820854172110558 0.11408162675797939 0.03117139358073473 0.069012798368930817 0.049395425245165825 0.028926284983754158 0.032038716599345207
leaf_count=3 2 2 2 2 2 3
internal_value=0.00365337 0.053992 0.0281117 -0.0722065 -0.0718763 -0.071797
internal_weight=0.356447 0.214266 0.100184 0.142181 0.0927859 0.0638596
internal_count=16 6 4 10 8 6
is_linear=0
shrinkage=0.08


Tree=227
num_leaves=1
num_cat=0
split_feature=
split_gain=
threshold=
decision_type=
left_child=
right_child=
leaf_value=0
leaf_weight=
leaf_count=16
internal_value=
internal_weight=
internal_count=
is_linear=0
shrinkage=1


Tree=228
num_leaves=7
num_cat=0
split_feature=28 2 13 24 26 2
split_gain=0.203169 2.19147e-06 2.76012e-07 1.39706e-07 1.18944e-08 3.21667e-10
threshold=1.0000000180025095e-35 13.250000000000002 1.0000000180025095e-35 1.0000000180025095e-35 1.0000000180025095e-35 5.166666666666667
decision_type=2 2 2 2 2 2
left_child=1 2 3 4 -1 -6
right_child=-2 -3 -4 -5 5 -7
leaf_value=-0.071655832798833863 0.073573017786917522 -0.072464206344457868 -0.071996122034814952 -0.071851796218578179 -0.071589064368678568 -0.071572086719874306
leaf_weight=0.025461246259510517 0.10907462239265442 0.039319251663982868 0.024181942921131849 0.022915732115507126 0.014390457887202501 0.014179856982082129
leaf_count=3 3 2 2 2 2 2
internal_value=-0.00834135 -0.0719574 -0.0717604 -0.0716863 -0.0716161 -0.0715806
internal_weight=0.249523 0.140448 0.101129 0.0769473 0.0540316 0.0285703
internal_count=16 13 11 9 7 4
is_linear=0
shrinkage=0.08


Tree=229
num_leaves=7
num_cat=0
split_feature=29 2 0 24 1 0
split_gain=0.152872 7.96638e-07 9.37773e-08 4.68676e-08 1.71616e-09 4.83632e-10
threshold=1.0000000180025095e-35 13.250000000000002 3.5000000000000004 1.0000000180025095e-35 2.5000000000000004 4.5000000000000009
decision_type=2 2 2 2 2 2
left_child=1 2 -1 4 -4 -6
right_child=-2 -3 3 -5 5 -7
leaf_value=-0.071731792086150034 0.073941800374286312 -0.07205722922286803 -0.071440765917048413 -0.071628906527365213 -0.071487474470731033 -0.071468512327751879
leaf_weight=0.015622117556631565 0.082833066582679749 0.02779548242688179 0.010119781829416752 0.016119557432830334 0.017671424429863691 0.016784781124442816
leaf_count=2 2 2 2 2 3 3
internal_value=-0.00716303 -0.0716905 -0.071557 -0.071512 -0.0714697 -0.0714782
internal_weight=0.186946 0.104113 0.0763177 0.0606955 0.044576 0.0344562
internal_count=16 14 12 10 8 6
is_linear=0
shrinkage=0.08


Tree=230
num_leaves=1
num_cat=0
split_feature=
split_gain=
threshold=
decision_type=
left_child=
right_child=
leaf_value=0
leaf_weight=
leaf_count=16
internal_value=
internal_weight=
internal_count=
is_linear=0
shrinkage=1


Tree=231
num_leaves=6
num_cat=0
split_feature=0 2 24 0 2
split_gain=0.16549 0.00484391 7.50032e-05 1.83316e-07 2.27509e-09
threshold=4.5000000000000009 7.5000000000000009 1.0000000180025095e-35 3.5000000000000004 6.5000000000000009
decision_type=2 2 2 2 2
left_child=2 -2 3 -1 -5
right_child=1 -3 -4 4 -6
leaf_value=-0.071764839817375053 0.035298528585221457 0.060719611223075343 -0.075663364634278557 -0.07148788281554512 -0.07144029830864497
leaf_weight=0.026439813897013664 0.11229656962677836 0.083748691715300083 0.063612863421440125 0.017690228763967752 0.01010307390242815
leaf_count=3 5 2 1 3 2
internal_value=0.00112165 0.0461582 -0.0737999 -0.071614 -0.0714706
internal_weight=0.313891 0.196045 0.117846 0.0542331 0.0277933
internal_count=16 7 9 8 5
is_linear=0
shrinkage=0.08


Tree=232
num_leaves=7
num_cat=0
split_feature=0 2 22 0 0 26
split_gain=0.123585 1.05866e-06 1.44884e-08 8.60513e-09 1.40942e-08 3.43665e-09
threshold=3.5000000000000004 13.250000000000002 1.0000000180025095e-35 4.5000000000000009 5.5000000000000009 1.0000000180025095e-35
decision_type=2 2 2 2 2 2
left_child=-1 2 3 -2 -5 -4
right_child=1 -3 5 4 -6 -7
leaf_value=0.036810560202570564 -0.071480208249057278 -0.072214378065273574 -0.071498300191611242 -0.071597235113078569 -0.071489390816136575 -0.071441262723350246
leaf_weight=0.26398142427206039 0.011558201164007187 0.016924835741519928 0.0120922583155334 0.022474254947155714 0.011842664331197739 0.015333857387304306
leaf_count=3 2 1 2 3 2 3
internal_value=0.00918428 -0.0716441 -0.0715124 -0.0715399 -0.07156 -0.0714664
internal_weight=0.354207 0.0902261 0.0733012 0.0458751 0.0343169 0.0274261
internal_count=16 13 12 7 5 5
is_linear=0
shrinkage=0.08


Tree=233
num_leaves=7
num_cat=0
split_feature=16 2 0 24 26 28
split_gain=0.147244 7.98165e-07 9.42361e-08 4.71935e-08 2.74035e-09 9.56207e-11
threshold=1.0000000180025095e-35 13.250000000000002 3.5000000000000004 1.0000000180025095e-35 1.0000000180025095e-35 1.0000000180025095e-35
decision_type=2 2 2 2 2 2
left_child=1 2 -1 4 5 -4
right_child=-2 -3 3 -5 -6 -7
leaf_value=-0.071731935093953078 0.073759768042824039 -0.072057463281257048 -0.071489093174512186 -0.071628901386569119 -0.071441796684277123 -0.071479762791427856
leaf_weight=0.015627199783921242 0.077880650758743286 0.027805700898170471 0.011833395343273878 0.016119253821671009 0.015361218713223934 0.017316556069999933
leaf_count=2 2 2 2 2 3 3
internal_value=-0.00943092 -0.0716906 -0.0715568 -0.0715116 -0.0714691 -0.0714836
internal_weight=0.181944 0.104063 0.0762576 0.0606304 0.0445112 0.02915
internal_count=16 14 12 10 8 5
is_linear=0
shrinkage=0.08


Tree=234
num_leaves=8
num_cat=0
split_feature=2 24 0 2 2 2 0
split_gain=0.120187 1.3376e-05 1.51972e-08 1.50549e-10 2.8594e-11 1.88174e-11 5.91541e-16
threshold=13.250000000000002 1.0000000180025095e-35 3.5000000000000004 7.5000000000000009 5.166666666666667 6.5000000000000009 5.5000000000000009
decision_type=2 2 2 2 2 2 2
left_child=1 2 -1 4 -4 6 -6
right_child=-2 -3 3 -5 5 -7 -8
leaf_value=-0.071405652625662619 0.036288732720834986 -0.073284182719097646 -0.071283056509109738 -0.07126212320765711 -0.071274327954082298 -0.071280169190644851 -0.071274289614475822
leaf_weight=0.0073490756331011644 0.19350239634513855 0.064554469659924507 0.0054140866268426171 0.0046384440502151838 0.0051380775403231382 0.0053231436759233483 0.0051373569294810295
leaf_count=2 2 2 2 2 2 2 2
internal_value=-0.000212733 -0.0726144 -0.0713042 -0.0712752 -0.071278 -0.0712763 -0.0712743
internal_weight=0.291057 0.0975547 0.0330002 0.0256511 0.0210127 0.0155986 0.0102754
internal_count=16 14 12 10 8 6 4
is_linear=0
shrinkage=0.08


Tree=235
num_leaves=7
num_cat=0
split_feature=26 1 0 2 24 2
split_gain=0.191703 0.0178366 0.0632406 3.56341e-06 1.63644e-07 3.33893e-11
threshold=1.0000000180025095e-35 2.5000000000000004 4.5000000000000009 13.250000000000002 1.0000000180025095e-35 6.5000000000000009
decision_type=2 2 2 2 2 2
left_child=3 -2 -3 4 5 -1
right_child=1 2 -4 -5 -6 -7
leaf_value=-0.071704027638537698 0.076431385297951654 -0.072125276929307716 0.073172651084158005 -0.072670272240744307 -0.071949689541646503 -0.071707951180662019
leaf_weight=0.02767185028642416 0.10632218234241009 0.027833727188408375 0.061602752655744553 0.045046277344226837 0.02584399376064539 0.027853982523083687
leaf_count=3 2 2 2 2 2 3
internal_value=0.00469294 0.0542835 0.0279542 -0.0720994 -0.0717834 -0.071706
internal_weight=0.322175 0.195759 0.0894365 0.126416 0.0813698 0.0555258
internal_count=16 6 4 10 8 6
is_linear=0
shrinkage=0.08


Tree=236
num_leaves=1
num_cat=0
split_feature=
split_gain=
threshold=
decision_type=
left_child=
right_child=
leaf_value=0
leaf_weight=
leaf_count=16
internal_value=
internal_weight=
internal_count=
is_linear=0
shrinkage=1


Tree=237
num_leaves=7
num_cat=0
split_feature=28 2 13 24 26 2
split_gain=0.178537 1.70946e-06 2.17535e-07 1.10751e-07 7.84728e-09 2.27026e-10
threshold=1.0000000180025095e-35 13.250000000000002 1.0000000180025095e-35 1.0000000180025095e-35 1.0000000180025095e-35 5.166666666666667
decision_type=2 2 2 2 2 2
left_child=1 2 3 4 -1 -6
right_child=-2 -3 -4 -5 5 -7
leaf_value=-0.07158372381578984 0.073259132407787211 -0.072341874587312713 -0.071908566014416544 -0.071772089285422391 -0.071525788572094809 -0.071510480225171216
leaf_weight=0.022135208826512098 0.095916995778679848 0.035853926092386246 0.021597389597445726 0.020471788011491299 0.012501567136496305 0.012300502974539995
leaf_count=3 3 2 2 2 2 2
internal_value=-0.00882158 -0.0718755 -0.0716876 -0.0716168 -0.0715491 -0.0715182
internal_weight=0.220777 0.12486 0.0890065 0.0674091 0.0469373 0.0248021
internal_count=16 13 11 9 7 4
is_linear=0
shrinkage=0.08


Tree=238
num_leaves=7
num_cat=0
split_feature=29 2 0 24 1 0
split_gain=0.135598 6.23048e-07 7.57788e-08 3.74358e-08 1.1417e-09 3.2551e-10
threshold=1.0000000180025095e-35 13.250000000000002 3.5000000000000004 1.0000000180025095e-35 2.5000000000000004 4.5000000000000009
decision_type=2 2 2 2 2 2
left_child=1 2 -1 4 -4 -6
right_child=-2 -3 3 -5 5 -7
leaf_value=-0.07167264509475417 0.073621405189700853 -0.071972488597854212 -0.071397000748660636 -0.071573446943239166 -0.071437928816133797 -0.07142124295857176
leaf_weight=0.013979353476315737 0.074092887341976166 0.025343140587210655 0.0087815055157989264 0.014398827217519283 0.015366420615464449 0.014584023505449295
leaf_count=2 2 2 2 2 3 3
internal_value=-0.00701322 -0.0716345 -0.0715069 -0.0714633 -0.0714224 -0.0714298
internal_weight=0.166546 0.0924533 0.0671101 0.0531308 0.0387319 0.0299504
internal_count=16 14 12 10 8 6
is_linear=0
shrinkage=0.08


Tree=239
num_leaves=1
num_cat=0
split_feature=
split_gain=
threshold=
decision_type=
left_child=
right_child=
leaf_value=0
leaf_weight=
leaf_count=16
internal_value=
internal_weight=
internal_count=
is_linear=0
shrinkage=1


Tree=240
num_leaves=6
num_cat=0
split_feature=0 2 24 0 2
split_gain=0.148118 0.00436604 5.50967e-05 1.475e-07 1.51653e-09
threshold=4.5000000000000009 7.5000000000000009 1.0000000180025095e-35 3.5000000000000004 6.5000000000000009
decision_type=2 2 2 2 2
left_child=2 -2 3 -1 -5
right_child=1 -3 -4 4 -6
leaf_value=-0.071703725409264896 0.034465065318021564 0.059332404476966548 -0.075224999370674187 -0.071438284113830366 -0.071396594460733501
leaf_weight=0.02381820185109973 0.10704923328012228 0.078192392364144325 0.058159146457910538 0.015382778830826283 0.0087670204229652882
leaf_count=3 5 2 1 3 2
internal_value=0.00178836 0.0449618 -0.0735696 -0.0715625 -0.0714231
internal_weight=0.291369 0.185242 0.106127 0.047968 0.0241498
internal_count=16 7 9 8 5
is_linear=0
shrinkage=0.08


Tree=241
num_leaves=7
num_cat=0
split_feature=2 0 2 22 0 0
split_gain=0.116963 0.174538 7.89891e-07 1.14319e-08 6.81144e-09 1.13517e-08
threshold=5.166666666666667 3.5000000000000004 13.250000000000002 1.0000000180025095e-35 4.5000000000000009 5.5000000000000009
decision_type=2 2 2 2 2 2
left_child=-1 -2 3 4 -3 -6
right_child=1 2 -4 -5 5 -7
leaf_value=-0.075550234036089861 0.07831587120815528 -0.071431576218692311 -0.072116045144139329 -0.071403703764493467 -0.071542857201629242 -0.071439385205343001
leaf_weight=0.079857748001813889 0.17578698694705963 0.010048890952020884 0.015458370558917522 0.013560204766690731 0.019919896963983774 0.010291537269949913
leaf_count=3 2 2 1 3 3 2
internal_value=0.00853258 0.035932 -0.071612 -0.0714672 -0.0714886 -0.0715076
internal_weight=0.324924 0.245066 0.0692789 0.0538205 0.0402603 0.0302114
internal_count=16 13 11 10 7 5
is_linear=0
shrinkage=0.08


Tree=242
num_leaves=7
num_cat=0
split_feature=16 2 13 24 26 28
split_gain=0.128753 6.24204e-07 8.20522e-08 4.09878e-08 4.7921e-09 6.08543e-11
threshold=1.0000000180025095e-35 13.250000000000002 1.0000000180025095e-35 1.0000000180025095e-35 1.0000000180025095e-35 1.0000000180025095e-35
decision_type=2 2 2 2 2 2
left_child=1 2 3 4 5 -1
right_child=-2 -3 -4 -5 -6 -7
leaf_value=-0.07143912638179864 0.073401346445975499 -0.071972698237696933 -0.071669983279543714 -0.071573438669570874 -0.071373170655007256 -0.071431142267852299
leaf_weight=0.010283480398356915 0.068000826984643936 0.025352443568408489 0.015224094968289137 0.014398556668311357 0.012091498589143157 0.01505310507491231
leaf_count=2 2 2 2 2 3 3
internal_value=-0.0101488 -0.0716346 -0.0715067 -0.0714587 -0.0714146 -0.0714344
internal_weight=0.160404 0.0924032 0.0670507 0.0518266 0.0374281 0.0253366
internal_count=16 14 12 10 8 5
is_linear=0
shrinkage=0.08


Tree=243
num_leaves=8
num_cat=0
split_feature=2 24 0 2 2 2 0
split_gain=0.10346 9.41433e-06 9.94907e-09 1.00895e-10 1.92185e-11 1.24879e-11 1.37303e-15
threshold=13.250000000000002 1.0000000180025095e-35 3.5000000000000004 7.5000000000000009 5.166666666666667 6.5000000000000009 5.5000000000000009
decision_type=2 2 2 2 2 2 2
left_child=1 2 -1 4 -4 6 -6
right_child=-2 -3 3 -5 5 -7 -8
leaf_value=-0.071366751435769094 0.033832171467985908 -0.073051222663803664 -0.071260475232581333 -0.071242074476969924 -0.071252824487364447 -0.071257914992244084 -0.071252761733883327
leaf_weight=0.0063942348351702085 0.18129121884703636 0.05791936069726944 0.0047061585355550042 0.0040224714903160921 0.0044638437684625387 0.0046251786407083282 0.0044623147696256638
leaf_count=2 2 2 2 2 2 2 2
internal_value=-0.000528089 -0.0724643 -0.0712788 -0.0712535 -0.0712561 -0.0712545 -0.0712528
internal_weight=0.267885 0.0865936 0.0286742 0.02228 0.0182575 0.0135513 0.00892616
internal_count=16 14 12 10 8 6 4
is_linear=0
shrinkage=0.08


Tree=244
num_leaves=7
num_cat=0
split_feature=26 1 0 2 24 2
split_gain=0.168517 0.0147988 0.0551848 2.65746e-06 1.35343e-07 2.00274e-11
threshold=1.0000000180025095e-35 2.5000000000000004 4.5000000000000009 13.250000000000002 1.0000000180025095e-35 6.5000000000000009
decision_type=2 2 2 2 2 2
left_child=3 -2 -3 4 5 -1
right_child=1 2 -4 -5 -6 -7
leaf_value=-0.071625421411168885 0.075695304417905659 -0.071989766678544301 0.072941946807360825 -0.072515489222350252 -0.071862272648551995 -0.071628680707150172
leaf_weight=0.024055950343608856 0.093261176720261574 0.024206891655921936 0.05505557544529438 0.040352523326873779 0.023172979243099689 0.024207931943237782
leaf_count=3 2 2 2 2 2 3
internal_value=0.00451685 0.0540949 0.0286796 -0.0719965 -0.0717034 -0.0716271
internal_weight=0.284313 0.172524 0.0792625 0.111789 0.0714369 0.0482639
internal_count=16 6 4 10 8 6
is_linear=0
shrinkage=0.08


Tree=245
num_leaves=1
num_cat=0
split_feature=
split_gain=
threshold=
decision_type=
left_child=
right_child=
leaf_value=0
leaf_weight=
leaf_count=16
internal_value=
internal_weight=
internal_count=
is_linear=0
shrinkage=1


Tree=246
num_leaves=7
num_cat=0
split_feature=28 2 13 24 26 2
split_gain=0.156382 1.29868e-06 1.34111e-07 8.91568e-08 5.12461e-09 1.72331e-10
threshold=1.0000000180025095e-35 13.250000000000002 1.0000000180025095e-35 1.0000000180025095e-35 1.0000000180025095e-35 5.166666666666667
decision_type=2 2 2 2 2 2
left_child=1 2 3 4 -1 -6
right_child=-2 -3 -4 -5 5 -7
leaf_value=-0.07152114036007802 0.072987999432897147 -0.07222067961859964 -0.071802420570335049 -0.071703436483322863 -0.071471419540759182 -0.071457112597254055
leaf_weight=0.019237662199884653 0.084345899522304535 0.03211530577391386 0.018775117583572865 0.018354474566876888 0.010887468233704567 0.01066791033372283
leaf_count=3 3 2 2 2 2 2
internal_value=-0.00897024 -0.0717926 -0.0716161 -0.071557 -0.0714911 -0.0714643
internal_weight=0.194384 0.110038 0.0779226 0.0591475 0.040793 0.0215554
internal_count=16 13 11 9 7 4
is_linear=0
shrinkage=0.08


Tree=247
num_leaves=7
num_cat=0
split_feature=29 2 0 24 1 0
split_gain=0.119992 4.73969e-07 4.71396e-08 3.03953e-08 7.59318e-10 2.18294e-10
threshold=1.0000000180025095e-35 13.250000000000002 3.5000000000000004 1.0000000180025095e-35 2.5000000000000004 4.5000000000000009
decision_type=2 2 2 2 2 2
left_child=1 2 -1 4 -4 -6
right_child=-2 -3 3 -5 5 -7
leaf_value=-0.0715981289065898 0.073343223992791598 -0.071888381754295724 -0.071359017463359223 -0.071525632628239674 -0.07139486863703598 -0.071380210339604094
leaf_weight=0.012166019529104233 0.066375300288200378 0.022697794251143932 0.0076182663906365624 0.012908476870507002 0.013357825577259064 0.012668915092945099
leaf_count=2 2 2 2 2 3 3
internal_value=-0.00649222 -0.0715779 -0.0714579 -0.0714213 -0.0713812 -0.0713877
internal_weight=0.147793 0.0814173 0.0587195 0.0465535 0.033645 0.0260267
internal_count=16 14 12 10 8 6
is_linear=0
shrinkage=0.08


Tree=248
num_leaves=1
num_cat=0
split_feature=
split_gain=
threshold=
decision_type=
left_child=
right_child=
leaf_value=0
leaf_weight=
leaf_count=16
internal_value=
internal_weight=
internal_count=
is_linear=0
shrinkage=1


Tree=249
num_leaves=7
num_cat=0
split_feature=0 24 24 0 2 2
split_gain=0.127926 0.100699 4.02963e-05 9.65114e-08 6.20224e-09 1.00968e-09
threshold=4.5000000000000009 1.0000000180025095e-35 1.0000000180025095e-35 3.5000000000000004 6.5000000000000009 6.5000000000000009
decision_type=2 2 2 2 2 2
left_child=2 4 3 -1 -2 -5
right_child=1 -3 -4 5 -6 -7
leaf_value=-0.071625335876643312 -0.071576500957107228 0.075864251914675593 -0.074825917715436438 -0.071395174719822388 -0.071641565393190776 -0.071358666407144042
leaf_weight=0.020728497765958309 0.021793059073388577 0.13157071173191071 0.053078912198543549 0.013372050598263741 0.016457292251288891 0.0076057114638388148
leaf_count=3 3 2 1 3 2 2
internal_value=0.00109151 0.0426485 -0.0733638 -0.0715029 -0.0716045 -0.0713819
internal_weight=0.264606 0.169821 0.0947852 0.0417063 0.0382504 0.0209778
internal_count=16 7 9 8 5 5
is_linear=0
shrinkage=0.08


Tree=250
num_leaves=7
num_cat=0
split_feature=2 0 2 22 0 0
split_gain=0.102572 0.153895 6.11457e-07 8.73283e-09 4.38581e-09 1.04091e-08
threshold=5.166666666666667 3.5000000000000004 13.250000000000002 1.0000000180025095e-35 5.5000000000000009 4.5000000000000009
decision_type=2 2 2 2 2 2
left_child=-1 -2 3 4 5 -3
right_child=1 2 -4 -5 -6 -7
leaf_value=-0.074939030969001216 0.077620208203671243 -0.071389312104489039 -0.072025083533362524 -0.071364843405919254 -0.071395965137372383 -0.071496037824608352
leaf_weight=0.069923663046211004 0.15955806151032448 0.0087338835000991821 0.014094702899456024 0.011767469579353929 0.0089410934597253799 0.017704100348055363
leaf_count=3 2 2 1 3 2 3
internal_value=0.00950157 0.0362426 -0.0715628 -0.0714245 -0.0714444 -0.0714608
internal_weight=0.290723 0.220799 0.0612412 0.0471465 0.0353791 0.026438
internal_count=16 13 11 10 7 5
is_linear=0
shrinkage=0.08


Tree=251
num_leaves=7
num_cat=0
split_feature=16 2 13 24 26 2
split_gain=0.112159 4.74817e-07 5.10047e-08 3.29717e-08 3.13823e-09 2.00737e-11
threshold=1.0000000180025095e-35 13.250000000000002 1.0000000180025095e-35 1.0000000180025095e-35 1.0000000180025095e-35 6.5000000000000009
decision_type=2 2 2 2 2 2
left_child=1 2 3 4 5 -1
right_child=-2 -3 -4 -5 -6 -7
leaf_value=-0.071388689757875587 0.073091072012641881 -0.071888558458873889 -0.071595924662573862 -0.071525623423933857 -0.071338532559990633 -0.071393629462939062
leaf_weight=0.0087146870791912079 0.059288216754794121 0.022705972194671631 0.013231958262622356 0.012908234260976315 0.010505925863981247 0.013301118277013302
leaf_count=2 2 2 2 2 3 3
internal_value=-0.0105982 -0.0715779 -0.0714577 -0.0714174 -0.0713745 -0.0713917
internal_weight=0.140656 0.0813679 0.0586619 0.04543 0.0325217 0.0220158
internal_count=16 14 12 10 8 5
is_linear=0
shrinkage=0.08


Tree=252
num_leaves=8
num_cat=0
split_feature=24 2 0 1 2 2 0
split_gain=0.096827 3.44647e-05 6.49626e-09 9.27059e-11 1.0311e-11 1.43637e-11 3.05311e-16
threshold=1.0000000180025095e-35 13.250000000000002 3.5000000000000004 2.5000000000000004 5.166666666666667 6.5000000000000009 5.5000000000000009
decision_type=2 2 2 2 2 2 2
left_child=1 2 -1 -4 -5 6 -6
right_child=-2 -3 3 4 5 -7 -8
leaf_value=-0.071332909712782014 0.034077210150094787 -0.07485887504435168 -0.071222900066442107 -0.071240837149059266 -0.071234173948509755 -0.071240029234157301 -0.07123414222760055
leaf_weight=0.0055599636398255816 0.16673736833035946 0.053502708673477173 0.0034450213424861422 0.0040896581485867492 0.0038783863419666886 0.0040643573738634586 0.0038777125300839543
leaf_count=2 3 1 2 2 2 2 2
internal_value=-0.000402096 -0.0737144 -0.0712567 -0.0712348 -0.0712374 -0.0712362 -0.0712342
internal_weight=0.245155 0.0784178 0.0249151 0.0193551 0.0159101 0.0118205 0.0077561
internal_count=16 13 12 10 8 6 4
is_linear=0
shrinkage=0.08


Tree=253
num_leaves=7
num_cat=0
split_feature=26 1 0 2 24 2
split_gain=0.146892 0.0126081 0.0477637 2.02862e-06 8.96304e-08 1.33529e-11
threshold=1.0000000180025095e-35 2.5000000000000004 4.5000000000000009 13.250000000000002 1.0000000180025095e-35 6.5000000000000009
decision_type=2 2 2 2 2 2
left_child=3 -2 -3 4 5 -1
right_child=1 2 -4 -5 -6 -7
leaf_value=-0.071557332681178448 0.075064636128321344 -0.071872270791400197 0.072695716023663232 -0.072378933199135034 -0.071763901713651726 -0.071560187091320157
leaf_weight=0.020910856779664755 0.081681478768587112 0.021041239611804485 0.047974508255720139 0.036176841706037521 0.020192135125398636 0.021044485736638308
leaf_count=3 2 2 2 2 2 3
internal_value=0.00416378 0.0537943 0.0286204 -0.0719027 -0.0716254 -0.0715588
internal_weight=0.249022 0.150697 0.0690157 0.0983243 0.0621475 0.0419553
internal_count=16 6 4 10 8 6
is_linear=0
shrinkage=0.08


Tree=254
num_leaves=1
num_cat=0
split_feature=
split_gain=
threshold=
decision_type=
left_child=
right_child=
leaf_value=0
leaf_weight=
leaf_count=16
internal_value=
internal_weight=
internal_count=
is_linear=0
shrinkage=1


Tree=255
num_leaves=7
num_cat=0
split_feature=28 2 13 24 26 2
split_gain=0.136074 1.00462e-06 8.68275e-08 5.90356e-08 3.36336e-09 1.2484e-10
threshold=1.0000000180025095e-35 13.250000000000002 1.0000000180025095e-35 1.0000000180025095e-35 1.0000000180025095e-35 5.166666666666667
decision_type=2 2 2 2 2 2
left_child=1 2 3 4 -1 -6
right_child=-2 -3 -4 -5 5 -7
leaf_value=-0.071467018531072082 0.072735589059941527 -0.072113589325121019 -0.07171029155308449 -0.071626099016580749 -0.071424114376372472 -0.071411051673810108
leaf_weight=0.016723682172596455 0.073509193956851959 0.028790214098989964 0.016316707246005535 0.015991346910595894 0.0094766984693706036 0.009255413431674242
leaf_count=3 3 2 2 2 2 2
internal_value=-0.00927831 -0.0717177 -0.0715495 -0.0714985 -0.0714409 -0.0714177
internal_weight=0.170063 0.0965541 0.0677638 0.0514471 0.0354558 0.0187321
internal_count=16 13 11 9 7 4
is_linear=0
shrinkage=0.08


Tree=256
num_leaves=7
num_cat=0
split_feature=29 2 0 24 1 0
split_gain=0.104409 3.66741e-07 3.05852e-08 2.01828e-08 5.06438e-10 1.42613e-10
threshold=1.0000000180025095e-35 13.250000000000002 3.5000000000000004 1.0000000180025095e-35 2.5000000000000004 4.5000000000000009
decision_type=2 2 2 2 2 2
left_child=1 2 -1 4 -4 -6
right_child=-2 -3 3 -5 5 -7
leaf_value=-0.071533373877757989 0.073042198017297735 -0.071813939768720053 -0.071326088609991789 -0.071471690937376556 -0.071357448954950317 -0.071344739693137246
leaf_weight=0.010580940637737513 0.057898012921214104 0.020345774013549089 0.0066090004984289399 0.011244866997003555 0.011608418775722384 0.011009974172338843
leaf_count=2 2 2 2 2 3 3
internal_value=-0.00679008 -0.0715267 -0.0714123 -0.0713806 -0.0713456 -0.0713513
internal_weight=0.129297 0.071399 0.0510532 0.0404723 0.0292274 0.0226184
internal_count=16 14 12 10 8 6
is_linear=0
shrinkage=0.08


Tree=257
num_leaves=1
num_cat=0
split_feature=
split_gain=
threshold=
decision_type=
left_child=
right_child=
leaf_value=0
leaf_weight=
leaf_count=16
internal_value=
internal_weight=
internal_count=
is_linear=0
shrinkage=1


Tree=258
num_leaves=7
num_cat=0
split_feature=0 24 24 0 2 2
split_gain=0.112637 0.0868667 2.95614e-05 6.30811e-08 4.0635e-09 6.70244e-10
threshold=4.5000000000000009 1.0000000180025095e-35 1.0000000180025095e-35 3.5000000000000004 6.5000000000000009 6.5000000000000009
decision_type=2 2 2 2 2 2
left_child=2 4 3 -1 -2 -5
right_child=1 -3 -4 5 -6 -7
leaf_value=-0.071557227123169212 -0.071514933785424908 0.075210224420288324 -0.074471472285701681 -0.071357717378214031 -0.071571417548463953 -0.071325791725699098
leaf_weight=0.018029603874310851 0.018942512106150389 0.11544019356369972 0.048472613096237183 0.011620784178376198 0.014308873098343611 0.0065981170628219834
leaf_count=3 3 2 1 3 2 2
internal_value=0.000444192 0.0423931 -0.0731792 -0.0714511 -0.0715392 -0.0713462
internal_weight=0.233413 0.148692 0.0847211 0.0362485 0.0332514 0.0182189
internal_count=16 7 9 8 5 5
is_linear=0
shrinkage=0.08


Tree=259
num_leaves=9
num_cat=0
split_feature=27 13 0 2 0 0 26 2
split_gain=0.0923053 0.106664 4.64584e-05 4.83245e-07 6.45546e-09 1.41427e-08 7.07412e-10 7.32914e-11
threshold=1.0000000180025095e-35 1.0000000180025095e-35 3.5000000000000004 13.250000000000002 4.5000000000000009 5.5000000000000009 1.0000000180025095e-35 6.5000000000000009
decision_type=2 2 2 2 2 2 2 2
left_child=1 2 -1 4 6 -6 -4 -7
right_child=-2 -3 3 -5 5 7 -8 -9
leaf_value=-0.074854853822329495 0.071974861226317494 0.063662296209403182 -0.071352588459610455 -0.071943197438167128 -0.07147140765613498 -0.071347347528705779 -0.071316421301053132 -0.071358462733358968
leaf_weight=0.053451046347618103 0.097815720830112696 0.055364495143294334 0.0075888547580689192 0.012861115857958794 0.011236085090786219 0.0074223438277840614 0.0063634747639298439 0.0077722200658172369
leaf_count=1 2 2 2 1 2 2 2 2
internal_value=0.0106052 -0.0264363 -0.0731887 -0.0715161 -0.0713801 -0.0714034 -0.0713361 -0.071353
internal_weight=0.259875 0.16206 0.106695 0.0532441 0.040383 0.0264306 0.0139523 0.0151946
internal_count=16 14 12 11 10 6 4 4
is_linear=0
shrinkage=0.08


Tree=260
num_leaves=7
num_cat=0
split_feature=16 2 0 24 26 2
split_gain=0.0975588 3.67332e-07 3.0743e-08 2.03248e-08 8.02486e-10 1.32689e-11
threshold=1.0000000180025095e-35 13.250000000000002 3.5000000000000004 1.0000000180025095e-35 1.0000000180025095e-35 6.5000000000000009
decision_type=2 2 2 2 2 2
left_child=1 2 -1 4 5 -4
right_child=-2 -3 3 -5 -6 -7
leaf_value=-0.071533457704487546 0.072823609278600876 -0.071814089691420571 -0.071352097615634047 -0.07147168630537229 -0.071326772609549741 -0.071356405584195662
leaf_weight=0.010585892014205456 0.051656601950526237 0.020352963823825121 0.0075735494028776875 0.011244655586779118 0.010039926739409566 0.011560640996322036
leaf_count=2 2 2 2 2 3 3
internal_value=-0.0109106 -0.0715268 -0.0714121 -0.0713803 -0.0713451 -0.0713547
internal_weight=0.123014 0.0713576 0.0510047 0.0404188 0.0291741 0.0191342
internal_count=16 14 12 10 8 5
is_linear=0
shrinkage=0.08


Tree=261
num_leaves=8
num_cat=0
split_feature=2 24 0 2 2 2 0
split_gain=0.0829501 5.22699e-06 4.53408e-09 4.42805e-11 8.20525e-12 5.40753e-12 3.20924e-17
threshold=13.250000000000002 1.0000000180025095e-35 3.5000000000000004 7.5000000000000009 5.166666666666667 6.5000000000000009 5.5000000000000009
decision_type=2 2 2 2 2 2 2
left_child=1 2 -1 4 -4 6 -6
right_child=-2 -3 3 -5 5 -7 -8
leaf_value=-0.071306098517127145 0.03251590425392184 -0.072730939657593405 -0.071223732161065964 -0.071209735800524532 -0.071217939567629146 -0.071221824317304533 -0.071217950538756958
leaf_weight=0.0048785508843138805 0.15403000265359879 0.048778707161545753 0.0035521560348570356 0.0030283909291028968 0.0033682191278785467 0.0034916364820674062 0.0033688999246805906
leaf_count=2 2 2 2 2 2 2 2
internal_value=-0.000375507 -0.0722715 -0.0712382 -0.0712185 -0.0712204 -0.0712193 -0.0712179
internal_weight=0.224497 0.0704666 0.0216879 0.0168093 0.0137809 0.0102288 0.00673712
internal_count=16 14 12 10 8 6 4
is_linear=0
shrinkage=0.08


Tree=262
num_leaves=7
num_cat=0
split_feature=26 1 0 2 24 2
split_gain=0.128236 0.0107735 0.0417576 1.55446e-06 5.83168e-08 9.4084e-12
threshold=1.0000000180025095e-35 2.5000000000000004 4.5000000000000009 13.250000000000002 1.0000000180025095e-35 6.5000000000000009
decision_type=2 2 2 2 2 2
left_child=3 -2 -3 4 5 -1
right_child=1 2 -4 -5 -6 -7
leaf_value=-0.071498176356907528 0.0745220633113058 -0.071778548688554836 0.072500369768403211 -0.072257199605877648 -0.071676975930420064 -0.071500746657161385
leaf_weight=0.018168813083320856 0.071428010240197182 0.01843746192753315 0.042275784537196159 0.032525860704481602 0.017544925212860107 0.018289183732122183
leaf_count=3 2 2 2 2 2 3
internal_value=0.0038873 0.0534622 0.0286856 -0.0718203 -0.0715571 -0.0714995
internal_weight=0.21867 0.132141 0.0607132 0.0865288 0.0540029 0.036458
internal_count=16 6 4 10 8 6
is_linear=0
shrinkage=0.08


Tree=263
num_leaves=1
num_cat=0
split_feature=
split_gain=
threshold=
decision_type=
left_child=
right_child=
leaf_value=0
leaf_weight=
leaf_count=16
internal_value=
internal_weight=
internal_count=
is_linear=0
shrinkage=1


Tree=264
num_leaves=7
num_cat=0
split_feature=28 2 13 24 26 2
split_gain=0.118527 7.74208e-07 6.09242e-08 3.84753e-08 2.19936e-09 8.86261e-11
threshold=1.0000000180025095e-35 13.250000000000002 1.0000000180025095e-35 1.0000000180025095e-35 1.0000000180025095e-35 5.166666666666667
decision_type=2 2 2 2 2 2
left_child=1 2 3 4 -1 -6
right_child=-2 -3 -4 -5 5 -7
leaf_value=-0.071419954702902674 0.072517542482852776 -0.072017960064092196 -0.071636905781723256 -0.071557699031103789 -0.071382960932702605 -0.071371152784506814
leaf_weight=0.014531620778143406 0.064024673774838448 0.025883208028972149 0.014296231791377068 0.013893213588744402 0.0082449461333453655 0.0080297940876334906
leaf_count=3 3 2 2 2 2 2
internal_value=-0.00966356 -0.0716532 -0.0714932 -0.0714472 -0.0713973 -0.0713771
internal_weight=0.148904 0.084879 0.0589958 0.0446996 0.0308064 0.0162747
internal_count=16 13 11 9 7 4
is_linear=0
shrinkage=0.08


Tree=265
num_leaves=7
num_cat=0
split_feature=29 2 0 24 1 0
split_gain=0.090943 2.82775e-07 2.15881e-08 1.3181e-08 3.35599e-10 9.30244e-11
threshold=1.0000000180025095e-35 13.250000000000002 3.5000000000000004 1.0000000180025095e-35 2.5000000000000004 4.5000000000000009
decision_type=2 2 2 2 2 2
left_child=1 2 -1 4 -4 -6
right_child=-2 -3 3 -5 5 -7
leaf_value=-0.07148211880620893 0.072782360253278319 -0.071747360132315224 -0.071297546332400027 -0.071423935612655753 -0.071324905693488191 -0.071313892659732647
leaf_weight=0.0092852078378200531 0.050465906038880348 0.018289851956069469 0.0057334010489284984 0.009768197312951088 0.010083920555189252 0.0095644488465040922
leaf_count=2 2 2 2 2 3 3
internal_value=-0.00716242 -0.0714826 -0.0713736 -0.071345 -0.0713146 -0.0713195
internal_weight=0.113191 0.062725 0.0444352 0.03515 0.0253818 0.0196484
internal_count=16 14 12 10 8 6
is_linear=0
shrinkage=0.08


Tree=266
num_leaves=1
num_cat=0
split_feature=
split_gain=
threshold=
decision_type=
left_child=
right_child=
leaf_value=0
leaf_weight=
leaf_count=16
internal_value=
internal_weight=
internal_count=
is_linear=0
shrinkage=1


Tree=267
num_leaves=7
num_cat=0
split_feature=0 24 24 0 2 2
split_gain=0.102573 0.0758555 2.16321e-05 4.34989e-08 2.66613e-09 4.42619e-10
threshold=4.5000000000000009 1.0000000180025095e-35 1.0000000180025095e-35 3.5000000000000004 6.5000000000000009 6.5000000000000009
decision_type=2 2 2 2 2 2
left_child=2 4 3 -1 -2 -5
right_child=1 -3 -4 5 -6 -7
leaf_value=-0.071502650740589979 -0.07146144467304405 0.074817817997476693 -0.074148834046602746 -0.071325133315838604 -0.071510523588874705 -0.071297285261451335
leaf_weight=0.01582445902749896 0.016457879915833473 0.10548213869333267 0.044200770556926727 0.010094663361087441 0.012437102384865284 0.0057239658199250689
leaf_count=3 3 2 1 3 2 2
internal_value=0.00137676 0.043359 -0.0730057 -0.0714089 -0.0714826 -0.0713151
internal_weight=0.210221 0.134377 0.0758439 0.0316431 0.028895 0.0158186
internal_count=16 7 9 8 5 5
is_linear=0
shrinkage=0.08


Tree=268
num_leaves=9
num_cat=0
split_feature=27 13 0 2 0 0 26 2
split_gain=0.0788592 0.0919303 2.99561e-05 3.75618e-07 4.22727e-09 9.22198e-09 4.66898e-10 4.8319e-11
threshold=1.0000000180025095e-35 1.0000000180025095e-35 3.5000000000000004 13.250000000000002 4.5000000000000009 5.5000000000000009 1.0000000180025095e-35 6.5000000000000009
decision_type=2 2 2 2 2 2 2 2
left_child=1 2 -1 4 6 -6 -4 -7
right_child=-2 -3 3 -5 5 7 -8 -9
leaf_value=-0.074339085650816858 0.070265564346207024 0.062000108448871931 -0.071320695543224996 -0.071867698417082224 -0.071423695490424641 -0.071316190341875793 -0.071289159140751221 -0.071325872088132555
leaf_weight=0.046728916466236115 0.087183794472366571 0.049404835794121027 0.006592470221221447 0.011718727648258209 0.0097605655901134014 0.0064490439835935831 0.0055205440148711205 0.006754269590601325
leaf_count=1 2 2 2 1 2 2 2 2
internal_value=0.0103019 -0.0262747 -0.0729063 -0.0714756 -0.0713446 -0.0713647 -0.0713063 -0.0713211
internal_weight=0.230113 0.142929 0.0935245 0.0467956 0.0350769 0.0229639 0.012113 0.0132033
internal_count=16 14 12 11 10 6 4 4
is_linear=0
shrinkage=0.08


Tree=269
num_leaves=7
num_cat=0
split_feature=16 2 0 24 26 2
split_gain=0.085557 2.83174e-07 2.16913e-08 1.32687e-08 5.31618e-10 8.75645e-12
threshold=1.0000000180025095e-35 13.250000000000002 3.5000000000000004 1.0000000180025095e-35 1.0000000180025095e-35 6.5000000000000009
decision_type=2 2 2 2 2 2
left_child=1 2 -1 4 5 -4
right_child=-2 -3 3 -5 -6 -7
leaf_value=-0.071482192660586003 0.072612092340987658 -0.071747485100209035 -0.071320304038645449 -0.071423933890669603 -0.071298176888959536 -0.07132405843464984
leaf_weight=0.0092895394191145897 0.045520026236772537 0.018296218477189541 0.0065802133176475755 0.0097680129110813141 0.0087128528393805027 0.010045289760455489
leaf_count=2 2 2 2 2 3 3
internal_value=-0.0108684 -0.0714826 -0.0713735 -0.0713447 -0.0713142 -0.0713226
internal_weight=0.108212 0.0626921 0.0443959 0.0351064 0.0253384 0.0166255
internal_count=16 14 12 10 8 5
is_linear=0
shrinkage=0.08


Tree=270
num_leaves=8
num_cat=0
split_feature=24 2 0 1 2 2 0
split_gain=0.07841 1.92846e-05 3.17793e-09 4.07605e-11 4.32086e-12 6.34115e-12 3.56486e-16
threshold=1.0000000180025095e-35 13.250000000000002 3.5000000000000004 2.5000000000000004 5.166666666666667 6.5000000000000009 5.5000000000000009
decision_type=2 2 2 2 2 2 2
left_child=1 2 -1 -4 -5 6 -6
right_child=-2 -3 3 4 5 -7 -8
leaf_value=-0.071282702015249999 0.033087242849809607 -0.074261543530402874 -0.07119523078216497 -0.071208873654887331 -0.071203835736110541 -0.071208345862513053 -0.071203875196212602
leaf_weight=0.0042827429715543977 0.14083287306129932 0.045701690018177032 0.0025921962223947057 0.0030847140587866315 0.0029246900230646133 0.0030681368662044406 0.0029262235620990396
leaf_count=2 3 1 2 2 2 2 2
internal_value=-0.00038307 -0.073373 -0.0712221 -0.0712043 -0.0712063 -0.0712054 -0.0712039
internal_weight=0.205413 0.0645804 0.0188787 0.014596 0.0120038 0.00891905 0.00585091
internal_count=16 13 12 10 8 6 4
is_linear=0
shrinkage=0.08


Tree=271
num_leaves=7
num_cat=0
split_feature=26 1 0 2 24 2
split_gain=0.112026 0.00922183 0.0365482 1.18757e-06 3.85337e-08 6.51056e-12
threshold=1.0000000180025095e-35 2.5000000000000004 4.5000000000000009 13.250000000000002 1.0000000180025095e-35 6.5000000000000009
decision_type=2 2 2 2 2 2
left_child=3 -2 -3 4 5 -1
right_child=1 2 -4 -5 -6 -7
leaf_value=-0.071446862006380271 0.074056103434332221 -0.071697025499663683 0.072331549339364823 -0.072148010292524531 -0.071602716470553163 -0.071449155954555435
leaf_weight=0.015782811213284731 0.062393531203269958 0.01616358757019043 0.037288527935743332 0.029213003814220428 0.015273170080035925 0.015890663489699364
leaf_count=3 2 2 2 2 2 3
internal_value=0.00361766 0.0531645 0.0287782 -0.0717475 -0.0714983 -0.071448
internal_weight=0.192005 0.115846 0.0534521 0.0761596 0.0469466 0.0316735
internal_count=16 6 4 10 8 6
is_linear=0
shrinkage=0.08


Tree=272
num_leaves=1
num_cat=0
split_feature=
split_gain=
threshold=
decision_type=
left_child=
right_child=
leaf_value=0
leaf_weight=
leaf_count=16
internal_value=
internal_weight=
internal_count=
is_linear=0
shrinkage=1


Tree=273
num_leaves=7
num_cat=0
split_feature=28 2 13 24 26 2
split_gain=0.10327 5.94683e-07 4.28102e-08 2.54153e-08 1.43888e-09 6.21145e-11
threshold=1.0000000180025095e-35 13.250000000000002 1.0000000180025095e-35 1.0000000180025095e-35 1.0000000180025095e-35 5.166666666666667
decision_type=2 2 2 2 2 2
left_child=1 2 3 4 -1 -6
right_child=-2 -3 -4 -5 5 -7
leaf_value=-0.071379109742660068 0.072329071954694429 -0.071932084979989402 -0.071573014088320536 -0.071499224654020671 -0.071347176274821969 -0.071336569364789826
leaf_weight=0.012623964343219995 0.055733643472194672 0.023245936259627342 0.01253265212289989 0.012093082536011934 0.0071703440044075251 0.0069662884343415499
leaf_count=3 3 2 2 2 2 2
internal_value=-0.0100658 -0.0715963 -0.0714444 -0.071403 -0.0713595 -0.0713419
internal_weight=0.130366 0.0746323 0.0513863 0.0388537 0.0267606 0.0141366
internal_count=16 13 11 9 7 4
is_linear=0
shrinkage=0.08


Tree=274
num_leaves=7
num_cat=0
split_feature=29 2 0 24 1 0
split_gain=0.0792362 2.17315e-07 1.52648e-08 8.72668e-09 2.21865e-10 6.06067e-11
threshold=1.0000000180025095e-35 13.250000000000002 3.5000000000000004 1.0000000180025095e-35 2.5000000000000004 4.5000000000000009
decision_type=2 2 2 2 2 2
left_child=1 2 -1 4 -4 -6
right_child=-2 -3 3 -5 5 -7
leaf_value=-0.071437446431321397 0.072557930080268326 -0.07168749377703787 -0.071272798120102468 -0.071383079133555058 -0.071296642722017009 -0.071287104225694717
leaf_weight=0.0081519370432943106 0.04395955428481102 0.016425091773271561 0.0049737696535885325 0.0085015930235385895 0.0087578822858631611 0.0083070285618305206
leaf_count=2 2 2 2 2 3 3
internal_value=-0.0075514 -0.0714437 -0.0713402 -0.0713142 -0.0712877 -0.071292
internal_weight=0.0990769 0.0551173 0.0386922 0.0305403 0.0220387 0.0170649
internal_count=16 14 12 10 8 6
is_linear=0
shrinkage=0.08


Tree=275
num_leaves=1
num_cat=0
split_feature=
split_gain=
threshold=
decision_type=
left_child=
right_child=
leaf_value=0
leaf_weight=
leaf_count=16
internal_value=
internal_weight=
internal_count=
is_linear=0
shrinkage=1


Tree=276
num_leaves=6
num_cat=0
split_feature=0 2 24 0 2
split_gain=0.0904679 0.0024841 1.5853e-05 2.9782e-08 2.91781e-10
threshold=4.5000000000000009 7.5000000000000009 1.0000000180025095e-35 3.5000000000000004 6.5000000000000009
decision_type=2 2 2 2 2
left_child=2 -2 3 -1 -5
right_child=1 -3 -4 4 -6
leaf_value=-0.071454270779887752 0.033309203375760481 0.056907391070049738 -0.073860099999988937 -0.071296842317487188 -0.071272571635912843
leaf_weight=0.013867867412045598 0.068439785856753588 0.048981098923832178 0.040312860161066055 0.0087672132067382336 0.0049655891489237556
leaf_count=3 5 2 1 3 2
internal_value=0.000645569 0.043153 -0.0728487 -0.0713716 -0.0712881
internal_weight=0.185334 0.117421 0.0679135 0.0276007 0.0137328
internal_count=16 7 9 8 5
is_linear=0
shrinkage=0.08


Tree=277
num_leaves=9
num_cat=0
split_feature=27 13 0 2 0 0 26 2
split_gain=0.0704423 0.0792412 1.93261e-05 2.91268e-07 2.79931e-09 6.09881e-09 3.07743e-10 3.17995e-11
threshold=1.0000000180025095e-35 1.0000000180025095e-35 3.5000000000000004 13.250000000000002 4.5000000000000009 5.5000000000000009 1.0000000180025095e-35 6.5000000000000009
decision_type=2 2 2 2 2 2 2 2
left_child=1 2 -1 4 6 -6 -4 -7
right_child=-2 -3 3 -5 5 7 -8 -9
leaf_value=-0.073896667680251257 0.069299500520624183 0.060298815269288965 -0.071293002157712212 -0.071799369677549449 -0.071382865481183735 -0.071289124609773463 -0.071265520676005001 -0.071297551338650428
leaf_weight=0.040808696299791336 0.081497539766132832 0.044130590744316578 0.0057257965672761202 0.010680794715881348 0.00849494943395257 0.0056021024938672781 0.0047891717404127121 0.0058682197704911232
leaf_count=1 2 2 2 1 2 2 2 2
internal_value=0.0113325 -0.0261311 -0.072663 -0.0714399 -0.0713139 -0.0713315 -0.0712805 -0.0712934
internal_weight=0.207598 0.1261 0.0819697 0.041161 0.0304802 0.0199653 0.010515 0.0114703
internal_count=16 14 12 11 10 6 4 4
is_linear=0
shrinkage=0.08


Tree=278
num_leaves=7
num_cat=0
split_feature=16 2 0 24 26 2
split_gain=0.0751159 2.17588e-07 1.53318e-08 8.78e-09 3.5179e-10 5.78371e-12
threshold=1.0000000180025095e-35 13.250000000000002 3.5000000000000004 1.0000000180025095e-35 1.0000000180025095e-35 6.5000000000000009
decision_type=2 2 2 2 2 2
left_child=1 2 -1 4 5 -4
right_child=-2 -3 3 -5 -6 -7
leaf_value=-0.071437507071003173 0.07242949569183392 -0.07168760044194375 -0.071292687389630002 -0.071383072801417979 -0.071273365856989984 -0.071295961163288277
leaf_weight=0.008155726594850421 0.040151486173272133 0.016430711839348078 0.0057159354910254487 0.0085014333017170429 0.0075607022736221543 0.008726590545848012
leaf_count=2 2 2 2 2 3 3
internal_value=-0.010791 -0.0714437 -0.0713401 -0.071314 -0.0712873 -0.0712947
internal_weight=0.0952426 0.0550911 0.0386604 0.0305047 0.0220032 0.0144425
internal_count=16 14 12 10 8 5
is_linear=0
shrinkage=0.08


Tree=279
num_leaves=8
num_cat=0
split_feature=2 24 0 2 2 2 0
split_gain=0.0674029 3.10494e-06 2.23931e-09 1.93103e-11 3.51853e-12 2.35731e-12 2.09034e-16
threshold=13.250000000000002 1.0000000180025095e-35 3.5000000000000004 7.5000000000000009 5.166666666666667 6.5000000000000009 5.5000000000000009
decision_type=2 2 2 2 2 2 2
left_child=1 2 -1 4 -4 6 -6
right_child=-2 -3 3 -5 5 -7 -8
leaf_value=-0.071262294513789085 0.031161069204508625 -0.072504554155831194 -0.071195965328279473 -0.071185335527810673 -0.071191576363185946 -0.071194542161297489 -0.07119160881602947
leaf_weight=0.0037620821967720977 0.13041499257087708 0.04215143620967865 0.0026783415814861655 0.0022788915084674963 0.0025387152563780546 0.0026331885019317269 0.0025401985039934516
leaf_count=2 2 2 2 2 2 2 2
internal_value=-0.000859007 -0.0721409 -0.0712081 -0.071192 -0.0711935 -0.0711926 -0.0711916
internal_weight=0.188998 0.0585829 0.0164314 0.0126693 0.0103904 0.0077121 0.00507891
internal_count=16 14 12 10 8 6 4
is_linear=0
shrinkage=0.08


Tree=280
num_leaves=7
num_cat=0
split_feature=26 1 0 2 24 2
split_gain=0.0988616 0.00769979 0.0322884 8.93117e-07 3.09102e-08 4.20458e-12
threshold=1.0000000180025095e-35 2.5000000000000004 4.5000000000000009 13.250000000000002 1.0000000180025095e-35 6.5000000000000009
decision_type=2 2 2 2 2 2
left_child=3 -2 -3 4 5 -1
right_child=1 2 -4 -5 -6 -7
leaf_value=-0.071402309335486649 0.073655407548262219 -0.07162611678160144 0.072214512721555976 -0.072049265167261206 -0.07155056008668248 -0.07140428758922511
leaf_weight=0.013705592602491379 0.054450461640954018 0.014178708661347628 0.033789105713367462 0.026260466314852238 0.01365016121417284 0.013798883184790611
leaf_count=3 2 2 2 2 2 3
internal_value=0.00354721 0.0530674 0.029697 -0.0716847 -0.0714521 -0.0714033
internal_weight=0.169833 0.102418 0.0479678 0.0674151 0.0411546 0.0275045
internal_count=16 6 4 10 8 6
is_linear=0
shrinkage=0.08


Tree=281
num_leaves=1
num_cat=0
split_feature=
split_gain=
threshold=
decision_type=
left_child=
right_child=
leaf_value=0
leaf_weight=
leaf_count=16
internal_value=
internal_weight=
internal_count=
is_linear=0
shrinkage=1


Tree=282
num_leaves=7
num_cat=0
split_feature=28 2 13 24 26 2
split_gain=0.0906664 4.50835e-07 2.88454e-08 1.9954e-08 9.37341e-10 4.34847e-11
threshold=1.0000000180025095e-35 13.250000000000002 1.0000000180025095e-35 1.0000000180025095e-35 1.0000000180025095e-35 5.166666666666667
decision_type=2 2 2 2 2 2
left_child=1 2 3 4 -1 -6
right_child=-2 -3 -4 -5 5 -7
leaf_value=-0.07134356690303903 0.072177758407432527 -0.071854325216260562 -0.071517385819160742 -0.071458139145189434 -0.071316067601147823 -0.071306543629211794
leaf_weight=0.010960730956867337 0.048943116329610348 0.020895642694085836 0.010992537019774318 0.01080744294449687 0.0062335822731256485 0.0060421160887926817
leaf_count=3 3 2 2 2 2 2
internal_value=-0.0103125 -0.0715472 -0.0714047 -0.0713683 -0.0713266 -0.0713114
internal_weight=0.114875 0.0659321 0.0450364 0.0340439 0.0232364 0.0122757
internal_count=16 13 11 9 7 4
is_linear=0
shrinkage=0.08


Tree=283
num_leaves=7
num_cat=0
split_feature=29 2 0 24 1 0
split_gain=0.0703353 1.64915e-07 1.04104e-08 6.8935e-09 1.4584e-10 4.0097e-11
threshold=1.0000000180025095e-35 13.250000000000002 3.5000000000000004 1.0000000180025095e-35 2.5000000000000004 4.5000000000000009
decision_type=2 2 2 2 2 2
left_child=1 2 -1 4 -4 -6
right_child=-2 -3 3 -5 5 -7
leaf_value=-0.071398499172054333 0.072401996484607517 -0.071633207387053158 -0.071251340911157451 -0.071354357998305376 -0.071272106360099938 -0.071263779716201361
leaf_weight=0.0071613637264817944 0.039384076371788979 0.014763446059077978 0.004314749618060886 0.0075973581988364449 0.0076048942282795906 0.007210717536509037
leaf_count=2 2 2 2 2 3 3
internal_value=-0.00707426 -0.0714101 -0.0713128 -0.0712899 -0.0712643 -0.0712681
internal_weight=0.0880366 0.0486525 0.0338891 0.0267277 0.0191304 0.0148156
internal_count=16 14 12 10 8 6
is_linear=0
shrinkage=0.08


Tree=284
num_leaves=1
num_cat=0
split_feature=
split_gain=
threshold=
decision_type=
left_child=
right_child=
leaf_value=0
leaf_weight=
leaf_count=16
internal_value=
internal_weight=
internal_count=
is_linear=0
shrinkage=1


Tree=285
num_leaves=7
num_cat=0
split_feature=0 24 24 0 2 2
split_gain=0.0811384 0.0628704 1.15814e-05 2.0642e-08 1.97496e-09 1.91974e-10
threshold=4.5000000000000009 1.0000000180025095e-35 1.0000000180025095e-35 3.5000000000000004 6.5000000000000009 6.5000000000000009
decision_type=2 2 2 2 2 2
left_child=2 4 3 -1 -2 -5
right_child=1 -3 -4 5 -6 -7
leaf_value=-0.071412725938296992 -0.071403874368758044 0.074108130790669469 -0.073596601367703129 -0.071272277531275449 -0.071449873287484852 -0.071251144449992088
leaf_weight=0.012179511249996722 0.013775194995105267 0.086778681725263596 0.036710191518068314 0.0076129974331706762 0.010547822341322899 0.0043076567817479372
leaf_count=3 3 2 1 3 2 2
internal_value=0.00158642 0.0422474 -0.0727021 -0.0713395 -0.0714238 -0.0712646
internal_weight=0.171912 0.111102 0.0608104 0.0241002 0.024323 0.0119207
internal_count=16 7 9 8 5 5
is_linear=0
shrinkage=0.08


Tree=286
num_leaves=7
num_cat=0
split_feature=0 2 0 0 2 2
split_gain=0.0622873 2.16901e-07 3.44003e-09 4.1723e-09 2.92509e-09 2.07869e-11
threshold=3.5000000000000004 13.250000000000002 5.5000000000000009 4.5000000000000009 5.166666666666667 6.5000000000000009
decision_type=2 2 2 2 2 2
left_child=-1 2 3 4 -2 -4
right_child=1 -3 5 -5 -6 -7
leaf_value=0.037213936164971317 -0.071332703445234499 -0.071736370946972258 -0.071265550880246609 -0.071359818179902876 -0.0712575249886018 -0.071272863012324258
leaf_weight=0.13943241536617279 0.0064698990900069475 0.0097200991585850716 0.0048634333070367575 0.011663090903311968 0.0067869848571717739 0.0050946760457009077
leaf_count=3 2 1 2 3 3 2
internal_value=0.0108918 -0.0714022 -0.071309 -0.0713249 -0.0712942 -0.0712693
internal_weight=0.184031 0.0445982 0.0348781 0.02492 0.0132569 0.00995811
internal_count=16 13 12 8 5 4
is_linear=0
shrinkage=0.08


Tree=287
num_leaves=7
num_cat=0
split_feature=16 2 0 24 26 2
split_gain=0.0661493 1.65103e-07 1.04571e-08 6.93395e-09 2.32093e-10 3.74313e-12
threshold=1.0000000180025095e-35 13.250000000000002 3.5000000000000004 1.0000000180025095e-35 1.0000000180025095e-35 6.5000000000000009
decision_type=2 2 2 2 2 2
left_child=1 2 -1 4 5 -4
right_child=-2 -3 3 -5 -6 -7
leaf_value=-0.071398560762554533 0.072271924923425476 -0.071633297436478255 -0.071268667519999634 -0.071354356862232141 -0.071251802927368643 -0.071271493904275243
leaf_weight=0.0071646784199401728 0.035460745915770531 0.014768422581255436 0.004963213112205267 0.0075972150079905978 0.0065586339915171257 0.0075768600217998028
leaf_count=2 2 2 2 2 3 3
internal_value=-0.0108192 -0.0714101 -0.0713127 -0.0712897 -0.071264 -0.0712704
internal_weight=0.0840898 0.048629 0.0338606 0.0266959 0.0190987 0.0125401
internal_count=16 14 12 10 8 5
is_linear=0
shrinkage=0.08


Tree=288
num_leaves=8
num_cat=0
split_feature=24 2 0 1 2 2 0
split_gain=0.0637831 1.15739e-05 1.75911e-09 1.76939e-11 1.86745e-12 2.7336e-12 2.32453e-16
threshold=1.0000000180025095e-35 13.250000000000002 3.5000000000000004 2.5000000000000004 5.166666666666667 6.5000000000000009 5.5000000000000009
decision_type=2 2 2 2 2 2 2
left_child=1 2 -1 -4 -5 6 -6
right_child=-2 -3 3 4 5 -7 -8
leaf_value=-0.071247486340814542 0.03132660132968855 -0.073843882665348623 -0.071174415813305456 -0.071184770521900323 -0.07118095390593418 -0.071184367961840342 -0.071180990687257251
leaf_weight=0.0033571490203030416 0.11945123225450516 0.040092606097459793 0.0019504993688315162 0.0023257260909304023 0.0022043278440833092 0.0023131084162741899 0.0022057220339775085
leaf_count=2 3 1 2 2 2 2 2
internal_value=-0.00138431 -0.0731459 -0.0711968 -0.0711813 -0.0711828 -0.0711821 -0.071181
internal_weight=0.1739 0.0544491 0.0143565 0.0109994 0.00904888 0.00672316 0.00441005
internal_count=16 13 12 10 8 6 4
is_linear=0
shrinkage=0.08


Tree=289
num_leaves=7
num_cat=0
split_feature=26 1 0 2 24 2
split_gain=0.0885567 0.00715683 0.028469 6.89896e-07 2.03701e-08 2.7577e-12
threshold=1.0000000180025095e-35 2.5000000000000004 4.5000000000000009 13.250000000000002 1.0000000180025095e-35 6.5000000000000009
decision_type=2 2 2 2 2 2
left_child=3 -2 -3 4 5 -1
right_child=1 2 -4 -5 -6 -7
leaf_value=-0.071363746343802326 0.073536172306723574 -0.071573675013351518 0.072066971131791877 -0.07196285196250185 -0.071492812581964632 -0.071365465462927533
leaf_weight=0.011903447564691305 0.050813138484954834 0.012623624876141548 0.029390747658908367 0.023826470598578453 0.011874708812683821 0.011984589975327253
leaf_count=3 2 2 2 2 2 3
internal_value=0.00448015 0.0533375 0.0289087 -0.0716294 -0.0714072 -0.0713646
internal_weight=0.152417 0.0928275 0.0420144 0.0595892 0.0357627 0.023888
internal_count=16 6 4 10 8 6
is_linear=0
shrinkage=0.08


Tree=290
num_leaves=1
num_cat=0
split_feature=
split_gain=
threshold=
decision_type=
left_child=
right_child=
leaf_value=0
leaf_weight=
leaf_count=16
internal_value=
internal_weight=
internal_count=
is_linear=0
shrinkage=1


Tree=291
num_leaves=7
num_cat=0
split_feature=28 2 13 24 26 2
split_gain=0.0792219 3.46672e-07 2.31685e-08 1.31538e-08 6.17188e-10 2.88154e-11
threshold=1.0000000180025095e-35 13.250000000000002 1.0000000180025095e-35 1.0000000180025095e-35 1.0000000180025095e-35 5.166666666666667
decision_type=2 2 2 2 2 2
left_child=1 2 3 4 -1 -6
right_child=-2 -3 -4 -5 5 -7
leaf_value=-0.07131283718624834 0.072035193944107678 -0.071786181969413179 -0.071476431791563821 -0.071412613552217272 -0.071288901665582632 -0.071280578804190114
leaf_weight=0.0095199816860258579 0.042568976990878582 0.018958020489662886 0.0097922952845692635 0.0094010066241025925 0.005410222802311182 0.0052416925318539143
leaf_count=3 3 2 2 2 2 2
internal_value=-0.0109418 -0.0715051 -0.0713698 -0.0713345 -0.071298 -0.0712848
internal_weight=0.100892 0.0583232 0.0393652 0.0295729 0.0201719 0.0106519
internal_count=16 13 11 9 7 4
is_linear=0
shrinkage=0.08


Tree=292
num_leaves=7
num_cat=0
split_feature=29 2 0 24 1 0
split_gain=0.06146 1.26926e-07 8.44859e-09 4.54969e-09 9.63452e-11 2.61481e-11
threshold=1.0000000180025095e-35 13.250000000000002 3.5000000000000004 1.0000000180025095e-35 2.5000000000000004 4.5000000000000009
decision_type=2 2 2 2 2 2
left_child=1 2 -1 4 -4 -6
right_child=-2 -3 3 -5 5 -7
leaf_value=-0.071370244960841864 0.072229142092105042 -0.071585582572417469 -0.071232731989156681 -0.07132251167826302 -0.071250826962426961 -0.071243611237191015
leaf_weight=0.0063901172252371899 0.034273853525519371 0.013393671251833439 0.0037429949734359971 0.006608094321563839 0.0066037373617291451 0.0062617696821689606
leaf_count=2 2 2 2 2 3 3
internal_value=-0.00768496 -0.0713812 -0.0712888 -0.0712664 -0.071244 -0.0712473
internal_weight=0.0772742 0.0430004 0.0296067 0.0232166 0.0166085 0.0128655
internal_count=16 14 12 10 8 6
is_linear=0
shrinkage=0.08


Tree=293
num_leaves=1
num_cat=0
split_feature=
split_gain=
threshold=
decision_type=
left_child=
right_child=
leaf_value=0
leaf_weight=
leaf_count=16
internal_value=
internal_weight=
internal_count=
is_linear=0
shrinkage=1


Tree=294
num_leaves=7
num_cat=0
split_feature=0 24 24 0 2 2
split_gain=0.071831 0.0543405 8.50431e-06 1.59198e-08 1.29095e-09 1.26542e-10
threshold=4.5000000000000009 1.0000000180025095e-35 1.0000000180025095e-35 3.5000000000000004 6.5000000000000009 6.5000000000000009
decision_type=2 2 2 2 2 2
left_child=2 4 3 -1 -2 -5
right_child=1 -3 -4 5 -6 -7
leaf_value=-0.071382845237038778 -0.071365099604813131 0.073701052869908634 -0.07336174710510586 -0.07125098126960426 -0.071405003738862952 -0.07123256302769769
leaf_weight=0.010908476077020168 0.011963783763349056 0.075817432254552841 0.033454548567533493 0.0066107751335948706 0.0091622243635356426 0.0037368446355685592
leaf_count=3 3 2 1 3 2 2
internal_value=0.000722881 0.0420843 -0.0725667 -0.0713154 -0.0713824 -0.0712443
internal_weight=0.151654 0.0969434 0.0547106 0.0212561 0.021126 0.0103476
internal_count=16 7 9 8 5 5
is_linear=0
shrinkage=0.08


Tree=295
num_leaves=7
num_cat=0
split_feature=2 0 2 22 0 2
split_gain=0.0587241 0.0835224 1.64046e-07 2.13492e-09 1.43209e-09 9.89575e-13
threshold=5.166666666666667 3.5000000000000004 13.250000000000002 1.0000000180025095e-35 5.5000000000000009 6.5000000000000009
decision_type=2 2 2 2 2 2
left_child=-1 -2 3 4 5 -3
right_child=1 2 -4 -5 -6 -7
leaf_value=-0.073134368725816454 0.074981506387930733 -0.071302699884872117 -0.07167971023212516 -0.071235823278568935 -0.071251507570355088 -0.071304054516722989
leaf_weight=0.040066125569865108 0.097531571984291077 0.0056941851507872352 0.0088532380759716034 0.005795649951323866 0.0044247340410947791 0.0087622345890849829
leaf_count=3 2 2 1 3 2 3
internal_value=0.0116249 0.0375361 -0.0713843 -0.0712783 -0.0712913 -0.0713035
internal_weight=0.171128 0.131062 0.03353 0.0246768 0.0188812 0.0144564
internal_count=16 13 11 10 7 5
is_linear=0
shrinkage=0.08


Tree=296
num_leaves=7
num_cat=0
split_feature=16 2 0 24 26 2
split_gain=0.0577823 1.27063e-07 8.48159e-09 4.5755e-09 1.52657e-10 2.46283e-12
threshold=1.0000000180025095e-35 13.250000000000002 3.5000000000000004 1.0000000180025095e-35 1.0000000180025095e-35 6.5000000000000009
decision_type=2 2 2 2 2 2
left_child=1 2 -1 4 5 -4
right_child=-2 -3 3 -5 -6 -7
leaf_value=-0.071370292558252904 0.072116638642095221 -0.071585668151119539 -0.071247847408654363 -0.071322508772931587 -0.071233166960402827 -0.071250307629610724
leaf_weight=0.0063930361066013566 0.03084904607385397 0.013398163951933384 0.0043098882306367159 0.0066079697571694842 0.0056917279725894323 0.0065798975992947817
leaf_count=2 2 2 2 2 3 3
internal_value=-0.011422 -0.0713813 -0.0712887 -0.0712662 -0.0712438 -0.0712493
internal_weight=0.0738297 0.0429807 0.0295825 0.0231895 0.0165815 0.0108898
internal_count=16 14 12 10 8 5
is_linear=0
shrinkage=0.08


Tree=297
num_leaves=8
num_cat=0
split_feature=24 2 0 1 2 2 0
split_gain=0.0543058 7.52485e-06 1.14585e-09 1.16819e-11 1.21687e-12 1.79914e-12 1.48319e-16
threshold=1.0000000180025095e-35 13.250000000000002 3.5000000000000004 2.5000000000000004 5.166666666666667 6.5000000000000009 5.5000000000000009
decision_type=2 2 2 2 2 2 2
left_child=1 2 -1 -4 -5 6 -6
right_child=-2 -3 3 4 5 -7 -8
leaf_value=-0.071229358454796068 0.029340100627562343 -0.073474406212664975 -0.071166021144654479 -0.071175042570545202 -0.071171731171523658 -0.071174703343025572 -0.071171762722788079
leaf_weight=0.0029146347660571345 0.11110170930624008 0.035021644085645676 0.0016917819739319393 0.0020192600786685944 0.0019137347117066383 0.0020084950374439359 0.0019150254083797336
leaf_count=2 3 1 2 2 2 2 2
internal_value=-0.00126517 -0.0728736 -0.0711855 -0.0711721 -0.0711733 -0.0711728 -0.0711717
internal_weight=0.158586 0.0474846 0.0124629 0.0095483 0.00785652 0.00583726 0.00382876
internal_count=16 13 12 10 8 6 4
is_linear=0
shrinkage=0.08


Tree=298
num_leaves=7
num_cat=0
split_feature=26 1 0 2 24 2
split_gain=0.077339 0.00614325 0.0246599 5.23378e-07 1.32645e-08 1.80029e-12
threshold=1.0000000180025095e-35 2.5000000000000004 4.5000000000000009 13.250000000000002 1.0000000180025095e-35 6.5000000000000009
decision_type=2 2 2 2 2 2
left_child=3 -2 -3 4 5 -1
right_child=1 2 -4 -5 -6 -7
leaf_value=-0.071330287319442701 0.073208066332463281 -0.071511874655145913 0.071939302591163254 -0.071882265846390445 -0.071442059766373481 -0.071331777880131439
leaf_weight=0.010336583713069558 0.044303080067038536 0.010958004742860794 0.02555560041218996 0.021374463569372892 0.01031002402305603 0.010407116962596774
leaf_count=3 2 2 2 2 2 3
internal_value=0.00409384 0.0531842 0.0288885 -0.0715776 -0.0713679 -0.071331
internal_weight=0.133245 0.0808167 0.0365136 0.0524282 0.0310537 0.0207437
internal_count=16 6 4 10 8 6
is_linear=0
shrinkage=0.08


Tree=299
num_leaves=1
num_cat=0
split_feature=
split_gain=
threshold=
decision_type=
left_child=
right_child=
leaf_value=0
leaf_weight=
leaf_count=16
internal_value=
internal_weight=
internal_count=
is_linear=0
shrinkage=1


Tree=300
num_leaves=7
num_cat=0
split_feature=28 2 13 24 26 2
split_gain=0.0689914 2.66008e-07 1.50582e-08 8.57471e-09 4.04325e-10 1.97202e-11
threshold=1.0000000180025095e-35 13.250000000000002 1.0000000180025095e-35 1.0000000180025095e-35 1.0000000180025095e-35 5.166666666666667
decision_type=2 2 2 2 2 2
left_child=1 2 3 4 -1 -6
right_child=-2 -3 -4 -5 5 -7
leaf_value=-0.071286159633365959 0.071911813651670542 -0.071722606856448767 -0.071427709659380487 -0.071372586630757781 -0.071265444898315766 -0.071258055450735214
leaf_weight=0.0082672135904431343 0.037011546082794666 0.017006679438054562 0.0084997841622680426 0.0081617061514407396 0.0047011804999783635 0.0045468080788850784
leaf_count=3 3 2 2 2 2 2
internal_value=-0.0112955 -0.0714641 -0.0713354 -0.0713049 -0.0712733 -0.0712618
internal_weight=0.0881949 0.0511834 0.0341767 0.0256769 0.0175152 0.00924799
internal_count=16 13 11 9 7 4
is_linear=0
shrinkage=0.08


Tree=301
num_leaves=7
num_cat=0
split_feature=29 2 0 24 2 0
split_gain=0.0535264 9.73724e-08 5.49414e-09 2.96887e-09 6.36396e-11 1.70443e-11
threshold=1.0000000180025095e-35 13.250000000000002 3.5000000000000004 1.0000000180025095e-35 6.5000000000000009 4.5000000000000009
decision_type=2 2 2 2 2 2
left_child=1 2 -1 4 5 -4
right_child=-2 -3 3 -5 -6 -7
leaf_value=-0.071335714348945867 0.072079633226732526 -0.071541111981746314 -0.071232354190522984 -0.071294491022282594 -0.071216586737729085 -0.071226102076218351
leaf_weight=0.0055484583135694257 0.029813839122653008 0.012014484498649836 0.0057335874298587441 0.0057365281973034135 0.0032466765260323891 0.0054369034478440881
leaf_count=2 2 2 3 2 2 3
internal_value=-0.00802939 -0.0713531 -0.0712652 -0.0712458 -0.0712264 -0.0712293
internal_weight=0.0675305 0.0377166 0.0257022 0.0201537 0.0144172 0.0111705
internal_count=16 14 12 10 8 6
is_linear=0
shrinkage=0.08


Tree=302
num_leaves=1
num_cat=0
split_feature=
split_gain=
threshold=
decision_type=
left_child=
right_child=
leaf_value=0
leaf_weight=
leaf_count=16
internal_value=
internal_weight=
internal_count=
is_linear=0
shrinkage=1


Tree=303
num_leaves=6
num_cat=0
split_feature=0 2 24 0 2
split_gain=0.0656194 0.00162747 6.21217e-06 1.0461e-08 8.33158e-11
threshold=4.5000000000000009 7.5000000000000009 1.0000000180025095e-35 3.5000000000000004 6.5000000000000009
decision_type=2 2 2 2 2
left_child=2 -2 3 -1 -5
right_child=1 -3 -4 4 -6
leaf_value=-0.071347159757036455 0.03402283627053717 0.056142731659162289 -0.073148183256351557 -0.071232486510770285 -0.071216442606796784
leaf_weight=0.0094873138004913926 0.051395338494330645 0.036339023616164923 0.030457161366939545 0.0057396990014240146 0.0032413440058007836
leaf_count=3 5 2 1 3 2
internal_value=0.00178778 0.0431848 -0.0724462 -0.0712886 -0.0712267
internal_weight=0.13666 0.0877344 0.0489255 0.0184684 0.00898104
internal_count=16 7 9 8 5
is_linear=0
shrinkage=0.08


Tree=304
num_leaves=7
num_cat=0
split_feature=2 0 2 22 0 2
split_gain=0.0505031 0.0727903 1.26299e-07 1.39538e-09 9.34108e-10 6.06296e-13
threshold=5.166666666666667 3.5000000000000004 13.250000000000002 1.0000000180025095e-35 5.5000000000000009 6.5000000000000009
decision_type=2 2 2 2 2 2
left_child=-1 -2 3 4 5 -3
right_child=1 2 -4 -5 -6 -7
leaf_value=-0.072861331848394911 0.07445383697061668 -0.071277352938717425 -0.071627745234378676 -0.071219304833462713 -0.071232962046589826 -0.071278490894479143
leaf_weight=0.034902992658317089 0.085360724478960037 0.0049441669834777713 0.008055930957198143 0.0050291563384234897 0.0038422610377892843 0.0076066331239417195
leaf_count=3 2 2 1 3 2 3
internal_value=0.011412 0.0370253 -0.0713577 -0.0712562 -0.0712675 -0.071278
internal_weight=0.149742 0.114839 0.0294781 0.0214222 0.0163931 0.0125508
internal_count=16 13 11 10 7 5
is_linear=0
shrinkage=0.08


Tree=305
num_leaves=7
num_cat=0
split_feature=16 2 0 24 26 2
split_gain=0.0503052 9.74622e-08 5.51565e-09 2.98562e-09 1.00329e-10 1.61754e-12
threshold=1.0000000180025095e-35 13.250000000000002 3.5000000000000004 1.0000000180025095e-35 1.0000000180025095e-35 6.5000000000000009
decision_type=2 2 2 2 2 2
left_child=1 2 -1 4 5 -4
right_child=-2 -3 3 -5 -6 -7
leaf_value=-0.071335759902438969 0.071981988977518271 -0.071541179748000699 -0.071229773498002247 -0.071294492318599967 -0.071216997908084528 -0.071231913228639074
leaf_weight=0.0055509952362626782 0.026818085461854935 0.012018443085253239 0.0037420286098495126 0.0057364199310541144 0.0049388142069801697 0.0057132537476718426
leaf_count=2 2 2 2 2 3 3
internal_value=-0.0117733 -0.0713532 -0.0712652 -0.0712457 -0.0712262 -0.0712311
internal_weight=0.064518 0.0377 0.0256815 0.0201305 0.0143941 0.00945528
internal_count=16 14 12 10 8 5
is_linear=0
shrinkage=0.08


Tree=306
num_leaves=8
num_cat=0
split_feature=2 24 0 2 2 2 0
split_gain=0.0514938 1.51158e-06 7.46715e-10 5.52407e-12 1.00031e-12 6.59778e-13 7.15573e-17
threshold=13.250000000000002 1.0000000180025095e-35 3.5000000000000004 7.5000000000000009 5.166666666666667 6.5000000000000009 5.5000000000000009
decision_type=2 2 2 2 2 2 2
left_child=1 2 -1 4 -4 6 -6
right_child=-2 -3 3 -5 5 -7 -8
leaf_value=-0.071213642723496715 0.030513973195090052 -0.072258116421312218 -0.071166601152568496 -0.071159572795903486 -0.071163712399754983 -0.071165653291510825 -0.07116373590133146
leaf_weight=0.0025301556452177474 0.10000363923609257 0.034866845235228539 0.0017529629403725266 0.0014875894994474947 0.0016610244638286531 0.0017229044460691512 0.0016619442612864077
leaf_count=2 2 2 2 2 2 2 2
internal_value=-0.00163213 -0.0720018 -0.0711756 -0.071164 -0.071165 -0.0711644 -0.0711637
internal_weight=0.145687 0.0456834 0.0108166 0.00828643 0.00679884 0.00504587 0.00332297
internal_count=16 14 12 10 8 6 4
is_linear=0
shrinkage=0.08


Tree=307
num_leaves=7
num_cat=0
split_feature=26 1 0 2 24 2
split_gain=0.0682406 0.005131 0.0215517 3.93952e-07 1.05014e-08 1.12464e-12
threshold=1.0000000180025095e-35 2.5000000000000004 4.5000000000000009 13.250000000000002 1.0000000180025095e-35 6.5000000000000009
decision_type=2 2 2 2 2 2
left_child=3 -2 -3 4 5 -1
right_child=1 2 -4 -5 -6 -7
leaf_value=-0.07130123407473335 0.072925124164063104 -0.071458386372299051 0.071849831052228669 -0.071810703233849901 -0.07140690167491566 -0.07130249853005402
leaf_weight=0.0089737758971750736 0.038600597996264696 0.0095112398266792297 0.02285394910722971 0.019192578736692667 0.009207114577293396 0.0090336550492793322
leaf_count=3 2 2 2 2 2 3
internal_value=0.00389954 0.0532277 0.0297355 -0.0715331 -0.0713374 -0.0713019
internal_weight=0.117373 0.0709658 0.0323652 0.0464071 0.0272145 0.0180074
internal_count=16 6 4 10 8 6
is_linear=0
shrinkage=0.08


Tree=308
num_leaves=1
num_cat=0
split_feature=
split_gain=
threshold=
decision_type=
left_child=
right_child=
leaf_value=0
leaf_weight=
leaf_count=16
internal_value=
internal_weight=
internal_count=
is_linear=0
shrinkage=1


Tree=309
num_leaves=7
num_cat=0
split_feature=28 2 13 24 26 2
split_gain=0.0605826 2.02983e-07 9.30765e-09 6.66296e-09 2.6413e-10 1.34852e-11
threshold=1.0000000180025095e-35 13.250000000000002 1.0000000180025095e-35 1.0000000180025095e-35 1.0000000180025095e-35 5.166666666666667
decision_type=2 2 2 2 2 2
left_child=1 2 3 4 -1 -6
right_child=-2 -3 -4 -5 5 -7
leaf_value=-0.071262966537071384 0.071813760577514513 -0.071666096120679049 -0.071385517322890474 -0.07134484971677664 -0.071245066557154138 -0.071238507753390273
leaf_weight=0.0071764029562473306 0.032503458671271801 0.01527050044387579 0.0073765858542174092 0.0072883511893451205 0.0040841108420863748 0.0039433932397514582
leaf_count=3 3 2 2 2 2 2
internal_value=-0.0114635 -0.0714288 -0.0713075 -0.071282 -0.0712518 -0.0712418
internal_weight=0.0776428 0.0451393 0.0298688 0.0224923 0.0152039 0.0080275
internal_count=16 13 11 9 7 4
is_linear=0
shrinkage=0.08


Tree=310
num_leaves=7
num_cat=0
split_feature=29 2 0 24 1 0
split_gain=0.0475689 7.43196e-08 3.42084e-09 2.31875e-09 4.18356e-11 1.12454e-11
threshold=1.0000000180025095e-35 13.250000000000002 3.5000000000000004 1.0000000180025095e-35 2.5000000000000004 4.5000000000000009
decision_type=2 2 2 2 2 2
left_child=1 2 -1 4 -4 -6
right_child=-2 -3 3 -5 5 -7
leaf_value=-0.071305803717335761 0.07197809619977652 -0.071501549334727382 -0.071202590266896112 -0.071275072493436731 -0.071216319415941767 -0.07121086859240959
leaf_weight=0.0048170228255912653 0.026757230050861835 0.010787542909383774 0.0028161874506622562 0.0051224960479885331 0.0049774809740483761 0.0047186894807964563
leaf_count=2 2 2 2 2 3 3
internal_value=-0.00741707 -0.071329 -0.0712461 -0.0712297 -0.0712112 -0.0712137
internal_weight=0.0599966 0.0332394 0.0224519 0.0176349 0.0125124 0.00969617
internal_count=16 14 12 10 8 6
is_linear=0
shrinkage=0.08


Tree=311
num_leaves=1
num_cat=0
split_feature=
split_gain=
threshold=
decision_type=
left_child=
right_child=
leaf_value=0
leaf_weight=
leaf_count=16
internal_value=
internal_weight=
internal_count=
is_linear=0
shrinkage=1


Tree=312
num_leaves=6
num_cat=0
split_feature=0 2 24 0 2
split_gain=0.0589901 0.00146427 4.55151e-06 6.86719e-09 5.48143e-11
threshold=4.5000000000000009 7.5000000000000009 1.0000000180025095e-35 3.5000000000000004 6.5000000000000009
decision_type=2 2 2 2 2
left_child=2 -2 3 -1 -5
right_child=1 -3 -4 4 -6
leaf_value=-0.071316116995238071 0.033537051873814179 0.055126192593550075 -0.072957930859634354 -0.071216433114662456 -0.071202462458386073
leaf_weight=0.008248434285633266 0.049066457198932767 0.034065380692481995 0.027756769210100174 0.0049827875336632124 0.0028115637833252549
leaf_count=3 5 2 1 3 2
internal_value=0.00279734 0.0423838 -0.0723379 -0.0712652 -0.0712114
internal_weight=0.126931 0.0831318 0.0437996 0.0160428 0.00779435
internal_count=16 7 9 8 5
is_linear=0
shrinkage=0.08


Tree=313
num_leaves=8
num_cat=0
split_feature=27 13 0 2 24 26 2
split_gain=0.0439008 0.0469112 4.57142e-06 1.0003e-07 2.32739e-09 7.10156e-11 1.06978e-12
threshold=1.0000000180025095e-35 1.0000000180025095e-35 3.5000000000000004 13.250000000000002 1.0000000180025095e-35 1.0000000180025095e-35 6.5000000000000009
decision_type=2 2 2 2 2 2 2
left_child=1 2 -1 4 5 6 -4
right_child=-2 -3 3 -5 -6 -7 -8
leaf_value=-0.072846793310275978 0.067210020710072205 0.058436190876739368 -0.071214111791194495 -0.071581127266563599 -0.071274951927204941 -0.071202515560305712 -0.071215979098297452
leaf_weight=0.026166103780269623 0.053093967493623495 0.026887050829827785 0.0032495006453245878 0.0073384991846978656 0.0051186359487473956 0.0042650256073102364 0.0049618106568232179
leaf_count=1 2 2 2 1 2 3 3
internal_value=0.0110995 -0.0271011 -0.0721082 -0.071333 -0.0712295 -0.0712109 -0.0712152
internal_weight=0.131081 0.0779866 0.0510996 0.0249335 0.017595 0.0124763 0.00821131
internal_count=16 14 12 11 10 8 5
is_linear=0
shrinkage=0.08


Tree=314
num_leaves=7
num_cat=0
split_feature=16 2 0 24 26 2
split_gain=0.0438859 7.43844e-08 3.43515e-09 2.33113e-09 6.5903e-11 1.05177e-12
threshold=1.0000000180025095e-35 13.250000000000002 3.5000000000000004 1.0000000180025095e-35 1.0000000180025095e-35 6.5000000000000009
decision_type=2 2 2 2 2 2
left_child=1 2 -1 4 5 -4
right_child=-2 -3 3 -5 -6 -7
leaf_value=-0.071305843928288357 0.071865530774889858 -0.071501607424332758 -0.071214062239457587 -0.07127506790968903 -0.071202940408369372 -0.0712159142180806
leaf_weight=0.0048192271497100583 0.02330703753978014 0.01079103141091764 0.0032480894587934017 0.0051223994232714168 0.0042844073614105591 0.0049588297260925174
leaf_count=2 2 2 2 2 3 3
internal_value=-0.0122917 -0.071329 -0.071246 -0.0712296 -0.071211 -0.0712152
internal_weight=0.056531 0.033224 0.022433 0.0176137 0.0124913 0.00820692
internal_count=16 14 12 10 8 5
is_linear=0
shrinkage=0.08


Tree=315
num_leaves=8
num_cat=0
split_feature=2 24 0 2 2 2 0
split_gain=0.0444327 1.06129e-06 5.24888e-10 3.62686e-12 6.54883e-13 4.35156e-13 4.77049e-17
threshold=13.250000000000002 1.0000000180025095e-35 3.5000000000000004 7.5000000000000009 5.166666666666667 6.5000000000000009 5.5000000000000009
decision_type=2 2 2 2 2 2 2
left_child=1 2 -1 4 -4 6 -6
right_child=-2 -3 3 -5 5 -7 -8
leaf_value=-0.071201476546556147 0.028360727375889582 -0.072136629369240049 -0.071159259793289062 -0.071153147458691071 -0.071156748547199153 -0.071158440617644356 -0.071156769128224315
leaf_weight=0.0022219211095944047 0.093074090778827667 0.031215693801641464 0.0015213845181278884 0.0012901696027256548 0.0014413568424060941 0.001495254342444241 0.0014422142994590104
leaf_count=2 2 2 2 2 2 2 2
internal_value=-0.00210914 -0.0719121 -0.0711675 -0.071157 -0.0711578 -0.0711573 -0.0711568
internal_weight=0.133702 0.040628 0.0094123 0.00719038 0.00590021 0.00437883 0.00288357
internal_count=16 14 12 10 8 6 4
is_linear=0
shrinkage=0.08


Tree=316
num_leaves=7
num_cat=0
split_feature=26 1 3 2 24 2
split_gain=0.0603569 0.00428151 0.00463038 2.95113e-07 8.35755e-09 7.23905e-13
threshold=1.0000000180025095e-35 2.5000000000000004 6.5000000000000009 13.250000000000002 1.0000000180025095e-35 6.5000000000000009
decision_type=2 2 2 2 2 2
left_child=3 -2 -3 4 5 -1
right_child=1 2 -4 -5 -6 -7
leaf_value=-0.071276016008959553 0.072680613886043383 0.0059893887618917719 0.07181828478911538 -0.071745327124953906 -0.071376130379027278 -0.071277104913212069
leaf_weight=0.007788941264152526 0.03360741538926959 0.018161962507292628 0.010968534275889397 0.017237526830285788 0.008239672752097249 0.0078406324610114098
leaf_count=3 2 3 1 2 2 3
internal_value=0.00385458 0.0532234 0.030776 -0.0714931 -0.0713109 -0.0712766
internal_weight=0.103845 0.0627379 0.0291305 0.0411068 0.0238692 0.0156296
internal_count=16 6 4 10 8 6
is_linear=0
shrinkage=0.08


Tree=317
num_leaves=1
num_cat=0
split_feature=
split_gain=
threshold=
decision_type=
left_child=
right_child=
leaf_value=0
leaf_weight=
leaf_count=16
internal_value=
internal_weight=
internal_count=
is_linear=0
shrinkage=1


Tree=318
num_leaves=7
num_cat=0
split_feature=28 2 13 24 26 2
split_gain=0.0532866 1.53145e-07 6.2437e-09 5.20954e-09 1.72079e-10 9.14874e-12
threshold=1.0000000180025095e-35 13.250000000000002 1.0000000180025095e-35 1.0000000180025095e-35 1.0000000180025095e-35 5.166666666666667
decision_type=2 2 2 2 2 2
left_child=1 2 3 4 -1 -6
right_child=-2 -3 -4 -5 5 -7
leaf_value=-0.071242824797246987 0.071728769144389415 -0.071614434864250523 -0.071352641231517314 -0.071320560751689452 -0.071227371237281817 -0.071221572463555635
leaf_weight=0.006228205980733037 0.028565743006765842 0.013714810367673635 0.0064699074719101182 0.0065223274286836377 0.0035473245661705732 0.003420119290240109
leaf_count=3 3 2 2 2 2 2
internal_value=-0.0116839 -0.0713979 -0.0712844 -0.0712621 -0.0712332 -0.0712245
internal_weight=0.0684684 0.0399027 0.0261879 0.019718 0.0131956 0.00696744
internal_count=16 13 11 9 7 4
is_linear=0
shrinkage=0.08


Tree=319
num_leaves=7
num_cat=0
split_feature=29 2 0 24 1 0
split_gain=0.0423787 5.61043e-08 2.32106e-09 1.82169e-09 2.74416e-11 7.40331e-12
threshold=1.0000000180025095e-35 13.250000000000002 3.5000000000000004 1.0000000180025095e-35 2.5000000000000004 4.5000000000000009
decision_type=2 2 2 2 2 2
left_child=1 2 -1 4 -4 -6
right_child=-2 -3 3 -5 5 -7
leaf_value=-0.07128265366377344 0.071889390380754897 -0.07146534392439638 -0.071190450580520412 -0.071258058144130207 -0.071202392291927985 -0.071197644774290067
leaf_weight=0.004230277379974722 0.0240711634978652 0.0096882053185254335 0.0024427784373983749 0.0045839699450880298 0.0043201553635299206 0.0040946586523205042
leaf_count=2 2 2 2 2 3 3
internal_value=-0.00679636 -0.0713078 -0.0712302 -0.0712158 -0.0711979 -0.0712001
internal_weight=0.0534312 0.02936 0.0196718 0.0154416 0.0108576 0.00841481
internal_count=16 14 12 10 8 6
is_linear=0
shrinkage=0.08


Tree=320
num_leaves=1
num_cat=0
split_feature=
split_gain=
threshold=
decision_type=
left_child=
right_child=
leaf_value=0
leaf_weight=
leaf_count=16
internal_value=
internal_weight=
internal_count=
is_linear=0
shrinkage=1


Tree=321
num_leaves=7
num_cat=0
split_feature=0 24 24 0 2 2
split_gain=0.051173 0.04338 3.32376e-06 4.71169e-09 1.00051e-09 3.59314e-11
threshold=4.5000000000000009 1.0000000180025095e-35 1.0000000180025095e-35 3.5000000000000004 6.5000000000000009 6.5000000000000009
decision_type=2 2 2 2 2 2
left_child=2 4 3 -1 -2 -5
right_child=1 -3 -4 5 -6 -7
leaf_value=-0.071291006047243727 -0.07131571094396344 0.073088224645686331 -0.072783186765699046 -0.07120248912652892 -0.071354561018166562 -0.071190345520804943
leaf_weight=0.0072293828707188368 0.0096506623085588217 0.058624608442187309 0.025251235812902451 0.0043247613357380033 0.0075703987386077634 0.0024387690937146544
leaf_count=3 3 2 1 3 2 2
internal_value=0.0019249 0.0402969 -0.0722351 -0.0712461 -0.0713328 -0.0711981
internal_weight=0.11509 0.0758457 0.0392441 0.0139929 0.0172211 0.00676353
internal_count=16 7 9 8 5 5
is_linear=0
shrinkage=0.08


Tree=322
num_leaves=8
num_cat=0
split_feature=27 13 0 2 24 26 2
split_gain=0.0394814 0.0405062 2.95783e-06 7.56331e-08 1.82755e-09 4.65094e-11 6.9414e-13
threshold=1.0000000180025095e-35 1.0000000180025095e-35 3.5000000000000004 13.250000000000002 1.0000000180025095e-35 1.0000000180025095e-35 6.5000000000000009
decision_type=2 2 2 2 2 2 2
left_child=1 2 -1 4 5 6 -4
right_child=-2 -3 3 -5 -6 -7 -8
leaf_value=-0.072612402337582108 0.066483517603600134 0.056757847088004264 -0.071200470858814549 -0.071538007807394804 -0.071257949597824929 -0.071190391344735524 -0.071202085424249301
leaf_weight=0.022778980433940887 0.049682910786941648 0.024020037613809109 0.002820320543833077 0.0066732768900692454 0.004580515669658781 0.0037000488955527544 0.0043062114855274558
leaf_count=1 2 2 2 1 2 3 3
internal_value=0.0121267 -0.0270811 -0.0719728 -0.071313 -0.0712156 -0.0711977 -0.0712014
internal_weight=0.118562 0.0688794 0.0448594 0.0220804 0.0154071 0.0108266 0.00712653
internal_count=16 14 12 11 10 8 5
is_linear=0
shrinkage=0.08


Tree=323
num_leaves=7
num_cat=0
split_feature=16 2 0 24 26 2
split_gain=0.0387123 5.6148e-08 2.33076e-09 1.8309e-09 4.32754e-11 6.79815e-13
threshold=1.0000000180025095e-35 13.250000000000002 3.5000000000000004 1.0000000180025095e-35 1.0000000180025095e-35 6.5000000000000009
decision_type=2 2 2 2 2 2
left_child=1 2 -1 4 5 -4
right_child=-2 -3 3 -5 -6 -7
leaf_value=-0.071282693295865146 0.071777340414751728 -0.071465395110770352 -0.071200432972665442 -0.071258057978522235 -0.071190749157739014 -0.071202031191896664
leaf_weight=0.0042322041699662796 0.020593702793121338 0.0096912861336022615 0.0028190955054014921 0.0045838835649192342 0.0037162730004638433 0.004303624271415174
leaf_count=2 2 2 2 2 3 3
internal_value=-0.012304 -0.0713078 -0.0712301 -0.0712157 -0.0711977 -0.0712014
internal_weight=0.0499401 0.0293464 0.0196551 0.0154229 0.010839 0.00712272
internal_count=16 14 12 10 8 5
is_linear=0
shrinkage=0.08


Tree=324
num_leaves=8
num_cat=0
split_feature=24 2 0 1 2 0 2
split_gain=0.0409384 3.44407e-06 3.65947e-10 3.76249e-12 1.76296e-13 3.55998e-13 3.98323e-14
threshold=1.0000000180025095e-35 13.250000000000002 3.5000000000000004 2.5000000000000004 5.166666666666667 5.5000000000000009 6.5000000000000009
decision_type=2 2 2 2 2 2 2
left_child=1 2 -1 -4 -5 -6 -7
right_child=-2 -3 3 4 5 6 -8
leaf_value=-0.071190837882785254 0.028326906803367784 -0.073017372993353133 -0.071146945177709961 -0.07115288735487732 -0.071150706868411143 -0.071152033589547456 -0.07115265912252694
leaf_weight=0.0019525961834006011 0.085227489471435547 0.028603563085198402 0.0011039772944059223 0.0013201858382672071 0.0012508082436397672 0.0012931091478094459 0.0013130421284586191
leaf_count=2 3 1 2 2 2 2 2
internal_value=-0.002132 -0.0726024 -0.0711606 -0.0711512 -0.0711521 -0.0711518 -0.0711523
internal_weight=0.122065 0.0368373 0.00823372 0.00628112 0.00517715 0.00385696 0.00260615
internal_count=16 13 12 10 8 6 4
is_linear=0
shrinkage=0.08


Tree=325
num_leaves=7
num_cat=0
split_feature=26 1 0 2 24 2
split_gain=0.0523674 0.00402619 0.0178541 2.24789e-07 5.49052e-09 4.85108e-13
threshold=1.0000000180025095e-35 2.5000000000000004 4.5000000000000009 13.250000000000002 1.0000000180025095e-35 6.5000000000000009
decision_type=2 2 2 2 2 2
left_child=3 -2 -3 4 5 -1
right_child=1 2 -4 -5 -6 -7
leaf_value=-0.071254155677176675 0.072469529622887899 -0.07140192385419368 0.071720884353460038 -0.071687291075119661 -0.071341222017764036 -0.071255112437787538
leaf_weight=0.0067605830263346434 0.029245635028928518 0.0079074262175709009 0.018938015215098858 0.015503710601478815 0.0071609281003475181 0.0068061950150877237
leaf_count=3 2 2 2 2 2 3
internal_value=0.00351029 0.0519345 0.0295635 -0.0714569 -0.0712845 -0.0712546
internal_weight=0.0923225 0.0560911 0.0268454 0.0362314 0.0207277 0.0135668
internal_count=16 6 4 10 8 6
is_linear=0
shrinkage=0.08


Tree=326
num_leaves=1
num_cat=0
split_feature=
split_gain=
threshold=
decision_type=
left_child=
right_child=
leaf_value=0
leaf_weight=
leaf_count=16
internal_value=
internal_weight=
internal_count=
is_linear=0
shrinkage=1


Tree=327
num_leaves=7
num_cat=0
split_feature=28 2 13 24 26 2
split_gain=0.046544 1.17054e-07 4.39964e-09 3.33174e-09 8.34001e-11 4.85532e-14
threshold=1.0000000180025095e-35 13.250000000000002 1.0000000180025095e-35 1.0000000180025095e-35 1.0000000180025095e-35 5.166666666666667
decision_type=2 2 2 2 2 2
left_child=1 2 3 4 -1 -6
right_child=-2 -3 -4 -5 5 -7
leaf_value=-0.071225386510451932 0.071646500964647683 -0.071568536850091416 -0.071323948396982029 -0.071293004073798696 -0.07121199592983693 -0.07121154675478672
leaf_weight=0.0054061480332165956 0.024817393161356449 0.01233527809381485 0.0056790222879499188 0.0056681514251977197 0.0030802377732470632 0.0030803823610767722
leaf_count=3 3 2 2 2 2 2
internal_value=-0.0122806 -0.0713698 -0.0712629 -0.0712428 -0.0712181 -0.0712118
internal_weight=0.0600666 0.0352492 0.0229139 0.0172349 0.0115668 0.00616062
internal_count=16 13 11 9 7 4
is_linear=0
shrinkage=0.08


Tree=328
num_leaves=8
num_cat=0
split_feature=29 2 0 24 1 3 0
split_gain=0.0370252 4.28839e-08 1.64426e-09 1.17103e-09 2.17411e-11 3.56996e-12 4.62177e-13
threshold=1.0000000180025095e-35 13.250000000000002 3.5000000000000004 1.0000000180025095e-35 2.5000000000000004 6.5000000000000009 5.5000000000000009
decision_type=2 2 2 2 2 2 2
left_child=1 2 -1 4 -4 6 -6
right_child=-2 -3 3 -5 5 -7 -8
leaf_value=-0.071262429223320767 0.071785579941208044 -0.071433160765879702 -0.071179928405176077 -0.071238746089695409 -0.071191097076523435 -0.071186571827840231 -0.07118955891676669
leaf_weight=0.0037175441975705317 0.020920829847455025 0.0087134575005620718 0.0021188805112615236 0.0039834342896938333 0.0025251162005588404 0.0023807096295058727 0.0024762225802987814
leaf_count=2 2 2 2 2 2 2 2
internal_value=-0.00738009 -0.0712886 -0.0712153 -0.0712023 -0.0711871 -0.0711891 -0.0711903
internal_weight=0.0468362 0.0259154 0.0172019 0.0134844 0.00950093 0.00738205 0.00500134
internal_count=16 14 12 10 8 6 4
is_linear=0
shrinkage=0.08


Tree=329
num_leaves=1
num_cat=0
split_feature=
split_gain=
threshold=
decision_type=
left_child=
right_child=
leaf_value=0
leaf_weight=
leaf_count=16
internal_value=
internal_weight=
internal_count=
is_linear=0
shrinkage=1


Tree=330
num_leaves=7
num_cat=0
split_feature=0 24 24 0 2 2
split_gain=0.0450798 0.0378975 2.4368e-06 3.24355e-09 5.12247e-10 2.35344e-11
threshold=4.5000000000000009 1.0000000180025095e-35 1.0000000180025095e-35 3.5000000000000004 6.5000000000000009 6.5000000000000009
decision_type=2 2 2 2 2 2
left_child=2 4 3 -1 -2 -5
right_child=1 -3 -4 5 -6 -7
leaf_value=-0.07126910974012611 -0.071292589401214995 0.072821774630614705 -0.072627804943338647 -0.071190380439509121 -0.071322282509899998 -0.071179828960445835
leaf_weight=0.0063398173078894615 0.0085623729974031448 0.051092106848955154 0.023002887144684792 0.0037531013367697597 0.0065725545864552268 0.0021154038258828223
leaf_count=3 3 2 1 3 2 2
internal_value=0.000997389 0.0398842 -0.072143 -0.0712294 -0.0713055 -0.0711866
internal_weight=0.101438 0.066227 0.0352112 0.0122083 0.0151349 0.00586851
internal_count=16 7 9 8 5 5
is_linear=0
shrinkage=0.08


Tree=331
num_leaves=7
num_cat=0
split_feature=0 2 0 0 2 2
split_gain=0.0361118 5.45164e-08 1.19589e-09 6.05118e-10 1.31859e-09 2.44767e-13
threshold=3.5000000000000004 13.250000000000002 5.5000000000000009 4.5000000000000009 5.166666666666667 6.5000000000000009
decision_type=2 2 2 2 2 2
left_child=-1 2 3 4 -2 -4
right_child=1 -3 5 -5 -6 -7
leaf_value=0.038721035013685075 -0.071251834503970726 -0.071499440006510775 -0.071189562119335012 -0.071253379130591862 -0.07118301998475754 -0.071190682891125526
leaf_weight=0.082991603761911392 0.0038244206225499511 0.0060769505798816672 0.0024764380650594822 0.0065763157326728106 0.0033370936289429665 0.0025121725630015135
leaf_count=3 2 1 2 3 3 2
internal_value=0.0134075 -0.0712912 -0.0712237 -0.0712359 -0.0712198 -0.0711901
internal_weight=0.107795 0.0248034 0.0187264 0.0137378 0.00716151 0.00498861
internal_count=16 13 12 8 5 4
is_linear=0
shrinkage=0.08


Tree=332
num_leaves=8
num_cat=0
split_feature=16 2 0 24 1 0 2
split_gain=0.0343778 4.291e-08 1.64996e-09 1.17633e-09 2.18561e-11 3.44653e-12 1.4395e-13
threshold=1.0000000180025095e-35 13.250000000000002 3.5000000000000004 1.0000000180025095e-35 2.5000000000000004 5.5000000000000009 6.5000000000000009
decision_type=2 2 2 2 2 2 2
left_child=1 2 -1 4 -4 -6 -7
right_child=-2 -3 3 -5 5 6 -8
leaf_value=-0.071262458473821455 0.071705949286385448 -0.071433199018629503 -0.071179776723344204 -0.071238749018957992 -0.07118649570412329 -0.071189764194995869 -0.071190623325059404
leaf_weight=0.003719229018315672 0.018405157141387463 0.0087161816190928221 0.0021151067339815208 0.0039833590853959331 0.002378117060288786 0.0024826006265357137 0.0025102283107116818
leaf_count=2 2 2 2 2 2 2 2
internal_value=-0.0118926 -0.0712886 -0.0712153 -0.0712023 -0.0711869 -0.071189 -0.0711902
internal_weight=0.04431 0.0259048 0.0171886 0.0134694 0.00948605 0.00737095 0.00499283
internal_count=16 14 12 10 8 6 4
is_linear=0
shrinkage=0.08


Tree=333
num_leaves=7
num_cat=0
split_feature=24 2 0 3 0 0
split_gain=0.0356152 2.43094e-06 2.81241e-10 7.47385e-13 1.19093e-12 4.93117e-14
threshold=1.0000000180025095e-35 13.250000000000002 3.5000000000000004 6.5000000000000009 5.5000000000000009 5.5000000000000009
decision_type=2 2 2 2 2 2
left_child=1 2 -1 5 -5 -4
right_child=-2 -3 3 4 -6 -7
leaf_value=-0.071182832996314394 0.026532439907556844 -0.072818503230571346 -0.071147362628547053 -0.071143937203866317 -0.071147164960172468 -0.071146616545189542
leaf_weight=0.0017390168213751158 0.079122121445834637 0.025759609416127205 0.0011457856744527817 0.0020431120065040886 0.0011396684567444026 0.0011223123874515295
leaf_count=2 3 1 2 4 2 2
internal_value=-0.0025704 -0.0724555 -0.0711548 -0.0711459 -0.0711451 -0.071147
internal_weight=0.112072 0.0329495 0.0071899 0.00545088 0.00318278 0.0022681
internal_count=16 13 12 10 6 4
is_linear=0
shrinkage=0.08


Tree=334
num_leaves=7
num_cat=0
split_feature=26 1 0 2 24 2
split_gain=0.0470229 0.0037495 0.0157355 1.71767e-07 3.57857e-09 3.17409e-13
threshold=1.0000000180025095e-35 2.5000000000000004 4.5000000000000009 13.250000000000002 1.0000000180025095e-35 6.5000000000000009
decision_type=2 2 2 2 2 2
left_child=3 -2 -3 4 5 -1
right_child=1 2 -4 -5 -6 -7
leaf_value=-0.071235207680333867 0.072411353770574061 -0.071371869909201677 0.071639655330420424 -0.07163473307234465 -0.07131065839558455 -0.071236038369762417
leaf_weight=0.0058680864749476314 0.027375022415071726 0.0070271438453346482 0.016452494077384472 0.014063973911106586 0.0062148445285856715 0.0059076587203890085
leaf_count=3 2 2 2 2 2 3
internal_value=0.00446111 0.0522936 0.0288382 -0.0714253 -0.0712615 -0.0712356
internal_weight=0.0829092 0.0508547 0.0234796 0.0320546 0.0179906 0.0117757
internal_count=16 6 4 10 8 6
is_linear=0
shrinkage=0.08


Tree=335
num_leaves=1
num_cat=0
split_feature=
split_gain=
threshold=
decision_type=
left_child=
right_child=
leaf_value=0
leaf_weight=
leaf_count=16
internal_value=
internal_weight=
internal_count=
is_linear=0
shrinkage=1


Tree=336
num_leaves=7
num_cat=0
split_feature=28 2 13 24 26 2
split_gain=0.0406858 8.93155e-08 3.48085e-09 2.17312e-09 5.47261e-11 3.31488e-14
threshold=1.0000000180025095e-35 13.250000000000002 1.0000000180025095e-35 1.0000000180025095e-35 1.0000000180025095e-35 5.166666666666667
decision_type=2 2 2 2 2 2
left_child=1 2 3 4 -1 -6
right_child=-2 -3 -4 -5 5 -7
leaf_value=-0.071210258889526007 0.071575235472512072 -0.071526929088251354 -0.071302123004144138 -0.071268862081231246 -0.071198618791904172 -0.071198220325986397
leaf_weight=0.0046926308423280716 0.021556454245001078 0.011189508019015193 0.0050493826856836668 0.0049190847203135499 0.0026725133648142219 0.0026721818139776587
leaf_count=3 3 2 2 2 2 2
internal_value=-0.0129427 -0.0713459 -0.0712447 -0.0712253 -0.071204 -0.0711984
internal_weight=0.0527518 0.0311953 0.0200058 0.0149564 0.0100373 0.0053447
internal_count=16 13 11 9 7 4
is_linear=0
shrinkage=0.08


Tree=337
num_leaves=8
num_cat=0
split_feature=29 2 0 24 2 3 0
split_gain=0.0323748 3.27345e-08 1.30751e-09 7.64321e-10 1.42975e-11 2.32406e-12 3.02745e-13
threshold=1.0000000180025095e-35 13.250000000000002 3.5000000000000004 1.0000000180025095e-35 6.5000000000000009 6.5000000000000009 5.5000000000000009
decision_type=2 2 2 2 2 2 2
left_child=1 2 -1 4 5 6 -4
right_child=-2 -3 3 -5 -6 -7 -8
leaf_value=-0.071247196874085858 0.071695696040734308 -0.071403959757172869 -0.071180510378933845 -0.071221827938743362 -0.071170793332646434 -0.071176589139504184 -0.071179174115831939
leaf_weight=0.0033106586197391161 0.018178078345954418 0.0079038385301828384 0.0021916133118793368 0.0034568471601232895 0.0018379377434030175 0.0020662070019170642 0.0021492268424481153
leaf_count=2 2 2 2 2 2 2 2
internal_value=-0.00803046 -0.0712722 -0.0712028 -0.0711903 -0.071177 -0.0711788 -0.0711798
internal_weight=0.0410944 0.0229163 0.0150125 0.0117018 0.00824498 0.00640705 0.00434084
internal_count=16 14 12 10 8 6 4
is_linear=0
shrinkage=0.08


Tree=338
num_leaves=1
num_cat=0
split_feature=
split_gain=
threshold=
decision_type=
left_child=
right_child=
leaf_value=0
leaf_weight=
leaf_count=16
internal_value=
internal_weight=
internal_count=
is_linear=0
shrinkage=1


Tree=339
num_leaves=7
num_cat=0
split_feature=0 24 24 0 2 2
split_gain=0.0415397 0.0332245 1.7908e-06 2.46431e-09 3.34386e-10 1.54359e-11
threshold=4.5000000000000009 1.0000000180025095e-35 1.0000000180025095e-35 3.5000000000000004 6.5000000000000009 6.5000000000000009
decision_type=2 2 2 2 2 2
left_child=2 4 3 -1 -2 -5
right_child=1 -3 -4 5 -6 -7
leaf_value=-0.071253254233200419 -0.071268535055629606 0.072673757008018772 -0.072486664699989753 -0.071179889454063117 -0.071294284247648304 -0.071170715166893703
leaf_weight=0.0056708157062530518 0.0074324223678559065 0.046859689056873322 0.020943636074662209 0.0032572852214798331 0.0057055715005844831 0.0018349226447753608
leaf_count=3 3 2 1 3 2 2
internal_value=0.0020103 0.0411515 -0.0720557 -0.071217 -0.0712797 -0.0711766
internal_weight=0.0917043 0.0599977 0.0317067 0.010763 0.013138 0.00509221
internal_count=16 7 9 8 5 5
is_linear=0
shrinkage=0.08


Tree=340
num_leaves=7
num_cat=0
split_feature=2 0 4 0 0 2
split_gain=0.0328534 0.0455596 4.14643e-08 5.29708e-10 1.11808e-09 1.62444e-13
threshold=5.166666666666667 3.5000000000000004 1.0000000180025095e-35 5.5000000000000009 4.5000000000000009 6.5000000000000009
decision_type=2 2 2 2 2 2
left_child=-1 -2 -3 4 -4 -5
right_child=1 2 3 5 -6 -7
leaf_value=-0.072200447136129317 0.073330760796858727 -0.071464217058129872 -0.071173489010969954 -0.071179182642224698 -0.071234524803919397 -0.071180162676458616
leaf_weight=0.022515106480568647 0.056944122537970543 0.0055311406031250945 0.0028951318236067891 0.0021494136890396484 0.0057075790828093886 0.0021805372089147568
leaf_count=3 2 1 3 2 3 2
internal_value=0.0126021 0.0379223 -0.0712809 -0.0712025 -0.071214 -0.0711797
internal_weight=0.097923 0.0754079 0.0184638 0.0129327 0.00860271 0.00432995
internal_count=16 13 11 10 6 4
is_linear=0
shrinkage=0.08


Tree=341
num_leaves=8
num_cat=0
split_feature=16 2 0 24 1 0 2
split_gain=0.0300445 3.27533e-08 1.31161e-09 7.67534e-10 1.43719e-11 2.2632e-12 9.46409e-14
threshold=1.0000000180025095e-35 13.250000000000002 3.5000000000000004 1.0000000180025095e-35 2.5000000000000004 5.5000000000000009 6.5000000000000009
decision_type=2 2 2 2 2 2 2
left_child=1 2 -1 4 -4 -6 -7
right_child=-2 -3 3 -5 5 6 -8
leaf_value=-0.071247222358741133 0.071626724405265157 -0.071403996944505596 -0.071170665511609471 -0.071221826733889868 -0.07117651713805366 -0.071179359919583463 -0.07118010764376248
leaf_weight=0.0033121408778242776 0.015988897532224655 0.007906297454610467 0.0018346628639847049 0.0034567819675430664 0.0020639566937461487 0.0021547625074163079 0.0021788494195789099
leaf_count=2 2 2 2 2 2 2 2
internal_value=-0.0125316 -0.0712722 -0.0712028 -0.0711902 -0.0711769 -0.0711787 -0.0711797
internal_weight=0.0388963 0.0229075 0.0150012 0.011689 0.00823223 0.00639757 0.00433361
internal_count=16 14 12 10 8 6 4
is_linear=0
shrinkage=0.08


Tree=342
num_leaves=6
num_cat=0
split_feature=2 24 0 3 0
split_gain=0.0336803 4.69441e-07 1.83164e-10 4.89555e-13 5.86732e-13
threshold=13.250000000000002 1.0000000180025095e-35 3.5000000000000004 6.5000000000000009 4.5000000000000009
decision_type=2 2 2 2 2
left_child=1 2 -1 -4 -5
right_child=-2 -3 3 4 -6
leaf_value=-0.071173295123925465 0.028002642181194685 -0.071925000315842397 -0.071142248278276907 -0.07113937184184857 -0.071141706829254678
leaf_weight=0.0015089457447174928 0.071004070341587067 0.024916237220168114 0.0019683564896695316 0.0013124831311870366 0.0014492142363451421
leaf_count=2 2 2 4 3 3
internal_value=-0.00242462 -0.0717696 -0.071149 -0.0711413 -0.0711406
internal_weight=0.102159 0.0311552 0.006239 0.00473005 0.0027617
internal_count=16 14 12 10 6
is_linear=0
shrinkage=0.08


Tree=343
num_leaves=7
num_cat=0
split_feature=26 1 0 2 24 2
split_gain=0.0411522 0.00323332 0.0136373 1.307e-07 2.33316e-09 2.07801e-13
threshold=1.0000000180025095e-35 2.5000000000000004 4.5000000000000009 13.250000000000002 1.0000000180025095e-35 6.5000000000000009
decision_type=2 2 2 2 2 2
left_child=3 -2 -3 4 5 -1
right_child=1 2 -4 -5 -6 -7
leaf_value=-0.071218764683381494 0.072237028237448569 -0.071337104932025067 0.07156929316767173 -0.071587622820858066 -0.071284162771834109 -0.071219486145338795
leaf_weight=0.0050929835997521877 0.023810994811356068 0.0060971244238317004 0.014290279243141413 0.012642613146454096 0.005393313243985177 0.005127311684191227
leaf_count=3 2 2 2 2 2 3
internal_value=0.00400853 0.0522152 0.0288312 -0.0713964 -0.0712416 -0.0712191
internal_weight=0.0724546 0.0441984 0.0203874 0.0282562 0.0156136 0.0102203
internal_count=16 6 4 10 8 6
is_linear=0
shrinkage=0.08


Tree=344
num_leaves=1
num_cat=0
split_feature=
split_gain=
threshold=
decision_type=
left_child=
right_child=
leaf_value=0
leaf_weight=
leaf_count=16
internal_value=
internal_weight=
internal_count=
is_linear=0
shrinkage=1


Tree=345
num_leaves=7
num_cat=0
split_feature=28 2 13 24 26 2
split_gain=0.0354652 6.8662e-08 2.26463e-09 1.41744e-09 3.5814e-11 2.60681e-14
threshold=1.0000000180025095e-35 13.250000000000002 1.0000000180025095e-35 1.0000000180025095e-35 1.0000000180025095e-35 5.166666666666667
decision_type=2 2 2 2 2 2
left_child=1 2 3 4 -1 -6
right_child=-2 -3 -4 -5 5 -7
leaf_value=-0.071197136305386724 0.071513490549891479 -0.071489631469147524 -0.071276688710419908 -0.071247934354440198 -0.071187045112321032 -0.07118666579910593
leaf_weight=0.0040729219326749444 0.018720632884651423 0.010058743413537741 0.0043809706112369886 0.0042686837259680041 0.0023203001474030316 0.0023179378476925194
leaf_count=3 3 2 2 2 2 2
internal_value=-0.0133696 -0.0713233 -0.071227 -0.0712102 -0.0711917 -0.0711869
internal_weight=0.0461402 0.0274196 0.0173608 0.0129798 0.00871116 0.00463824
internal_count=16 13 11 9 7 4
is_linear=0
shrinkage=0.08


Tree=346
num_leaves=8
num_cat=0
split_feature=29 2 0 24 1 3 0
split_gain=0.0282267 2.51561e-08 8.50856e-10 4.98747e-10 9.38011e-12 1.52875e-12 1.98282e-13
threshold=1.0000000180025095e-35 13.250000000000002 3.5000000000000004 1.0000000180025095e-35 2.5000000000000004 6.5000000000000009 5.5000000000000009
decision_type=2 2 2 2 2 2 2
left_child=1 2 -1 4 -4 6 -6
right_child=-2 -3 3 -5 5 -7 -8
leaf_value=-0.071229080202793449 0.071617835506817898 -0.071377774946440514 -0.071162876952923976 -0.071207148893657521 -0.071171327765502335 -0.071167915144841096 -0.071170166936098442
leaf_weight=0.0028728346806019553 0.015791356563568115 0.0071049956604838363 0.0015941681922413409 0.0029996614903211594 0.0019020155887119472 0.0017931240727193654 0.0018652650178410113
leaf_count=2 2 2 2 2 2 2 2
internal_value=-0.00845135 -0.0712567 -0.0711906 -0.0711798 -0.0711683 -0.0711698 -0.0711708
internal_weight=0.0359234 0.0201321 0.0130271 0.0101542 0.00715457 0.0055604 0.00376728
internal_count=16 14 12 10 8 6 4
is_linear=0
shrinkage=0.08


Tree=347
num_leaves=1
num_cat=0
split_feature=
split_gain=
threshold=
decision_type=
left_child=
right_child=
leaf_value=0
leaf_weight=
leaf_count=16
internal_value=
internal_weight=
internal_count=
is_linear=0
shrinkage=1


Tree=348
num_leaves=6
num_cat=0
split_feature=0 2 24 0 2
split_gain=0.0381915 0.000868495 1.31363e-06 1.61403e-09 1.01304e-11
threshold=4.5000000000000009 7.5000000000000009 1.0000000180025095e-35 3.5000000000000004 6.5000000000000009
decision_type=2 2 2 2 2
left_child=2 -2 3 -1 -5
right_child=1 -3 -4 4 -6
leaf_value=-0.071234505186781635 0.03405849409759542 0.054634881301899661 -0.072360638524450668 -0.071170784157499223 -0.071162804646346264
leaf_weight=0.0049260071245953441 0.032325527863577008 0.022106309654191136 0.019091075286269188 0.002826773386914283 0.0015915536787360907
leaf_count=3 5 2 1 3 2
internal_value=0.00316105 0.0424151 -0.0719802 -0.071203 -0.0711679
internal_weight=0.0828672 0.0544318 0.0284354 0.00934433 0.00441833
internal_count=16 7 9 8 5
is_linear=0
shrinkage=0.08


Tree=349
num_leaves=7
num_cat=0
split_feature=2 0 4 0 0 2
split_gain=0.028265 0.0398546 3.1887e-08 3.45714e-10 7.30068e-10 1.069e-13
threshold=5.166666666666667 3.5000000000000004 1.0000000180025095e-35 5.5000000000000009 4.5000000000000009 6.5000000000000009
decision_type=2 2 2 2 2 2
left_child=-1 -2 -3 4 -4 -5
right_child=1 2 3 5 -6 -7
leaf_value=-0.072054608307367762 0.073031519925000246 -0.071432612304035956 -0.071165218044228859 -0.071170170953371553 -0.07121816782319601 -0.071171024336998706
leaf_weight=0.019574658886995167 0.049645845778286457 0.005040497984737157 0.0025115712196566164 0.0018654272425919771 0.0049532100092619658 0.0018925198819488287
leaf_count=3 2 1 3 2 3 2
internal_value=0.0123563 0.0374259 -0.0712655 -0.0711904 -0.0712004 -0.0711706
internal_weight=0.0854837 0.0659091 0.0162632 0.0112227 0.00746478 0.00375795
internal_count=16 13 11 10 6 4
is_linear=0
shrinkage=0.08


Tree=350
num_leaves=8
num_cat=0
split_feature=16 2 0 24 1 0 2
split_gain=0.0261833 2.51689e-08 8.53626e-10 5.00756e-10 9.43016e-12 1.48044e-12 6.28404e-14
threshold=1.0000000180025095e-35 13.250000000000002 3.5000000000000004 1.0000000180025095e-35 2.5000000000000004 5.5000000000000009 6.5000000000000009
decision_type=2 2 2 2 2 2 2
left_child=1 2 -1 4 -4 -6 -7
right_child=-2 -3 3 -5 5 6 -8
leaf_value=-0.071229104429963927 0.071557999964578137 -0.071377805881477463 -0.071162766181812484 -0.071207144836717404 -0.071167858656248695 -0.071170324259680603 -0.071170978274298399
leaf_weight=0.0028741215937770912 0.013884358108043671 0.0071071630809456101 0.0015913264942355454 0.0029996050288900733 0.0017911707982420921 0.0018700694781728089 0.0018910548533312976
leaf_count=2 2 2 2 2 2 2 2
internal_value=-0.0129516 -0.0712567 -0.0711906 -0.0711797 -0.0711682 -0.0711698 -0.0711707
internal_weight=0.0340089 0.0201245 0.0130173 0.0101432 0.00714362 0.0055523 0.00376112
internal_count=16 14 12 10 8 6 4
is_linear=0
shrinkage=0.08


Tree=351
num_leaves=6
num_cat=0
split_feature=2 24 0 3 0
split_gain=0.0292089 3.28397e-07 1.1938e-10 3.21917e-13 3.85686e-13
threshold=13.250000000000002 1.0000000180025095e-35 3.5000000000000004 6.5000000000000009 4.5000000000000009
decision_type=2 2 2 2 2
left_child=1 2 -1 -4 -5
right_child=-2 -3 3 4 -6
leaf_value=-0.071165031550133567 0.026221040889856533 -0.071838691151160733 -0.071138126734269155 -0.071135622658572512 -0.071137655167696046
leaf_weight=0.0013092586887069038 0.065853459760546684 0.022279524244368076 0.0017079598910640925 0.0011385595717001706 0.0012573915591929108
leaf_count=2 2 2 4 3 3
internal_value=-0.00276762 -0.0717029 -0.071144 -0.0711373 -0.0711367
internal_weight=0.0935462 0.0276927 0.00541317 0.00410391 0.00239595
internal_count=16 14 12 10 6
is_linear=0
shrinkage=0.08


Tree=352
num_leaves=7
num_cat=0
split_feature=26 1 0 2 24 2
split_gain=0.0364022 0.00269959 0.0119356 9.7974e-08 1.83074e-09 1.30823e-13
threshold=1.0000000180025095e-35 2.5000000000000004 4.5000000000000009 13.250000000000002 1.0000000180025095e-35 6.5000000000000009
decision_type=2 2 2 2 2 2
left_child=3 -2 -3 4 5 -1
right_child=1 2 -4 -5 -6 -7
leaf_value=-0.071204494161576481 0.072086299386573252 -0.071307000373065185 0.071521426790879389 -0.071544270103828037 -0.071266051380823869 -0.071205108679475465
leaf_weight=0.0044196650851517916 0.020703415619209409 0.005290007800795137 0.012816720176488161 0.011347816558554769 0.0048211016692221173 0.0044490077998489141
leaf_count=3 2 2 2 2 2 3
internal_value=0.00383638 0.0523546 0.0297931 -0.0713705 -0.0712264 -0.0712048
internal_weight=0.0638477 0.0388101 0.0181067 0.0250376 0.0136898 0.00886867
internal_count=16 6 4 10 8 6
is_linear=0
shrinkage=0.08


Tree=353
num_leaves=1
num_cat=0
split_feature=
split_gain=
threshold=
decision_type=
left_child=
right_child=
leaf_value=0
leaf_weight=
leaf_count=16
internal_value=
internal_weight=
internal_count=
is_linear=0
shrinkage=1


Tree=354
num_leaves=7
num_cat=0
split_feature=28 2 0 24 2 3
split_gain=0.0312039 5.20617e-08 1.37852e-09 1.04312e-09 1.54132e-11 2.7215e-12
threshold=1.0000000180025095e-35 13.250000000000002 3.5000000000000004 1.0000000180025095e-35 7.5000000000000009 6.5000000000000009
decision_type=2 2 2 2 2 2
left_child=1 2 -1 4 5 -4
right_child=-2 -3 3 -5 -6 -7
leaf_value=-0.071256291649375247 0.071465630072452754 -0.071455286552975214 -0.071186063341973305 -0.071233627627973056 -0.071176552039968075 -0.071182506697768086
leaf_weight=0.0035520378150977203 0.016460944432765245 0.0090286647900938988 0.0035495373886078596 0.0038157202070578933 0.002008523209951818 0.0022495526354759932
leaf_count=2 3 2 3 2 2 2
internal_value=-0.0135112 -0.0713032 -0.0712127 -0.0711993 -0.0711826 -0.0711847
internal_weight=0.040665 0.024204 0.0151754 0.0116233 0.00780761 0.00579909
internal_count=16 13 11 9 7 5
is_linear=0
shrinkage=0.08


Tree=355
num_leaves=8
num_cat=0
split_feature=29 2 0 24 1 3 0
split_gain=0.0251829 1.90738e-08 5.28903e-10 3.87799e-10 6.15162e-12 1.00084e-12 1.30942e-13
threshold=1.0000000180025095e-35 13.250000000000002 3.5000000000000004 1.0000000180025095e-35 2.5000000000000004 6.5000000000000009 5.5000000000000009
decision_type=2 2 2 2 2 2 2
left_child=1 2 -1 4 -4 6 -6
right_child=-2 -3 3 -5 5 -7 -8
leaf_value=-0.071213391786580649 0.071567555892958684 -0.071353647014339772 -0.071156007641507479 -0.071197118688061986 -0.071163356382066029 -0.071160390017077579 -0.071162343698282934
leaf_weight=0.0024927880149334678 0.014238469768315554 0.0063773032743483773 0.0013827440561726698 0.0026813109871000051 0.0016505757812410584 0.0015559030580334365 0.0016184060950763524
leaf_count=2 2 2 2 2 2 2 2
internal_value=-0.00769411 -0.0712429 -0.0711808 -0.0711717 -0.0711607 -0.0711621 -0.0711629
internal_weight=0.0319975 0.017759 0.0113817 0.00888894 0.00620763 0.00482488 0.00326898
internal_count=16 14 12 10 8 6 4
is_linear=0
shrinkage=0.08


Tree=356
num_leaves=1
num_cat=0
split_feature=
split_gain=
threshold=
decision_type=
left_child=
right_child=
leaf_value=0
leaf_weight=
leaf_count=16
internal_value=
internal_weight=
internal_count=
is_linear=0
shrinkage=1


Tree=357
num_leaves=7
num_cat=0
split_feature=0 24 24 0 2 2
split_gain=0.0331527 0.0276758 9.58705e-07 1.05264e-09 2.36897e-10 6.63474e-12
threshold=4.5000000000000009 1.0000000180025095e-35 1.0000000180025095e-35 3.5000000000000004 6.5000000000000009 6.5000000000000009
decision_type=2 2 2 2 2 2
left_child=2 4 3 -1 -2 -5
right_child=1 -3 -4 5 -6 -7
leaf_value=-0.071218120669144444 -0.071242716501700193 0.072388407843668609 -0.072244362505874765 -0.071162882667103189 -0.071266335156499036 -0.071155949452498368
leaf_weight=0.0042748723062686622 0.0062181556131690741 0.038520948961377144 0.017370443791151047 0.0024530107039026916 0.0048282141797244549 0.0013804766931571066
leaf_count=3 3 2 1 3 2 2
internal_value=0.00225495 0.0403771 -0.0719091 -0.0711908 -0.071253 -0.0711604
internal_weight=0.0750461 0.0495673 0.0254788 0.00810836 0.0110464 0.00383349
internal_count=16 7 9 8 5 5
is_linear=0
shrinkage=0.08


Tree=358
num_leaves=8
num_cat=0
split_feature=27 13 0 2 24 26 2
split_gain=0.0257815 0.0244633 7.0288e-07 2.53572e-08 3.88818e-10 5.48765e-12 1.26076e-13
threshold=1.0000000180025095e-35 1.0000000180025095e-35 3.5000000000000004 13.250000000000002 1.0000000180025095e-35 1.0000000180025095e-35 6.5000000000000009
decision_type=2 2 2 2 2 2 2
left_child=1 2 -1 4 5 6 -4
right_child=-2 -3 3 -5 -6 -7 -8
leaf_value=-0.072053214925111755 0.065804559113251365 0.05553375691589426 -0.071161750908070531 -0.071403311384307666 -0.071197048618477365 -0.071157297674795464 -0.071162664483103433
leaf_weight=0.014517136849462986 0.033828839310444891 0.014794735470786691 0.0015999150346033275 0.004584972746670247 0.0026791864074766636 0.0021460145944729447 0.0024429686018265784
leaf_count=1 2 2 2 1 2 3 3
internal_value=0.0136193 -0.0276614 -0.0716672 -0.0712506 -0.0711716 -0.0711606 -0.0711623
internal_weight=0.0765938 0.0427649 0.0279702 0.0134531 0.00886808 0.0061889 0.00404288
internal_count=16 14 12 11 10 8 5
is_linear=0
shrinkage=0.08


Tree=359
num_leaves=8
num_cat=0
split_feature=16 2 0 24 1 0 2
split_gain=0.022857 1.90821e-08 5.30628e-10 3.89319e-10 6.17075e-12 9.63516e-13 4.058e-14
threshold=1.0000000180025095e-35 13.250000000000002 3.5000000000000004 1.0000000180025095e-35 2.5000000000000004 5.5000000000000009 6.5000000000000009
decision_type=2 2 2 2 2 2 2
left_child=1 2 -1 4 -4 -6 -7
right_child=-2 -3 3 -5 5 6 -8
leaf_value=-0.071213410900719684 0.071498476481113155 -0.071353671028579285 -0.071155913163364531 -0.071197116063414626 -0.071160340889370274 -0.071162477378936245 -0.071163041603390362
leaf_weight=0.0024939053109847018 0.012055083177983761 0.0063792102737352243 0.0013802783214487144 0.0026812604628503323 0.0015542081673629573 0.0016225747531279922 0.0016407637158408761
leaf_count=2 2 2 2 2 2 2 2
internal_value=-0.0135134 -0.0712429 -0.0711808 -0.0711716 -0.0711606 -0.071162 -0.0711628
internal_weight=0.0298073 0.0177522 0.011373 0.00887909 0.00619782 0.00481755 0.00326334
internal_count=16 14 12 10 8 6 4
is_linear=0
shrinkage=0.08


Tree=360
num_leaves=5
num_cat=0
split_feature=24 2 0 3
split_gain=0.0273576 1.06617e-06 8.43358e-11 2.09646e-13
threshold=1.0000000180025095e-35 13.250000000000002 3.5000000000000004 6.5000000000000009
decision_type=2 2 2 2
left_child=1 2 -1 -4
right_child=-2 -3 3 -5
leaf_value=-0.071158731589823998 0.026784439233100223 -0.072472990268258861 -0.071134548941519368 -0.071133303628678077
leaf_weight=0.0011510762269608668 0.059864092618227005 0.020743252709507942 0.0014820044452790171 0.0020787549146916717
leaf_count=2 3 1 4 6
internal_value=-0.00275552 -0.0722262 -0.0711399 -0.0711338
internal_weight=0.0853192 0.0254551 0.00471184 0.00356076
internal_count=16 13 12 10
is_linear=0
shrinkage=0.08


Tree=361
num_leaves=7
num_cat=0
split_feature=26 1 0 2 24 2
split_gain=0.0319356 0.00233241 0.010489 7.44271e-08 1.20006e-09 8.96262e-14
threshold=1.0000000180025095e-35 2.5000000000000004 4.5000000000000009 13.250000000000002 1.0000000180025095e-35 6.5000000000000009
decision_type=2 2 2 2 2 2
left_child=3 -2 -3 4 5 -1
right_child=1 2 -4 -5 -6 -7
leaf_value=-0.071192113756749456 0.071955814834015544 -0.071283843568736668 0.071473741285557474 -0.071505587543028007 -0.071245606949090726 -0.071192659775870887
leaf_weight=0.0038351096445694566 0.017994134221225977 0.0046449424698948851 0.011325211729854345 0.010218634270131588 0.0041870804270729423 0.0038608359172940254
leaf_count=3 2 2 2 2 2 3
internal_value=0.00350008 0.0522057 0.0299525 -0.0713473 -0.0712111 -0.0711924
internal_weight=0.0560659 0.0339643 0.0159702 0.0221017 0.011883 0.00769595
internal_count=16 6 4 10 8 6
is_linear=0
shrinkage=0.08


Tree=362
num_leaves=1
num_cat=0
split_feature=
split_gain=
threshold=
decision_type=
left_child=
right_child=
leaf_value=0
leaf_weight=
leaf_count=16
internal_value=
internal_weight=
internal_count=
is_linear=0
shrinkage=1


Tree=363
num_leaves=7
num_cat=0
split_feature=28 2 0 24 2 3
split_gain=0.0272358 3.97207e-08 9.91947e-10 6.84014e-10 1.00717e-11 1.77916e-12
threshold=1.0000000180025095e-35 13.250000000000002 3.5000000000000004 1.0000000180025095e-35 7.5000000000000009 6.5000000000000009
decision_type=2 2 2 2 2 2
left_child=1 2 -1 4 5 -4
right_child=-2 -3 3 -5 -6 -7
leaf_value=-0.071239282309380508 0.071418503891219731 -0.071424625291787308 -0.071176128365145544 -0.07121746943389326 -0.071167873572333798 -0.071173041244046081
leaf_weight=0.003122771217022092 0.014291481580585241 0.0081303308252245188 0.0030799736268818378 0.0033138245344161987 0.0017423712997697294 0.0019520019413903356
leaf_count=2 3 2 3 2 2 2
internal_value=-0.0140502 -0.0712855 -0.0711999 -0.0711877 -0.0711731 -0.0711749
internal_weight=0.0356328 0.0213413 0.0132109 0.0100882 0.00677435 0.00503198
internal_count=16 13 11 9 7 5
is_linear=0
shrinkage=0.08


Tree=364
num_leaves=8
num_cat=0
split_feature=29 2 0 24 1 3 0
split_gain=0.0219887 1.45502e-08 3.79624e-10 2.54378e-10 4.02273e-12 6.53182e-13 8.50327e-14
threshold=1.0000000180025095e-35 13.250000000000002 3.5000000000000004 1.0000000180025095e-35 2.5000000000000004 6.5000000000000009 5.5000000000000009
decision_type=2 2 2 2 2 2 2
left_child=1 2 -1 4 -4 6 -6
right_child=-2 -3 3 -5 5 -7 -8
leaf_value=-0.071201420902730947 0.071506823396985886 -0.071332088438408728 -0.071150054290295875 -0.071185784443166339 -0.071156432442414014 -0.071153860863295434 -0.071155556377057616
leaf_weight=0.002191576233599335 0.012365000322461128 0.0057427055435255161 0.0011993658845312893 0.0023285559145733714 0.0014321506605483592 0.0013499959022738039 0.0014044201234355569
leaf_count=2 2 2 2 2 2 2 2
internal_value=-0.00822781 -0.0712308 -0.071172 -0.0711637 -0.0711541 -0.0711553 -0.071156
internal_weight=0.0280138 0.0156488 0.00990606 0.00771449 0.00538593 0.00418657 0.00283657
internal_count=16 14 12 10 8 6 4
is_linear=0
shrinkage=0.08


Tree=365
num_leaves=1
num_cat=0
split_feature=
split_gain=
threshold=
decision_type=
left_child=
right_child=
leaf_value=0
leaf_weight=
leaf_count=16
internal_value=
internal_weight=
internal_count=
is_linear=0
shrinkage=1


Tree=366
num_leaves=8
num_cat=0
split_feature=0 24 24 2 3 2 2
split_gain=0.0293917 0.023968 7.03349e-07 2.71517e-10 1.95052e-10 6.06507e-10 1.54643e-10
threshold=4.5000000000000009 1.0000000180025095e-35 1.0000000180025095e-35 13.250000000000002 6.5000000000000009 5.166666666666667 6.5000000000000009
decision_type=2 2 2 2 2 2 2
left_child=2 6 3 4 5 -1 -2
right_child=1 -3 -4 -5 -6 -7 -8
leaf_value=-0.071152814662777786 -0.07122526391110981 0.072217207179453818 -0.072140571763113587 -0.071210416648043409 -0.071151857496885157 -0.071218471747956175 -0.071245748134407344
leaf_weight=0.0019228945020586244 0.0053960903314873576 0.033514327369630337 0.015824904665350914 0.0015665916725993156 0.0018918445566669106 0.0016934097511693835 0.0041903448291122913
leaf_count=3 3 2 1 1 3 1 2
internal_value=0.00139732 0.0403109 -0.0718441 -0.071181 -0.0711727 -0.0711836 -0.0712342
internal_weight=0.0660004 0.0431008 0.0228996 0.00707474 0.00550815 0.0036163 0.00958644
internal_count=16 7 9 8 7 4 5
is_linear=0
shrinkage=0.08


Tree=367
num_leaves=9
num_cat=0
split_feature=27 13 0 2 0 0 26 2
split_gain=0.023193 0.0211148 4.52851e-07 1.92743e-08 8.06333e-11 1.77603e-10 4.73234e-12 4.60339e-14
threshold=1.0000000180025095e-35 1.0000000180025095e-35 3.5000000000000004 13.250000000000002 4.5000000000000009 5.5000000000000009 1.0000000180025095e-35 6.5000000000000009
decision_type=2 2 2 2 2 2 2 2
left_child=1 2 -1 4 6 -6 -4 -7
right_child=-2 -3 3 -5 5 7 -8 -9
leaf_value=-0.071927031224135782 0.065212283509843594 0.053799028144879531 -0.071155079414069997 -0.071377064052803391 -0.07118572313532022 -0.071155561228498782 -0.071148143171565134 -0.071156206607506711
leaf_weight=0.012616882100701332 0.031732428586110473 0.013241773354820907 0.0013894241419620812 0.0041760671883821487 0.0023267107317224145 0.0014045462012290955 0.0011510179028846323 0.0014249694650061429
leaf_count=1 2 2 2 1 2 2 2 2
internal_value=0.0148055 -0.0275871 -0.0715933 -0.0712387 -0.0711636 -0.0711693 -0.0711519 -0.0711559
internal_weight=0.0694638 0.0377314 0.0244896 0.0118727 0.00769667 0.00515623 0.00254044 0.00282952
internal_count=16 14 12 11 10 6 4 4
is_linear=0
shrinkage=0.08


Tree=368
num_leaves=8
num_cat=0
split_feature=16 2 0 24 1 0 2
split_gain=0.0201975 1.45562e-08 3.80768e-10 2.55279e-10 4.04961e-12 6.32378e-13 2.68028e-14
threshold=1.0000000180025095e-35 13.250000000000002 3.5000000000000004 1.0000000180025095e-35 2.5000000000000004 5.5000000000000009 6.5000000000000009
decision_type=2 2 2 2 2 2 2
left_child=1 2 -1 4 -4 -6 -7
right_child=-2 -3 3 -5 5 6 -8
leaf_value=-0.071201437302807952 0.071455199599035679 -0.071332111799123937 -0.071149969163496238 -0.071185780295569323 -0.071153820388243111 -0.071155677735050576 -0.071156169978586536
leaf_weight=0.0021925530745647848 0.010686487890779972 0.0057443928672000757 0.0011972265201620758 0.0023285120259970427 0.0013485252857208252 0.0014080375549383461 0.0014238657313399017
leaf_count=2 2 2 2 2 2 2 2
internal_value=-0.0133183 -0.0712308 -0.071172 -0.0711637 -0.0711541 -0.0711552 -0.0711559
internal_weight=0.0263296 0.0156431 0.00989872 0.00770617 0.00537766 0.00418043 0.0028319
internal_count=16 14 12 10 8 6 4
is_linear=0
shrinkage=0.08


Tree=369
num_leaves=4
num_cat=0
split_feature=2 24 3
split_gain=0.0236477 1.75238e-07 1.80296e-11
threshold=13.250000000000002 1.0000000180025095e-35 6.5000000000000009
decision_type=2 2 2
left_child=1 2 -1
right_child=-2 -3 -4
leaf_value=-0.07114105111101264 0.025506437605885661 -0.07171418901198108 -0.071130366120013222
leaf_weight=0.0022991183650447047 0.055147856473922729 0.018529700115323067 0.0018035012035397813
leaf_count=6 2 2 6
internal_value=-0.00275215 -0.0716094 -0.0711364
internal_weight=0.0777802 0.0226323 0.00410262
internal_count=16 14 12
is_linear=0
shrinkage=0.08


Tree=370
num_leaves=7
num_cat=0
split_feature=26 1 3 2 24 2
split_gain=0.028029 0.00201624 0.00231329 5.6341e-08 7.82488e-10 5.87291e-14
threshold=1.0000000180025095e-35 2.5000000000000004 6.5000000000000009 13.250000000000002 1.0000000180025095e-35 6.5000000000000009
decision_type=2 2 2 2 2 2
left_child=3 -2 -3 4 5 -1
right_child=1 2 -4 -5 -6 -7
leaf_value=-0.071181378220811345 0.071842930098282867 0.0047321972774477059 0.071453798292488435 -0.071470172696404127 -0.071227750623868644 -0.071181852709086904
leaf_weight=0.0033277047332376242 0.015635307179763913 0.0087370593100786209 0.005369496066123248 0.0092039178125560284 0.0036329858703538775 0.0033502338919788599
leaf_count=3 2 3 1 2 2 3
internal_value=0.00317482 0.052058 0.030129 -0.0713263 -0.0711979 -0.0711816
internal_weight=0.0492567 0.0297419 0.0141066 0.0195148 0.0103109 0.00667794
internal_count=16 6 4 10 8 6
is_linear=0
shrinkage=0.08


Tree=371
num_leaves=1
num_cat=0
split_feature=
split_gain=
threshold=
decision_type=
left_child=
right_child=
leaf_value=0
leaf_weight=
leaf_count=16
internal_value=
internal_weight=
internal_count=
is_linear=0
shrinkage=1


Tree=372
num_leaves=7
num_cat=0
split_feature=28 2 13 24 26 2
split_gain=0.0237757 3.01845e-08 7.23037e-10 4.69543e-10 9.99152e-12 1.17272e-14
threshold=1.0000000180025095e-35 13.250000000000002 1.0000000180025095e-35 1.0000000180025095e-35 1.0000000180025095e-35 5.166666666666667
decision_type=2 2 2 2 2 2
left_child=1 2 3 4 -1 -6
right_child=-2 -3 -4 -5 5 -7
leaf_value=-0.071167273329184016 0.07137765727442219 -0.071396537775500687 -0.071223018009996392 -0.071203359823209258 -0.071160712412181554 -0.071160397647583612
leaf_weight=0.0026611955836415291 0.012406469089910388 0.0073230442358180872 0.0029349555261433133 0.0028752216603606939 0.0015173963620327413 0.0015127260703593493
leaf_count=3 3 2 2 2 2 2
internal_value=-0.0146032 -0.0712696 -0.0711887 -0.071177 -0.0711637 -0.0711606
internal_weight=0.031231 0.0188245 0.0115015 0.00856654 0.00569132 0.00303012
internal_count=16 13 11 9 7 4
is_linear=0
shrinkage=0.08


Tree=373
num_leaves=8
num_cat=0
split_feature=29 2 0 24 1 3 0
split_gain=0.0192028 1.10569e-08 2.74865e-10 1.65956e-10 2.63407e-12 4.24358e-13 5.45106e-14
threshold=1.0000000180025095e-35 13.250000000000002 3.5000000000000004 1.0000000180025095e-35 2.5000000000000004 6.5000000000000009 5.5000000000000009
decision_type=2 2 2 2 2 2 2
left_child=1 2 -1 4 -4 6 -6
right_child=-2 -3 3 -5 5 -7 -8
leaf_value=-0.071190996437949294 0.071454200417077507 -0.071312337375156604 -0.071144889925100291 -0.071175880294589572 -0.071150424967154083 -0.071148202205308209 -0.071149671951364346
leaf_weight=0.0019290895143058151 0.010736406780779362 0.0051724339136853823 0.001040315139107407 0.0020203035091981292 0.0012425760505720964 0.0011712958803400397 0.0012186577660031617
leaf_count=2 2 2 2 2 2 2 2
internal_value=-0.00877635 -0.0712199 -0.0711644 -0.0711567 -0.0711484 -0.0711495 -0.0711501
internal_weight=0.0245311 0.0137947 0.00862224 0.00669315 0.00467284 0.00363253 0.00246123
internal_count=16 14 12 10 8 6 4
is_linear=0
shrinkage=0.08


Tree=374
num_leaves=1
num_cat=0
split_feature=
split_gain=
threshold=
decision_type=
left_child=
right_child=
leaf_value=0
leaf_weight=
leaf_count=16
internal_value=
internal_weight=
internal_count=
is_linear=0
shrinkage=1


Tree=375
num_leaves=7
num_cat=0
split_feature=0 2 24 2 3 2
split_gain=0.0271288 0.00058353 5.15008e-07 1.79031e-10 1.37878e-10 4.24225e-10
threshold=4.5000000000000009 7.5000000000000009 1.0000000180025095e-35 13.250000000000002 6.5000000000000009 5.166666666666667
decision_type=2 2 2 2 2 2
left_child=2 -2 3 4 5 -1
right_child=1 -3 -4 -5 -6 -7
leaf_value=-0.071147291740349436 0.033658582272934695 0.053579450344406157 -0.072045661642824874 -0.071198036507313364 -0.071146453396602305 -0.071205954516482456
leaf_weight=0.0016686835442669681 0.023412452079355717 0.015735980588942766 0.014403774403035641 0.0013718738919124007 0.0016411427350249141 0.0014964933507144451
leaf_count=3 5 2 1 1 3 1
internal_value=0.00257336 0.0416659 -0.0717836 -0.0711725 -0.0711653 -0.071175
internal_weight=0.0597304 0.0391484 0.020582 0.00617819 0.00480632 0.00316518
internal_count=16 7 9 8 7 4
is_linear=0
shrinkage=0.08


Tree=376
num_leaves=8
num_cat=0
split_feature=0 2 27 13 24 26 2
split_gain=0.0204523 1.33038e-08 6.1433e-10 7.0804e-10 1.6641e-10 2.34976e-12 5.45631e-14
threshold=3.5000000000000004 13.250000000000002 1.0000000180025095e-35 1.0000000180025095e-35 1.0000000180025095e-35 1.0000000180025095e-35 6.5000000000000009
decision_type=2 2 2 2 2 2 2
left_child=-1 2 3 4 5 6 -2
right_child=1 -3 -4 -5 -6 -7 -8
leaf_value=0.039254237422310351 -0.071149225673733149 -0.071352959145881314 -0.071220648428140992 -0.071215270660282007 -0.071175834013953304 -0.071145869077563997 -0.071149918287818054
leaf_weight=0.047528707422316074 0.0012046503252349794 0.003800224047154189 0.0017275792779400953 0.0016430149553343654 0.0020187023910693824 0.001615046348888427 0.0018395018996670842
leaf_count=3 2 1 1 1 2 3 3
internal_value=0.0143265 -0.0712255 -0.0711772 -0.0711682 -0.0711566 -0.0711483 -0.0711496
internal_weight=0.0613774 0.0138487 0.0100485 0.00832092 0.0066779 0.0046592 0.00304415
internal_count=16 13 12 11 10 8 5
is_linear=0
shrinkage=0.08


Tree=377
num_leaves=8
num_cat=0
split_feature=16 2 0 24 1 0 2
split_gain=0.0178765 1.10612e-08 2.75668e-10 1.66558e-10 2.64931e-12 4.17245e-13 1.74012e-14
threshold=1.0000000180025095e-35 13.250000000000002 3.5000000000000004 1.0000000180025095e-35 2.5000000000000004 5.5000000000000009 6.5000000000000009
decision_type=2 2 2 2 2 2 2
left_child=1 2 -1 4 -4 -6 -7
right_child=-2 -3 3 -5 5 6 -8
leaf_value=-0.071191011330804452 0.071417862292496678 -0.071312358623128236 -0.071144817519979808 -0.071175877673448643 -0.071148156863425696 -0.071149778269036248 -0.071150204042810264
leaf_weight=0.0019299441191833466 0.0094953617081046104 0.0051739291520789274 0.0010384590132161984 0.0020202654413878918 0.0011700199684128157 0.0012217967305332422 0.0012355688959360123
leaf_count=2 2 2 2 2 2 2 2
internal_value=-0.0130547 -0.0712199 -0.0711644 -0.0711567 -0.0711484 -0.0711494 -0.07115
internal_weight=0.0232853 0.01379 0.00861605 0.00668611 0.00466584 0.00362739 0.00245737
internal_count=16 14 12 10 8 6 4
is_linear=0
shrinkage=0.08


Tree=378
num_leaves=4
num_cat=0
split_feature=24 2 3
split_gain=0.0225195 6.20217e-07 1.39978e-11
threshold=1.0000000180025095e-35 13.250000000000002 6.5000000000000009
decision_type=2 2 2
left_child=1 2 -1
right_child=-2 -3 -4
leaf_value=-0.071137874370528889 0.025629939027000878 -0.072283876032546324 -0.07112781204233963
leaf_weight=0.0020364400406833729 0.050325604155659676 0.017956286668777466 0.0015645641105948016
leaf_count=6 3 1 6
internal_value=-0.00367626 -0.0720917 -0.0711335
internal_weight=0.0718829 0.0215573 0.003601
internal_count=16 13 12
is_linear=0
shrinkage=0.08


Tree=379
num_leaves=7
num_cat=0
split_feature=26 1 0 2 24 2
split_gain=0.0252754 0.00197903 0.0087518 4.24664e-08 6.10599e-10 3.69592e-14
threshold=1.0000000180025095e-35 2.5000000000000004 4.5000000000000009 13.250000000000002 1.0000000180025095e-35 6.5000000000000009
decision_type=2 2 2 2 2 2
left_child=3 -2 -3 4 5 -1
right_child=1 2 -4 -5 -6 -7
leaf_value=-0.071172064348691638 0.071813512414575606 -0.071258655717415464 0.07140733242760465 -0.071438057746528727 -0.071215598331151209 -0.071172468450192303
leaf_weight=0.0028873710543848574 0.01467455574311316 0.0039113751845434317 0.0092835328541696072 0.0083484810311347246 0.0032480244990438223 0.0029066808638162911
leaf_count=3 2 2 2 2 2 3
internal_value=0.00437338 0.0515986 0.0291168 -0.071308 -0.0711878 -0.0711723
internal_weight=0.04526 0.0278695 0.0131949 0.0173906 0.00904208 0.00579405
internal_count=16 6 4 10 8 6
is_linear=0
shrinkage=0.08


Tree=380
num_leaves=1
num_cat=0
split_feature=
split_gain=
threshold=
decision_type=
left_child=
right_child=
leaf_value=0
leaf_weight=
leaf_count=16
internal_value=
internal_weight=
internal_count=
is_linear=0
shrinkage=1


Tree=381
num_leaves=7
num_cat=0
split_feature=28 2 0 24 3 0
split_gain=0.0210318 2.28194e-08 5.31597e-10 3.36318e-10 5.64459e-12 8.02711e-12
threshold=1.0000000180025095e-35 13.250000000000002 3.5000000000000004 1.0000000180025095e-35 6.5000000000000009 5.5000000000000009
decision_type=2 2 2 2 2 2
left_child=1 2 -1 4 -4 -6
right_child=-2 -3 3 -5 5 -7
leaf_value=-0.071212909599259119 0.071346466106710915 -0.071371061289214263 -0.071161185301395022 -0.071193746080527934 -0.071151094892503222 -0.071159739864843377
leaf_weight=0.0024455839884467423 0.010918308049440384 0.0066423749085515729 0.0023714262642897666 0.0025705221341922879 0.001243852311745286 0.0015365822473540902
leaf_count=2 3 2 3 2 2 2
internal_value=-0.0151053 -0.0712557 -0.0711804 -0.0711701 -0.0711583 -0.0711559
internal_weight=0.0277286 0.0168103 0.010168 0.00772238 0.00515186 0.00278043
internal_count=16 13 11 9 7 4
is_linear=0
shrinkage=0.08


Tree=382
num_leaves=7
num_cat=0
split_feature=29 2 0 24 3 26
split_gain=0.0172466 8.36217e-09 2.03212e-10 1.25393e-10 2.03417e-12 2.21124e-13
threshold=1.0000000180025095e-35 13.250000000000002 3.5000000000000004 1.0000000180025095e-35 6.5000000000000009 1.0000000180025095e-35
decision_type=2 2 2 2 2 2
left_child=1 2 -1 4 5 -4
right_child=-2 -3 3 -5 -6 -7
leaf_value=-0.071182856866199282 0.071421114139966532 -0.071294413349764288 -0.07114467891019477 -0.071169136411836212 -0.071141930184823912 -0.071146293691576767
leaf_weight=0.0017164861492346972 0.0097048338502645493 0.0046915853163227439 0.0010609351447783411 0.0018061830778606236 0.0019185895507689565 0.0011111696949228644
leaf_count=2 2 2 2 2 4 2
internal_value=-0.0083195 -0.0712104 -0.0711586 -0.0711516 -0.0711438 -0.0711455
internal_weight=0.0220098 0.0123049 0.00761336 0.00589688 0.00409069 0.0021721
internal_count=16 14 12 10 8 4
is_linear=0
shrinkage=0.08


Tree=383
num_leaves=1
num_cat=0
split_feature=
split_gain=
threshold=
decision_type=
left_child=
right_child=
leaf_value=0
leaf_weight=
leaf_count=16
internal_value=
internal_weight=
internal_count=
is_linear=0
shrinkage=1


Tree=384
num_leaves=8
num_cat=0
split_feature=0 24 24 2 3 2 2
split_gain=0.0235468 0.0201879 3.7936e-07 1.31199e-10 1.03421e-10 3.12409e-10 8.1703e-11
threshold=4.5000000000000009 1.0000000180025095e-35 1.0000000180025095e-35 13.250000000000002 6.5000000000000009 5.166666666666667 6.5000000000000009
decision_type=2 2 2 2 2 2 2
left_child=2 6 3 4 5 -1 -2
right_child=1 -3 -4 -5 -6 -7 -8
leaf_value=-0.071142499303006493 -0.071208980159572943 0.072018824807776965 -0.071960469086428044 -0.071189015443614001 -0.071141771194491374 -0.07119608902237351 -0.07122513090379623
leaf_weight=0.0014476865471806368 0.0046174733433872461 0.027591374702751637 0.013121803291141987 0.0012298193760216236 0.001423651643563062 0.0013412217376753688 0.0035426043905317783
leaf_count=3 3 2 1 1 3 1 2
internal_value=0.0013699 0.0393262 -0.0717276 -0.071166 -0.0711593 -0.0711683 -0.071216
internal_weight=0.0543156 0.0357515 0.0185642 0.00544238 0.00421256 0.00278891 0.00816008
internal_count=16 7 9 8 7 4 5
is_linear=0
shrinkage=0.08


Tree=385
num_leaves=8
num_cat=0
split_feature=27 13 0 2 0 0 2
split_gain=0.0191613 0.0169536 2.58873e-07 1.10005e-08 4.15018e-11 8.61689e-11 4.75243e-14
threshold=1.0000000180025095e-35 1.0000000180025095e-35 3.5000000000000004 13.250000000000002 4.5000000000000009 5.5000000000000009 6.5000000000000009
decision_type=2 2 2 2 2 2 2
left_child=1 2 -1 4 -4 -6 -7
right_child=-2 -3 3 -5 5 6 -8
leaf_value=-0.071795409278511108 0.064719627468316304 0.052865305748249394 -0.071141833237690341 -0.071331256388132938 -0.071169090981121036 -0.071145795998143357 -0.071145046650569213
leaf_weight=0.010620399378240108 0.026766884489916265 0.010808814084157348 0.0019118781492579728 0.0034613499883562326 0.0018047516350634396 0.0010941021027974784 0.0010727656772360206
leaf_count=1 2 2 4 1 2 2 2
internal_value=0.0152194 -0.0278354 -0.0715252 -0.0712181 -0.0711515 -0.0711562 -0.0711454
internal_weight=0.0575409 0.0307741 0.0199652 0.00934485 0.0058835 0.00397162 0.00216687
internal_count=16 14 12 11 10 6 4
is_linear=0
shrinkage=0.08


Tree=386
num_leaves=7
num_cat=0
split_feature=16 2 0 24 0 2
split_gain=0.0157706 8.36474e-09 2.03751e-10 1.25799e-10 2.03346e-12 6.3966e-14
threshold=1.0000000180025095e-35 13.250000000000002 3.5000000000000004 1.0000000180025095e-35 5.5000000000000009 6.5000000000000009
decision_type=2 2 2 2 2 2
left_child=1 2 -1 4 -4 -6
right_child=-2 -3 3 -5 5 -7
leaf_value=-0.071182873062165378 0.07137907162254889 -0.071294433501170637 -0.071141883562107169 -0.071169137505792165 -0.071145889820089153 -0.07114502084112824
leaf_weight=0.0017172379302792251 0.0083231804892420769 0.0046929323580116034 0.0019158721552230418 0.0018061490263789892 0.0010969079448841512 0.0010719342972151935
leaf_count=2 2 2 4 2 2 2
internal_value=-0.0136665 -0.0712104 -0.0711586 -0.0711516 -0.0711438 -0.0711455
internal_weight=0.0206242 0.012301 0.0076081 0.00589086 0.00408471 0.00216884
internal_count=16 14 12 10 8 4
is_linear=0
shrinkage=0.08


Tree=387
num_leaves=4
num_cat=0
split_feature=24 2 3
split_gain=0.0193349 4.11745e-07 9.95505e-12
threshold=1.0000000180025095e-35 13.250000000000002 6.5000000000000009
decision_type=2 2 2
left_child=1 2 -1
right_child=-2 -3 -4
leaf_value=-0.071134697165514946 0.024000023320381422 -0.072134619673211678 -0.071125600023345156
leaf_weight=0.0017787580000003791 0.046645238064229488 0.015735916793346405 0.0013573254691436887
leaf_count=6 3 1 6
internal_value=-0.00364316 -0.0719678 -0.0711308
internal_weight=0.0655172 0.018872 0.00313608
internal_count=16 13 12
is_linear=0
shrinkage=0.08


Tree=388
num_leaves=7
num_cat=0
split_feature=26 1 0 2 24 2
split_gain=0.0222012 0.00171263 0.00770798 3.21326e-08 3.98307e-10 2.45845e-14
threshold=1.0000000180025095e-35 2.5000000000000004 4.5000000000000009 13.250000000000002 1.0000000180025095e-35 6.5000000000000009
decision_type=2 2 2 2 2 2
left_child=3 -2 -3 4 5 -1
right_child=1 2 -4 -5 -6 -7
leaf_value=-0.071163983097879829 0.071719760306509298 -0.071241565468737986 0.071373609729833962 -0.071409047402232181 -0.071201732863795927 -0.071164336926820074
leaf_weight=0.0025051680859178305 0.012747013126499951 0.0034405589685775348 0.0082204856444150209 0.0075250596273690471 0.0028179961955174804 0.0025220515090040863
leaf_count=3 2 2 2 2 2 3
internal_value=0.00402396 0.0514514 0.0292954 -0.0712909 -0.0711777 -0.0711642
internal_weight=0.0397783 0.0244081 0.011661 0.0153703 0.00784522 0.00502722
internal_count=16 6 4 10 8 6
is_linear=0
shrinkage=0.08


Tree=389
num_leaves=1
num_cat=0
split_feature=
split_gain=
threshold=
decision_type=
left_child=
right_child=
leaf_value=0
leaf_weight=
leaf_count=16
internal_value=
internal_weight=
internal_count=
is_linear=0
shrinkage=1


Tree=390
num_leaves=7
num_cat=0
split_feature=28 2 0 24 3 0
split_gain=0.0183652 1.734e-08 3.86176e-10 2.19443e-10 3.68039e-12 5.2505e-12
threshold=1.0000000180025095e-35 13.250000000000002 3.5000000000000004 1.0000000180025095e-35 6.5000000000000009 5.5000000000000009
decision_type=2 2 2 2 2 2
left_child=1 2 -1 4 -4 -6
right_child=-2 -3 3 -5 5 -7
leaf_value=-0.071201229250878864 0.071315215249491637 -0.071348028308142339 -0.07115454791373807 -0.071182786314001961 -0.071145792922067463 -0.071153299597819117
leaf_weight=0.0021539920126087964 0.0094764726236462593 0.0059873042628169068 0.0020574891241267323 0.0022301508579403162 0.0010788629006128758 0.001333285472355783
leaf_count=2 3 2 3 2 2 2
internal_value=-0.0156885 -0.0712429 -0.0711718 -0.0711623 -0.0711521 -0.0711499
internal_weight=0.0243176 0.0148411 0.00885378 0.00669979 0.00446964 0.00241215
internal_count=16 13 11 9 7 4
is_linear=0
shrinkage=0.08


Tree=391
num_leaves=6
num_cat=0
split_feature=29 2 0 24 3
split_gain=0.0150682 6.35434e-09 1.47182e-10 8.18352e-11 1.33284e-12
threshold=1.0000000180025095e-35 13.250000000000002 3.5000000000000004 1.0000000180025095e-35 6.5000000000000009
decision_type=2 2 2 2 2
left_child=1 2 -1 4 -4
right_child=-2 -3 3 -5 -6
leaf_value=-0.071174628070135179 0.071379916917104255 -0.071278207783471145 -0.071140951052182932 -0.0711614444146738 -0.071137844356942412
leaf_weight=0.0015118791197892278 0.008424768690019846 0.0042288732947781682 0.0018845742742996663 0.0015669871354475617 0.001664338109549135
leaf_count=2 2 2 4 2 4
internal_value=-0.00890243 -0.0712016 -0.0711527 -0.0711462 -0.0711395
internal_weight=0.0192814 0.0108567 0.00662778 0.0051159 0.00354891
internal_count=16 14 12 10 8
is_linear=0
shrinkage=0.08


Tree=392
num_leaves=1
num_cat=0
split_feature=
split_gain=
threshold=
decision_type=
left_child=
right_child=
leaf_value=0
leaf_weight=
leaf_count=16
internal_value=
internal_weight=
internal_count=
is_linear=0
shrinkage=1


Tree=393
num_leaves=8
num_cat=0
split_feature=0 24 24 2 3 2 2
split_gain=0.0217895 0.0177305 2.78139e-07 8.61504e-11 7.31966e-11 2.18722e-10 5.33163e-11
threshold=4.5000000000000009 1.0000000180025095e-35 1.0000000180025095e-35 13.250000000000002 6.5000000000000009 5.166666666666667 6.5000000000000009
decision_type=2 2 2 2 2 2 2
left_child=2 6 3 4 5 -1 -2
right_child=1 -3 -4 -5 -6 -7 -8
leaf_value=-0.07113834031539662 -0.071196003159811186 0.071945512900614489 -0.071882878217570986 -0.071179305869106604 -0.071137704765988408 -0.071186241976939263 -0.07121000913836481
leaf_weight=0.0012561840121634296 0.0040065249195322386 0.025413999333977699 0.011948864907026291 0.0010768467327579856 0.0012349486059974879 0.0011860635131597519 0.003074084990657866
leaf_count=3 3 2 1 1 3 1 2
internal_value=0.00258256 0.0407535 -0.071677 -0.0711594 -0.0711536 -0.0711616 -0.0712021
internal_weight=0.0491975 0.0324946 0.0167029 0.00475404 0.0036772 0.00244225 0.00708061
internal_count=16 7 9 8 7 4 5
is_linear=0
shrinkage=0.08


Tree=394
num_leaves=7
num_cat=0
split_feature=2 0 2 13 0 0
split_gain=0.0166158 0.0228052 7.52657e-09 4.7158e-10 2.22657e-11 5.62264e-11
threshold=5.166666666666667 3.5000000000000004 13.250000000000002 1.0000000180025095e-35 4.5000000000000009 5.5000000000000009
decision_type=2 2 2 2 2 2
left_child=-1 -2 3 4 -3 -6
right_child=1 2 -4 -5 5 -7
leaf_value=-0.071615756614190576 0.072317999471462627 -0.071137682893145926 -0.071311434544835225 -0.071199826907134098 -0.071161405029929681 -0.071140881389997662
leaf_weight=0.011139719252241775 0.030473464168608189 0.0012337940570432693 0.0031514042057096958 0.0014000011142343283 0.001565745216794312 0.0018801465339493006
leaf_count=3 2 3 1 1 2 4
internal_value=0.0147243 0.0389483 -0.0712111 -0.0711591 -0.0711469 -0.0711502
internal_weight=0.0508443 0.0397046 0.00923109 0.00607969 0.00467969 0.00344589
internal_count=16 13 11 10 9 6
is_linear=0
shrinkage=0.08


Tree=395
num_leaves=6
num_cat=0
split_feature=16 2 0 24 0
split_gain=0.0139844 6.3562e-09 1.4758e-10 8.20761e-11 1.3329e-12
threshold=1.0000000180025095e-35 13.250000000000002 3.5000000000000004 1.0000000180025095e-35 5.5000000000000009
decision_type=2 2 2 2 2
left_child=1 2 -1 4 -4
right_child=-2 -3 3 -5 -6
leaf_value=-0.071174642691575682 0.071350802503543892 -0.071278225070583234 -0.071137802893479221 -0.071161441400286768 -0.071140911888151609
leaf_weight=0.0015125369536690414 0.0074121053330600253 0.0042300674831494689 0.0016619805246591568 0.0015669576241634786 0.0018818597309291363
leaf_count=2 2 2 4 2 4
internal_value=-0.0133541 -0.0712016 -0.0711527 -0.0711462 -0.0711395
internal_weight=0.0182655 0.0108534 0.00662333 0.0051108 0.00354384
internal_count=16 14 12 10 8
is_linear=0
shrinkage=0.08


Tree=396
num_leaves=4
num_cat=0
split_feature=2 24 3
split_gain=0.0184171 8.11529e-08 6.48792e-12
threshold=13.250000000000002 1.0000000180025095e-35 6.5000000000000009
decision_type=2 2 2
left_child=1 2 -1
right_child=-2 -3 -4
leaf_value=-0.071131564557530572 0.025556049472302056 -0.07160276269557786 -0.071123679758322872
leaf_weight=0.0015431395440828046 0.041824395768344402 0.015117809642106295 0.0011775442690122873
leaf_count=6 2 2 6
internal_value=-0.00347164 -0.0715304 -0.0711282
internal_weight=0.0596629 0.0178385 0.00272068
internal_count=16 14 12
is_linear=0
shrinkage=0.08


Tree=397
num_leaves=7
num_cat=0
split_feature=26 1 0 2 24 2
split_gain=0.0194714 0.00148117 0.00668252 2.43846e-08 2.59775e-10 1.5861e-14
threshold=1.0000000180025095e-35 2.5000000000000004 4.5000000000000009 13.250000000000002 1.0000000180025095e-35 6.5000000000000009
decision_type=2 2 2 2 2 2
left_child=3 -2 -3 4 5 -1
right_child=1 2 -4 -5 -6 -7
leaf_value=-0.071156977431695148 0.071638633572714744 -0.071224207509498622 0.071338734879215507 -0.071383192735832254 -0.071189706437133224 -0.07115728253886637
leaf_weight=0.0021736100316047668 0.011071281624026597 0.002984439954161644 0.0071353663224726915 0.0067784431157633662 0.0024448210606351495 0.0021882366854697466
leaf_count=3 2 2 2 2 2 3
internal_value=0.00348818 0.0514176 0.0292954 -0.0712758 -0.0711688 -0.0711571
internal_weight=0.0347762 0.0211911 0.0101198 0.0135851 0.00680667 0.00436185
internal_count=16 6 4 10 8 6
is_linear=0
shrinkage=0.08


Tree=398
num_leaves=1
num_cat=0
split_feature=
split_gain=
threshold=
decision_type=
left_child=
right_child=
leaf_value=0
leaf_weight=
leaf_count=16
internal_value=
internal_weight=
internal_count=
is_linear=0
shrinkage=1


Tree=399
num_leaves=6
num_cat=0
split_feature=28 2 0 24 3
split_gain=0.0160229 1.32844e-08 2.51426e-10 1.43166e-10 2.40684e-12
threshold=1.0000000180025095e-35 13.250000000000002 3.5000000000000004 1.0000000180025095e-35 6.5000000000000009
decision_type=2 2 2 2 2
left_child=1 2 -1 4 -4
right_child=-2 -3 3 -5 -6
leaf_value=-0.071189237259776231 0.071288114565296073 -0.071327515635526265 -0.071148792512221795 -0.071173277694167245 -0.071144793808942841
leaf_weight=0.0018685483373701572 0.0082243941724300385 0.0053933763410896063 0.0017851470620371401 0.0019347898778505623 0.0020926812139805406
leaf_count=2 3 2 3 2 4
internal_value=-0.0161987 -0.0712313 -0.0711637 -0.0711555 -0.0711466
internal_weight=0.0212989 0.0130745 0.00768117 0.00581262 0.00387783
internal_count=16 13 11 9 7
is_linear=0
shrinkage=0.08


Tree=400
num_leaves=6
num_cat=0
split_feature=29 2 0 24 3
split_gain=0.0131528 4.86586e-09 9.58909e-11 5.34107e-11 8.69446e-13
threshold=1.0000000180025095e-35 13.250000000000002 3.5000000000000004 1.0000000180025095e-35 6.5000000000000009
decision_type=2 2 2 2 2
left_child=1 2 -1 4 -4
right_child=-2 -3 3 -5 -6
leaf_value=-0.071166185150947997 0.071344204930918809 -0.071263760152730976 -0.071136995638857434 -0.071154771065144992 -0.071134301743026984
leaf_weight=0.0013114933972246945 0.0073127918876707545 0.0038093762705102563 0.0016351162921637297 0.0013594304327853024 0.0014438207726925611
leaf_count=2 2 2 4 2 4
internal_value=-0.0094139 -0.0711936 -0.0711472 -0.0711416 -0.0711357
internal_weight=0.016872 0.00955924 0.00574986 0.00443837 0.00307894
internal_count=16 14 12 10 8
is_linear=0
shrinkage=0.08


Tree=401
num_leaves=1
num_cat=0
split_feature=
split_gain=
threshold=
decision_type=
left_child=
right_child=
leaf_value=0
leaf_weight=
leaf_count=16
internal_value=
internal_weight=
internal_count=
is_linear=0
shrinkage=1


Tree=402
num_leaves=6
num_cat=0
split_feature=0 2 24 2 2
split_gain=0.0201544 0.00040323 2.03935e-07 1.61262e-11 6.1696e-11
threshold=4.5000000000000009 7.5000000000000009 1.0000000180025095e-35 7.5000000000000009 5.166666666666667
decision_type=2 2 2 2 2
left_child=2 -2 3 4 -1
right_child=1 -3 -4 -5 -6
leaf_value=-0.071134732728822758 0.034550602502628307 0.053626457636884617 -0.071813449179615005 -0.071160741928008087 -0.071158807688279854
leaf_weight=0.0010900279448833325 0.017778338980861008 0.011798443389125168 0.010894853621721268 0.0012188861728645861 0.0018165835936088115
leaf_count=3 5 2 1 2 3
internal_value=0.00383483 0.0421601 -0.0716321 -0.071153 -0.0711498
internal_weight=0.0445971 0.0295768 0.0150204 0.0041255 0.00290661
internal_count=16 7 9 8 6
is_linear=0
shrinkage=0.08


Tree=403
num_leaves=7
num_cat=0
split_feature=0 2 27 13 24 0
split_gain=0.0144348 5.73274e-09 2.82259e-10 3.22714e-10 5.34804e-11 8.80375e-13
threshold=3.5000000000000004 13.250000000000002 1.0000000180025095e-35 1.0000000180025095e-35 1.0000000180025095e-35 5.5000000000000009
decision_type=2 2 2 2 2 2
left_child=-1 2 3 4 5 -2
right_child=1 -3 -4 -5 -6 -7
leaf_value=0.038780205929001089 -0.071134223805195587 -0.071293648448584129 -0.071192984811089849 -0.071188061227863503 -0.071154731419335079 -0.071136938688643375
leaf_weight=0.034516900312155485 0.0014385709655471146 0.0028730002231895924 0.0012922001769766212 0.0012147988891229033 0.0013583530089817941 0.0016312995576299727
leaf_count=3 4 1 1 1 2 4
internal_value=0.0144442 -0.0711986 -0.0711593 -0.0711515 -0.0711415 -0.0711357
internal_weight=0.0443251 0.00980822 0.00693522 0.00564302 0.00442822 0.00306987
internal_count=16 13 12 11 10 8
is_linear=0
shrinkage=0.08


Tree=404
num_leaves=6
num_cat=0
split_feature=16 2 0 24 0
split_gain=0.0122008 4.86671e-09 9.61295e-11 5.3578e-11 8.70724e-13
threshold=1.0000000180025095e-35 13.250000000000002 3.5000000000000004 1.0000000180025095e-35 5.5000000000000009
decision_type=2 2 2 2 2
left_child=1 2 -1 4 -4
right_child=-2 -3 3 -5 -6
leaf_value=-0.071166197663918837 0.071318942168944549 -0.071263772232528139 -0.071134266818252676 -0.071154772268313224 -0.071136964610442124
leaf_weight=0.0013120642979629338 0.0064325842540711156 0.003810430527664721 0.0014417753263842314 0.0013594048214145005 0.001632785948459059
leaf_count=2 2 2 4 2 4
internal_value=-0.0138591 -0.0711937 -0.0711472 -0.0711415 -0.0711357
internal_weight=0.015989 0.00955646 0.00574603 0.00443397 0.00307456
internal_count=16 14 12 10 8
is_linear=0
shrinkage=0.08


Tree=405
num_leaves=4
num_cat=0
split_feature=24 2 3
split_gain=0.0159017 2.33676e-07 4.90286e-12
threshold=1.0000000180025095e-35 13.250000000000002 6.5000000000000009
decision_type=2 2 2
left_child=1 2 -1
right_child=-2 -3 -4
leaf_value=-0.07112935456090734 0.023026454470894658 -0.071986492043478331 -0.071122013954771954
leaf_weight=0.0013544725225074208 0.039168468676507473 0.013514011166989803 0.0010214945214102045
leaf_count=6 3 1 6
internal_value=-0.00435735 -0.0718579 -0.0711262
internal_weight=0.0550584 0.01589 0.00237597
internal_count=16 13 12
is_linear=0
shrinkage=0.08


Tree=406
num_leaves=7
num_cat=0
split_feature=26 1 0 2 24 2
split_gain=0.0177549 0.00133444 0.00595566 1.82874e-08 2.00528e-10 1.02084e-14
threshold=1.0000000180025095e-35 2.5000000000000004 4.5000000000000009 13.250000000000002 1.0000000180025095e-35 6.5000000000000009
decision_type=2 2 2 2 2 2
left_child=3 -2 -3 4 5 -1
right_child=1 2 -4 -5 -6 -7
leaf_value=-0.071150897177320011 0.071618076755545157 -0.071212552029450663 0.071315605562642395 -0.071358769810699788 -0.07118147187666421 -0.071151159973345673
leaf_weight=0.0018858084222301841 0.010411942843347788 0.0026516328216530383 0.0064172674901783466 0.0061466008191928267 0.0021840117988176644 0.0018983810441568494
leaf_count=3 2 2 2 2 2 3
internal_value=0.00478487 0.0520771 0.0296422 -0.0712619 -0.0711622 -0.071151
internal_weight=0.0315956 0.0194808 0.0090689 0.0121148 0.0059682 0.00378419
internal_count=16 6 4 10 8 6
is_linear=0
shrinkage=0.08


Tree=407
num_leaves=1
num_cat=0
split_feature=
split_gain=
threshold=
decision_type=
left_child=
right_child=
leaf_value=0
leaf_weight=
leaf_count=16
internal_value=
internal_weight=
internal_count=
is_linear=0
shrinkage=1


Tree=408
num_leaves=6
num_cat=0
split_feature=28 2 0 24 3
split_gain=0.0141716 9.99068e-09 1.87836e-10 1.1005e-10 1.57278e-12
threshold=1.0000000180025095e-35 13.250000000000002 3.5000000000000004 1.0000000180025095e-35 6.5000000000000009
decision_type=2 2 2 2 2
left_child=1 2 -1 4 -4
right_child=-2 -3 3 -5 -6
leaf_value=-0.071181321014931631 0.071267813138342351 -0.071308109320671137 -0.071143800246781283 -0.071166764337575503 -0.07114032976506815
leaf_weight=0.0016634172934573144 0.0072468677535653106 0.0048906225711107254 0.0015487473574467003 0.0017283738707192242 0.0018153180135414004
leaf_count=2 3 2 3 2 4
internal_value=-0.016567 -0.071221 -0.071158 -0.0711504 -0.0711419
internal_weight=0.0188933 0.0116465 0.00675586 0.00509244 0.00336407
internal_count=16 13 11 9 7
is_linear=0
shrinkage=0.08


Tree=409
num_leaves=6
num_cat=0
split_feature=29 2 0 24 3
split_gain=0.0118247 3.66077e-09 7.16117e-11 4.10047e-11 5.67188e-13
threshold=1.0000000180025095e-35 13.250000000000002 3.5000000000000004 1.0000000180025095e-35 6.5000000000000009
decision_type=2 2 2 2 2
left_child=1 2 -1 4 -4
right_child=-2 -3 3 -5 -6
leaf_value=-0.071160605458661014 0.071322478506301773 -0.071250093397171158 -0.071133565589056383 -0.071150200121793267 -0.071131229525360093
leaf_weight=0.0011676156864268705 0.0066307706292718658 0.0034542361972853541 0.0014185608306434005 0.0012143886997364461 0.0012524763296823949
leaf_count=2 2 2 4 2 4
internal_value=-0.00876476 -0.0711866 -0.0711432 -0.071138 -0.0711325
internal_weight=0.015138 0.00850728 0.00505304 0.00388543 0.00267104
internal_count=16 14 12 10 8
is_linear=0
shrinkage=0.08


Tree=410
num_leaves=1
num_cat=0
split_feature=
split_gain=
threshold=
decision_type=
left_child=
right_child=
leaf_value=0
leaf_weight=
leaf_count=16
internal_value=
internal_weight=
internal_count=
is_linear=0
shrinkage=1


Tree=411
num_leaves=6
num_cat=0
split_feature=0 24 24 2 2
split_gain=0.0175852 0.0148064 1.49956e-07 3.75326e-11 1.21214e-11
threshold=4.5000000000000009 1.0000000180025095e-35 1.0000000180025095e-35 6.5000000000000009 7.5000000000000009
decision_type=2 2 2 2 2
left_child=2 3 4 -2 -1
right_child=1 -3 -4 -5 -6
leaf_value=-0.071145604856704944 -0.071182105599280857 0.07179772987141049 -0.071749226358010329 -0.071194914118766883 -0.071155701276739688
leaf_weight=0.0025514503067824998 0.0033520668512210241 0.02094905823469162 0.0099164340645074844 0.0025997068732976913 0.0010844938515219837
leaf_count=6 3 2 1 2 2
internal_value=0.00272445 0.0401624 -0.0715881 -0.0711877 -0.0711486
internal_weight=0.0404532 0.0269008 0.0135524 0.00595177 0.00363594
internal_count=16 7 9 5 8
is_linear=0
shrinkage=0.08


Tree=412
num_leaves=7
num_cat=0
split_feature=27 13 0 2 0 0
split_gain=0.0139927 0.0116263 9.48133e-08 4.72675e-09 1.33391e-11 2.83071e-11
threshold=1.0000000180025095e-35 1.0000000180025095e-35 3.5000000000000004 13.250000000000002 4.5000000000000009 5.5000000000000009
decision_type=2 2 2 2 2 2
left_child=1 2 -1 4 -4 -6
right_child=-2 -3 3 -5 5 -7
leaf_value=-0.071608394428937516 0.064144563537705895 0.051526180404139699 -0.071131157207633494 -0.071277157610622158 -0.071150166953594593 -0.071133514131205569
leaf_weight=0.0077583394013345242 0.019671478890813887 0.0075206583132967344 0.0012479223078116775 0.002614613389596343 0.001213426236063242 0.0014151792856864631
leaf_count=1 2 2 4 1 2 4
internal_value=0.0152416 -0.0289471 -0.0714196 -0.071194 -0.071138 -0.0711412
internal_weight=0.0414416 0.0217701 0.0142495 0.00649114 0.00387653 0.00262861
internal_count=16 14 12 11 10 6
is_linear=0
shrinkage=0.08


Tree=413
num_leaves=6
num_cat=0
split_feature=16 2 0 24 0
split_gain=0.0106903 3.66127e-09 7.1786e-11 4.10894e-11 5.6805e-13
threshold=1.0000000180025095e-35 13.250000000000002 3.5000000000000004 1.0000000180025095e-35 5.5000000000000009
decision_type=2 2 2 2 2
left_child=1 2 -1 4 -4
right_child=-2 -3 3 -5 -6
leaf_value=-0.07116061661384461 0.071291344429373973 -0.071250103247726002 -0.071131200049871238 -0.071150194891318325 -0.071133539578826857
leaf_weight=0.0011681181495077908 0.0055826767347753057 0.0034551863209344447 0.0012507018109317869 0.0012143658823333681 0.0014164687599986792
leaf_count=2 2 2 4 2 4
internal_value=-0.0147247 -0.0711866 -0.0711432 -0.071138 -0.0711324
internal_weight=0.0140875 0.00850484 0.00504965 0.00388154 0.00266717
internal_count=16 14 12 10 8
is_linear=0
shrinkage=0.08


Tree=414
num_leaves=3
num_cat=0
split_feature=2 24
split_gain=0.0150067 4.58607e-08
threshold=13.250000000000002 1.0000000180025095e-35
decision_type=2 2
left_child=1 -1
right_child=-2 -3
leaf_value=-0.0711243695797735 0.024167071929230018 -0.071530069503639437
leaf_weight=0.0020698593871202329 0.03528306633234024 0.012878108769655228
leaf_count=12 2 2
internal_value=-0.00429418 -0.0714739
internal_weight=0.050231 0.014948
internal_count=16 14
is_linear=0
shrinkage=0.08


Tree=415
num_leaves=7
num_cat=0
split_feature=26 1 3 2 24 2
split_gain=0.0156183 0.00115621 0.00131715 1.387e-08 1.30823e-10 6.69733e-15
threshold=1.0000000180025095e-35 2.5000000000000004 6.5000000000000009 13.250000000000002 1.0000000180025095e-35 6.5000000000000009
decision_type=2 2 2 2 2 2
left_child=3 -2 -3 4 5 -1
right_child=1 2 -4 -5 -6 -7
leaf_value=-0.071145620138874807 0.07155052731671957 0.0044932232361247345 0.071304435947100772 -0.071337419688217163 -0.071172134090192726 -0.071145848662526434
leaf_weight=0.0016360526205971837 0.0090406666276976466 0.0049804886803030968 0.0030419402755796909 0.0055518201552331448 0.0018947058124467731 0.001647020922973752
leaf_count=3 2 3 1 2 2 3
internal_value=0.00437767 0.0519335 0.0298267 -0.0712496 -0.0711554 -0.0711457
internal_weight=0.0277927 0.0170631 0.00802243 0.0107296 0.00517778 0.00328307
internal_count=16 6 4 10 8 6
is_linear=0
shrinkage=0.08


Tree=416
num_leaves=1
num_cat=0
split_feature=
split_gain=
threshold=
decision_type=
left_child=
right_child=
leaf_value=0
leaf_weight=
leaf_count=16
internal_value=
internal_weight=
internal_count=
is_linear=0
shrinkage=1


Tree=417
num_leaves=6
num_cat=0
split_feature=28 2 0 24 3
split_gain=0.0123825 7.61498e-09 1.36694e-10 7.18289e-11 1.02632e-12
threshold=1.0000000180025095e-35 13.250000000000002 3.5000000000000004 1.0000000180025095e-35 6.5000000000000009
decision_type=2 2 2 2 2
left_child=1 2 -1 4 -4
right_child=-2 -3 3 -5 -6
leaf_value=-0.07117334198978198 0.07124701420807357 -0.071291156565723879 -0.071139465439015948 -0.07115938449617612 -0.071136455521003297
leaf_weight=0.0014664045302197337 0.006288610282354056 0.0044174581998959184 0.0013436150620691478 0.0014994050143286586 0.001574788591824472
leaf_count=2 3 2 3 2 4
internal_value=-0.0172122 -0.0712118 -0.0711522 -0.0711452 -0.0711378
internal_weight=0.0165903 0.0103017 0.00588421 0.00441781 0.0029184
internal_count=16 13 11 9 7
is_linear=0
shrinkage=0.08


Tree=418
num_leaves=6
num_cat=0
split_feature=29 2 0 24 3
split_gain=0.0103399 2.79012e-09 5.19866e-11 2.67694e-11 3.70095e-13
threshold=1.0000000180025095e-35 13.250000000000002 3.5000000000000004 1.0000000180025095e-35 6.5000000000000009
decision_type=2 2 2 2 2
left_child=1 2 -1 4 -4
right_child=-2 -3 3 -5 -6
leaf_value=-0.07115498347536707 0.071294411188332532 -0.071238149884319896 -0.071130585285739331 -0.071145015898395794 -0.071128559272464628
leaf_weight=0.0010293693339917809 0.0057547434698790312 0.0031200413941405714 0.0012306838179938495 0.0010534957400523126 0.0010864647483685985
leaf_count=2 2 2 4 2 4
internal_value=-0.00941623 -0.0711803 -0.0711392 -0.0711344 -0.0711296
internal_weight=0.0132748 0.00752006 0.00440001 0.00337064 0.00231715
internal_count=16 14 12 10 8
is_linear=0
shrinkage=0.08


Tree=419
num_leaves=1
num_cat=0
split_feature=
split_gain=
threshold=
decision_type=
left_child=
right_child=
leaf_value=0
leaf_weight=
leaf_count=16
internal_value=
internal_weight=
internal_count=
is_linear=0
shrinkage=1


Tree=420
num_leaves=5
num_cat=0
split_feature=0 2 24 3
split_gain=0.016321 0.000313442 1.10397e-07 1.47766e-12
threshold=4.5000000000000009 7.5000000000000009 1.0000000180025095e-35 6.5000000000000009
decision_type=2 2 2 2
left_child=2 -2 3 -1
right_child=1 -3 -4 -5
leaf_value=-0.07114579817492897 0.034309951573903874 0.052816698388449497 -0.071692289952468333 -0.071142346053496133
leaf_weight=0.0016368736105505386 0.014818704687058926 0.0096849494148045778 0.0090459734201431274 0.0015403136058012024
leaf_count=4 5 2 1 4
internal_value=0.00395872 0.0416247 -0.0715498 -0.0711441
internal_weight=0.0367268 0.0245037 0.0122232 0.00317719
internal_count=16 7 9 8
is_linear=0
shrinkage=0.08


Tree=421
num_leaves=6
num_cat=0
split_feature=2 0 4 13 24
split_gain=0.0121267 0.016078 3.23785e-09 2.09769e-10 2.52756e-11
threshold=5.166666666666667 3.5000000000000004 1.0000000180025095e-35 1.0000000180025095e-35 1.0000000180025095e-35
decision_type=2 2 2 2 2
left_child=-1 -2 -3 4 -4
right_child=1 2 3 -5 -6
leaf_value=-0.071478612146115145 0.071989352373127855 -0.071262504451898689 -0.071129715680300118 -0.071176565858727739 -0.071144987743215385
leaf_weight=0.0081272103707306087 0.021989359520375729 0.0023848265409469596 0.0020331176638137549 0.0010336211416870356 0.0010526607220526785
leaf_count=3 2 1 7 1 2
internal_value=0.0147199 0.0393062 -0.0711883 -0.0711454 -0.0711349
internal_weight=0.0366208 0.0284936 0.00650423 0.0041194 0.00308578
internal_count=16 13 11 10 9
is_linear=0
shrinkage=0.08


Tree=422
num_leaves=6
num_cat=0
split_feature=16 2 0 24 0
split_gain=0.009504 2.79046e-09 5.21015e-11 2.68268e-11 3.71978e-13
threshold=1.0000000180025095e-35 13.250000000000002 3.5000000000000004 1.0000000180025095e-35 5.5000000000000009
decision_type=2 2 2 2 2
left_child=1 2 -1 4 -4
right_child=-2 -3 3 -5 -6
leaf_value=-0.071154994750521269 0.071273051548997948 -0.07123816147936507 -0.071128534432289739 -0.071145014573591639 -0.071130567041165382
leaf_weight=0.0010298093257006258 0.0049847534392029047 0.0031208847067318857 0.00108492533036042 0.0010534758621361107 0.0012289258884266019
leaf_count=2 2 2 4 2 4
internal_value=-0.0143853 -0.0711803 -0.0711392 -0.0711344 -0.0711296
internal_weight=0.0125028 0.00751802 0.00439714 0.00336733 0.00231385
internal_count=16 14 12 10 8
is_linear=0
shrinkage=0.08


Tree=423
num_leaves=3
num_cat=0
split_feature=2 24
split_gain=0.0130772 3.22006e-08
threshold=13.250000000000002 1.0000000180025095e-35
decision_type=2 2
left_child=1 -1
right_child=-2 -3
leaf_value=-0.0711226525661693 0.022612556369877038 -0.071486027396500382
leaf_weight=0.0018055829059449033 0.032692805863916874 0.011510405223816633
leaf_count=12 2 2
internal_value=-0.00460745 -0.0714368
internal_weight=0.0460088 0.013316
internal_count=16 14
is_linear=0
shrinkage=0.08


Tree=424
num_leaves=7
num_cat=0
split_feature=26 1 0 2 24 2
split_gain=0.0137465 0.00104772 0.0049021 1.04324e-08 1.0059e-10 4.28303e-15
threshold=1.0000000180025095e-35 2.5000000000000004 4.5000000000000009 13.250000000000002 1.0000000180025095e-35 6.5000000000000009
decision_type=2 2 2 2 2 2
left_child=3 -2 -3 4 5 -1
right_child=1 2 -4 -5 -6 -7
leaf_value=-0.071141049426042477 0.071492041253610139 -0.0711951087301394 0.071279204113299341 -0.071317818384525208 -0.071165769955059022 -0.071141245635305217
leaf_weight=0.0014193652314133942 0.0078493107575923204 0.0021838223910890528 0.0052882782183587551 0.0050008905818685889 0.001693195546977222 0.001428804243914783
leaf_count=3 2 2 2 2 2 3
internal_value=0.00413687 0.0510808 0.0296392 -0.0712381 -0.0711503 -0.0711411
internal_weight=0.0248637 0.0153214 0.0074721 0.00954226 0.00454137 0.00284817
internal_count=16 6 4 10 8 6
is_linear=0
shrinkage=0.08


Tree=425
num_leaves=1
num_cat=0
split_feature=
split_gain=
threshold=
decision_type=
left_child=
right_child=
leaf_value=0
leaf_weight=
leaf_count=16
internal_value=
internal_weight=
internal_count=
is_linear=0
shrinkage=1


Tree=426
num_leaves=6
num_cat=0
split_feature=28 2 0 24 3
split_gain=0.0109491 5.78906e-09 8.39313e-11 5.34979e-11 1.06545e-12
threshold=1.0000000180025095e-35 13.250000000000002 3.5000000000000004 1.0000000180025095e-35 6.5000000000000009
decision_type=2 2 2 2 2
left_child=1 2 -1 4 -4
right_child=-2 -3 3 -5 -6
leaf_value=-0.07116506582747445 0.071231745442777467 -0.071275577236211127 -0.071136366091570258 -0.071154350469508534 -0.071133094194175225
leaf_weight=0.0012718979269266129 0.00554839603137225 0.0039791897870600224 0.0011934455542359501 0.0013399268500506878 0.0013660377007909119
leaf_count=2 3 2 3 2 4
internal_value=-0.0174381 -0.071203 -0.0711472 -0.0711414 -0.0711346
internal_weight=0.0146989 0.0091505 0.00517131 0.00389941 0.00255948
internal_count=16 13 11 9 7
is_linear=0
shrinkage=0.08


Tree=427
num_leaves=5
num_cat=0
split_feature=29 2 22 21
split_gain=0.00930071 2.12025e-09 2.03681e-11 6.07339e-12
threshold=1.0000000180025095e-35 13.250000000000002 1.0000000180025095e-35 1.0000000180025095e-35
decision_type=2 2 2 2
left_child=1 2 3 -1
right_child=-2 -3 -4 -5
leaf_value=-0.07113649519538201 0.071277865409793972 -0.071227170455533534 -0.071127555709205148 -0.071144300850725872
leaf_weight=0.0014559459523297846 0.0052333797793835402 0.0028105006786063313 0.0012722502578981221 0.0011355094029568136
leaf_count=4 2 2 5 3
internal_value=-0.00856663 -0.0711743 -0.0711358 -0.0711399
internal_weight=0.0119076 0.00667421 0.00386371 0.00259146
internal_count=16 14 12 7
is_linear=0
shrinkage=0.08


Tree=428
num_leaves=1
num_cat=0
split_feature=
split_gain=
threshold=
decision_type=
left_child=
right_child=
leaf_value=0
leaf_weight=
leaf_count=16
internal_value=
internal_weight=
internal_count=
is_linear=0
shrinkage=1


Tree=429
num_leaves=6
num_cat=0
split_feature=0 24 24 2 3
split_gain=0.0141426 0.0125013 8.06984e-08 1.89419e-11 9.56256e-13
threshold=4.5000000000000009 1.0000000180025095e-35 1.0000000180025095e-35 6.5000000000000009 6.5000000000000009
decision_type=2 2 2 2 2
left_child=2 3 4 -2 -1
right_child=1 -3 -4 -5 -6
leaf_value=-0.071141190421711312 -0.07117221644665378 0.07167740606672042 -0.07163980700733262 -0.071182084143053756 -0.071138208746277021
leaf_weight=0.0014198505232343459 0.0028727073804475358 0.017293374519795179 0.0082411188632249832 0.0021972911199554801 0.001336238972726278
leaf_count=4 3 2 1 2 4
internal_value=0.00276434 0.039291 -0.0715145 -0.0711765 -0.0711397
internal_weight=0.0333606 0.0223634 0.0109972 0.00507 0.00275609
internal_count=16 7 9 5 8
is_linear=0
shrinkage=0.08


Tree=430
num_leaves=6
num_cat=0
split_feature=27 13 0 2 2
split_gain=0.0109406 0.00891924 3.93202e-08 2.68777e-09 3.92266e-12
threshold=1.0000000180025095e-35 1.0000000180025095e-35 3.5000000000000004 13.250000000000002 6.5000000000000009
decision_type=2 2 2 2 2
left_child=1 2 -1 4 -4
right_child=-2 -3 3 -5 -6
leaf_value=-0.071484703703662 0.06350663671585724 0.05005939738727723 -0.071127900446794137 -0.071248956364594274 -0.071133979475403911
leaf_weight=0.0058488128706812859 0.016111473145429045 0.0059821782051585606 0.001054474400007166 0.002172395121306181 0.0019096351752523333
leaf_count=1 2 2 4 1 6
internal_value=0.0162921 -0.0285404 -0.0713429 -0.0711814 -0.0711318
internal_weight=0.033079 0.0169675 0.0109853 0.0051365 0.00296411
internal_count=16 14 12 11 10
is_linear=0
shrinkage=0.08


Tree=431
num_leaves=5
num_cat=0
split_feature=16 2 21 23
split_gain=0.00836717 2.1207e-09 1.79925e-11 5.94279e-12
threshold=1.0000000180025095e-35 13.250000000000002 1.0000000180025095e-35 1.0000000180025095e-35
decision_type=2 2 2 2
left_child=1 2 3 -1
right_child=-2 -3 -4 -5
leaf_value=-0.071135256339867059 0.071252469502671612 -0.071227185194659745 -0.071144307013744496 -0.071127567567438751
leaf_weight=0.0016852351691341028 0.0043678679503500462 0.0028112448053434491 0.0011353998997947201 0.0010406457004137337
leaf_count=5 2 2 3 4
internal_value=-0.0148266 -0.0711743 -0.0711358 -0.0711323
internal_weight=0.0110404 0.00667253 0.00386128 0.00272588
internal_count=16 14 12 9
is_linear=0
shrinkage=0.08


Tree=432
num_leaves=3
num_cat=0
split_feature=24 2
split_gain=0.0124571 1.02257e-07
threshold=1.0000000180025095e-35 13.250000000000002
decision_type=2 2
left_child=1 -1
right_child=-2 -3
leaf_value=-0.071121264643516438 0.023724803820987139 -0.071811326060632716
leaf_weight=0.0015734232438262561 0.02953176898881793 0.010862685739994049
leaf_count=12 3 1
internal_value=-0.00455902 -0.071724
internal_weight=0.0419679 0.0124361
internal_count=16 13
is_linear=0
shrinkage=0.08


Tree=433
num_leaves=7
num_cat=0
split_feature=26 1 0 2 24 2
split_gain=0.0121019 0.000909046 0.0043262 7.90129e-09 6.57905e-11 2.80071e-15
threshold=1.0000000180025095e-35 2.5000000000000004 4.5000000000000009 13.250000000000002 1.0000000180025095e-35 6.5000000000000009
decision_type=2 2 2 2 2 2
left_child=3 -2 -3 4 5 -1
right_child=1 2 -4 -5 -6 -7
leaf_value=-0.071137079740260983 0.07144134399545117 -0.071185599590252988 0.071260325570753597 -0.071300128465026855 -0.071158541275747833 -0.071137250077188685
leaf_weight=0.0012313389452174306 0.0068138429778628051 0.0019246559240855277 0.0046887977514415979 0.0045194122940301895 0.0014695109566673636 0.0012395658995956182
leaf_count=3 2 2 2 2 2 3
internal_value=0.00371595 0.0509341 0.0298055 -0.0712279 -0.0711451 -0.0711372
internal_weight=0.0218871 0.0134273 0.00661345 0.00845983 0.00394042 0.0024709
internal_count=16 6 4 10 8 6
is_linear=0
shrinkage=0.08


Tree=434
num_leaves=1
num_cat=0
split_feature=
split_gain=
threshold=
decision_type=
left_child=
right_child=
leaf_value=0
leaf_weight=
leaf_count=16
internal_value=
internal_weight=
internal_count=
is_linear=0
shrinkage=1


Tree=435
num_leaves=6
num_cat=0
split_feature=28 2 0 24 3
split_gain=0.00956956 4.40627e-09 6.15146e-11 3.49818e-11 6.95153e-13
threshold=1.0000000180025095e-35 13.250000000000002 3.5000000000000004 1.0000000180025095e-35 6.5000000000000009
decision_type=2 2 2 2 2
left_child=1 2 -1 4 -4
right_child=-2 -3 3 -5 -6
leaf_value=-0.071159002820656098 0.071215738597057029 -0.071261519753367364 -0.071133017416435435 -0.071148630598757742 -0.071130179907063551
leaf_weight=0.0011224557965761051 0.0048142781015485534 0.0035961495595984161 0.0010353434772696346 0.0011629004147835076 0.0011850176961161196
leaf_count=2 3 2 3 2 4
internal_value=-0.0181141 -0.0711955 -0.0711428 -0.0711374 -0.0711315
internal_weight=0.0129161 0.00810187 0.00450572 0.00338326 0.00222036
internal_count=16 13 11 9 7
is_linear=0
shrinkage=0.08


Tree=436
num_leaves=5
num_cat=0
split_feature=29 2 22 0
split_gain=0.00813679 1.61383e-09 1.41288e-11 7.78453e-13
threshold=1.0000000180025095e-35 13.250000000000002 1.0000000180025095e-35 4.5000000000000009
decision_type=2 2 2 2
left_child=1 2 3 -1
right_child=-2 -3 -4 -5
leaf_value=-0.071137772963531479 0.071255729187371761 -0.071217268703839029 -0.071125377565066095 -0.071134792230943558
leaf_weight=0.0012342882982920855 0.0045414511114358902 0.0025399644509889185 0.0011036590876756236 0.001027587553835474
leaf_count=4 2 2 5 3
internal_value=-0.00925484 -0.0711691 -0.0711328 -0.0711364
internal_weight=0.010447 0.0059055 0.00336553 0.00226188
internal_count=16 14 12 7
is_linear=0
shrinkage=0.08


Tree=437
num_leaves=1
num_cat=0
split_feature=
split_gain=
threshold=
decision_type=
left_child=
right_child=
leaf_value=0
leaf_weight=
leaf_count=16
internal_value=
internal_weight=
internal_count=
is_linear=0
shrinkage=1


Tree=438
num_leaves=6
num_cat=0
split_feature=0 24 24 2 3
split_gain=0.0125877 0.0108359 5.93887e-08 1.23814e-11 8.26627e-13
threshold=4.5000000000000009 1.0000000180025095e-35 1.0000000180025095e-35 6.5000000000000009 6.5000000000000009
decision_type=2 2 2 2 2
left_child=2 3 4 -2 -1
right_child=1 -3 -4 -5 -6
leaf_value=-0.071137766111963388 -0.071164111908846805 0.071601947410849354 -0.071592776953166265 -0.071172676991538675 -0.071134800528044273
leaf_weight=0.001245131206815131 0.0024922949378378681 0.015019967686384916 0.0075178635306656361 0.001906386693008244 0.0011637996503850445
leaf_count=4 3 2 1 2 4
internal_value=0.00180018 0.039262 -0.071482 -0.0711678 -0.0711363
internal_weight=0.0293454 0.0194186 0.00992679 0.00439868 0.00240893
internal_count=16 7 9 5 8
is_linear=0
shrinkage=0.08


Tree=439
num_leaves=5
num_cat=0
split_feature=0 2 2 2
split_gain=0.00996354 1.76679e-09 9.21951e-11 2.27517e-11
threshold=3.5000000000000004 13.250000000000002 6.5000000000000009 5.166666666666667
decision_type=2 2 2 2
left_child=-1 2 3 -2
right_child=1 -3 -4 -5
leaf_value=0.04132780950123089 -0.07116331740413108 -0.071236810581461113 -0.071130955240411992 -0.07114859781452576
leaf_weight=0.023815651424229145 0.0011671149404719463 0.0019815529230982065 0.0016569435538258404 0.0015843689470784739
leaf_count=3 2 1 6 4
internal_value=0.0175281 -0.0711741 -0.0711459 -0.0711548
internal_weight=0.0302056 0.00638998 0.00440843 0.00275148
internal_count=16 13 12 6
is_linear=0
shrinkage=0.08


Tree=440
num_leaves=4
num_cat=0
split_feature=16 2 3
split_gain=0.00745396 1.61388e-09 8.33136e-12
threshold=1.0000000180025095e-35 13.250000000000002 6.5000000000000009
decision_type=2 2 2
left_child=1 2 -1
right_child=-2 -3 -4
leaf_value=-0.071137899685055767 0.071238625068054229 -0.07121727407096072 -0.071129690321804634
leaf_weight=0.001272939975024201 0.0039102989248931408 0.0025406255736015737 0.0020905312121612951
leaf_count=4 2 2 8
internal_value=-0.0144304 -0.0711691 -0.0711328
internal_weight=0.0098144 0.0059041 0.00336347
internal_count=16 14 12
is_linear=0
shrinkage=0.08


Tree=441
num_leaves=3
num_cat=0
split_feature=24 4
split_gain=0.0108684 7.1489e-08
threshold=1.0000000180025095e-35 1.0000000180025095e-35
decision_type=2 2
left_child=1 -1
right_child=-2 -3
leaf_value=-0.071736626712567392 0.022203204579312939 -0.071120099337136353
leaf_weight=0.0097240786999464035 0.027356026228517294 0.0013737373374169701
leaf_count=1 3 12
internal_value=-0.0048859 -0.0716603
internal_weight=0.0384538 0.0110978
internal_count=16 13
is_linear=0
shrinkage=0.08


Tree=442
num_leaves=7
num_cat=0
split_feature=26 1 0 4 24 2
split_gain=0.010938 0.000850382 0.00381138 5.94298e-09 4.29288e-11 1.84032e-15
threshold=1.0000000180025095e-35 2.5000000000000004 4.5000000000000009 1.0000000180025095e-35 1.0000000180025095e-35 6.5000000000000009
decision_type=2 2 2 2 2 2
left_child=3 -2 -3 -1 5 -5
right_child=1 2 -4 4 -6 -7
leaf_value=-0.071283454823535763 0.071429719251269203 -0.071177772446156681 0.071240520684540412 -0.07113363719418353 -0.071152250467270944 -0.071133785451847592
leaf_weight=0.0041013672598637632 0.0064348380547016859 0.0017072585760615766 0.0040687053697183728 0.0010682418942451477 0.0012747843866236508 0.0010753705573733896
leaf_count=2 2 2 2 3 2 3
internal_value=0.00468461 0.0514279 0.0291445 -0.0712185 -0.0711406 -0.0711337
internal_weight=0.0197306 0.0122108 0.00577596 0.00751976 0.0034184 0.00214361
internal_count=16 6 4 10 8 6
is_linear=0
shrinkage=0.08


Tree=443
num_leaves=1
num_cat=0
split_feature=
split_gain=
threshold=
decision_type=
left_child=
right_child=
leaf_value=0
leaf_weight=
leaf_count=16
internal_value=
internal_weight=
internal_count=
is_linear=0
shrinkage=1


Tree=444
num_leaves=5
num_cat=0
split_feature=28 2 21 24
split_gain=0.00837274 3.32629e-09 2.63082e-11 2.10802e-11
threshold=1.0000000180025095e-35 13.250000000000002 1.0000000180025095e-35 1.0000000180025095e-35
decision_type=2 2 2 2
left_child=1 2 3 -1
right_child=-2 -3 -4 -5
leaf_value=-0.071129002506891401 0.071201855437697859 -0.071248265237519828 -0.071148558918694371 -0.071143654032210901
leaf_weight=0.0016670362529112026 0.0041771131800487638 0.0032635146053507924 0.0012565577198984101 0.0010087945265695453
leaf_count=6 3 2 3 2
internal_value=-0.018891 -0.0711886 -0.071139 -0.0711345
internal_weight=0.011373 0.0071959 0.00393239 0.00267583
internal_count=16 13 11 8
is_linear=0
shrinkage=0.08


Tree=445
num_leaves=4
num_cat=0
split_feature=29 2 3
split_gain=0.0071273 1.21839e-09 1.68291e-12
threshold=1.0000000180025095e-35 13.250000000000002 6.5000000000000009
decision_type=2 2 2
left_child=1 2 -1
right_child=-2 -3 -4
leaf_value=-0.071132064355713953 0.071236531167816988 -0.071207922062182058 -0.071128231632323916
leaf_weight=0.0015183133509708568 0.0039407885633409023 0.0023050111485645175 0.0014179374556988478
leaf_count=6 2 2 6
internal_value=-0.0100482 -0.0711644 -0.0711302
internal_weight=0.00918205 0.00524126 0.00293625
internal_count=16 14 12
is_linear=0
shrinkage=0.08


Tree=446
num_leaves=1
num_cat=0
split_feature=
split_gain=
threshold=
decision_type=
left_child=
right_child=
leaf_value=0
leaf_weight=
leaf_count=16
internal_value=
internal_weight=
internal_count=
is_linear=0
shrinkage=1


Tree=447
num_leaves=6
num_cat=0
split_feature=0 24 24 2 3
split_gain=0.0117273 0.00952957 4.37509e-08 8.07399e-12 5.85664e-13
threshold=4.5000000000000009 1.0000000180025095e-35 1.0000000180025095e-35 6.5000000000000009 6.5000000000000009
decision_type=2 2 2 2 2
left_child=2 3 4 -2 -1
right_child=1 -3 -4 -5 -6
leaf_value=-0.071134942234856946 -0.071157082937882352 0.071564771458446044 -0.07154941795562382 -0.071164508595961393 -0.071132282366284105
leaf_weight=0.0010968045680783689 0.0021622626227326682 0.013896484393626451 0.0068494994193315506 0.0016539506032131612 0.0010248193284496665
leaf_count=4 3 2 1 2 4
internal_value=0.00307075 0.0408146 -0.0714511 -0.0711603 -0.0711337
internal_weight=0.0266838 0.0177127 0.00897112 0.00381621 0.00212162
internal_count=16 7 9 5 8
is_linear=0
shrinkage=0.08


Tree=448
num_leaves=5
num_cat=0
split_feature=2 0 2 26
split_gain=0.00916617 0.0115637 1.3847e-09 4.13182e-11
threshold=5.166666666666667 3.5000000000000004 13.250000000000002 1.0000000180025095e-35
decision_type=2 2 2 2
left_child=-1 -2 3 -3
right_child=1 2 -4 -5
leaf_value=-0.071379541053061615 0.071798968605306879 -0.071127877173123244 -0.071225588240205071 -0.071147666475699395
leaf_weight=0.0059409442328615105 0.016776624601334333 0.0016851976251928127 0.0018052194500342011 0.0011267009685980156
leaf_count=3 2 7 1 3
internal_value=0.0165313 0.0409437 -0.0711709 -0.0711358
internal_weight=0.0273347 0.0213937 0.00461712 0.0028119
internal_count=16 13 11 10
is_linear=0
shrinkage=0.08


Tree=449
num_leaves=4
num_cat=0
split_feature=16 2 3
split_gain=0.00652391 1.21841e-09 6.61342e-12
threshold=1.0000000180025095e-35 13.250000000000002 6.5000000000000009
decision_type=2 2 2
left_child=1 2 -1
right_child=-2 -3 -4
leaf_value=-0.071135044612179787 0.071221707688831334 -0.071207927690992753 -0.071127228117376484
leaf_weight=0.0011209679214516655 0.0033929578494280577 0.0023056066129356623 0.0018135046266252175
leaf_count=4 2 2 8
internal_value=-0.0152038 -0.0711644 -0.0711302
internal_weight=0.00863304 0.00524008 0.00293447
internal_count=16 14 12
is_linear=0
shrinkage=0.08


Tree=450
num_leaves=3
num_cat=0
split_feature=2 24
split_gain=0.0101064 1.35863e-08
threshold=13.250000000000002 1.0000000180025095e-35
decision_type=2 2
left_child=1 -1
right_child=-2 -3
leaf_value=-0.071118906111812111 0.023037582783383033 -0.071406211614625237
leaf_weight=0.001191657684103121 0.024725080467760563 0.009079459123313427
leaf_count=12 2 2
internal_value=-0.00467117 -0.0713729
internal_weight=0.0349962 0.0102711
internal_count=16 14
is_linear=0
shrinkage=0.08


Tree=451
num_leaves=6
num_cat=0
split_feature=26 1 0 2 24
split_gain=0.00961524 0.000736391 0.00330501 4.49375e-09 2.80164e-11
threshold=1.0000000180025095e-35 2.5000000000000004 4.5000000000000009 13.250000000000002 1.0000000180025095e-35
decision_type=2 2 2 2 2
left_child=3 -2 -3 4 -1
right_child=1 2 -4 -5 -6
leaf_value=-0.071130716067814112 0.071387354277951134 -0.071168914216232268 0.071223347819345667 -0.071268871364575812 -0.071146795921604597
leaf_weight=0.0018596406443975857 0.0055854327511042356 0.0014808030100539327 0.0035304371267557144 0.003702477493789047 0.0011058472155127674
leaf_count=6 2 2 2 2 2
internal_value=0.00405252 0.0514116 0.029147 -0.0712101 -0.0711367
internal_weight=0.0172646 0.0105967 0.00501124 0.00666797 0.00296549
internal_count=16 6 4 10 8
is_linear=0
shrinkage=0.08


Tree=452
num_leaves=1
num_cat=0
split_feature=
split_gain=
threshold=
decision_type=
left_child=
right_child=
leaf_value=0
leaf_weight=
leaf_count=16
internal_value=
internal_weight=
internal_count=
is_linear=0
shrinkage=1


Tree=453
num_leaves=4
num_cat=0
split_feature=28 2 21
split_gain=0.00731068 2.53794e-09 1.71384e-11
threshold=1.0000000180025095e-35 13.250000000000002 1.0000000180025095e-35
decision_type=2 2 2
left_child=1 2 -1
right_child=-2 -3 -4
leaf_value=-0.071131422996202259 0.071189815210966817 -0.071236673249919572 -0.071143583839115745
leaf_weight=0.0023212445230456069 0.0036241589114069939 0.0029461875092238188 0.0010899530898313969
leaf_count=8 3 2 3
internal_value=-0.019489 -0.0711823 -0.0711353
internal_weight=0.00998154 0.00635739 0.0034112
internal_count=16 13 11
is_linear=0
shrinkage=0.08


Tree=454
num_leaves=4
num_cat=0
split_feature=29 2 3
split_gain=0.0062288 9.29262e-10 1.09418e-12
threshold=1.0000000180025095e-35 13.250000000000002 6.5000000000000009
decision_type=2 2 2
left_child=1 2 -1
right_child=-2 -3 -4
leaf_value=-0.071129282562632151 0.071219887093677742 -0.071199742597926358 -0.071125964402375202
leaf_weight=0.0013170615711715072 0.0034194086911156774 0.0020808960834983736 0.0012300017187953927
leaf_count=6 2 2 6
internal_value=-0.0106614 -0.0711601 -0.0711277
internal_weight=0.00804737 0.00462796 0.00254706
internal_count=16 14 12
is_linear=0
shrinkage=0.08


Tree=455
num_leaves=1
num_cat=0
split_feature=
split_gain=
threshold=
decision_type=
left_child=
right_child=
leaf_value=0
leaf_weight=
leaf_count=16
internal_value=
internal_weight=
internal_count=
is_linear=0
shrinkage=1


Tree=456
num_leaves=4
num_cat=0
split_feature=0 2 24
split_gain=0.0109042 0.00018843 3.20616e-08
threshold=4.5000000000000009 7.5000000000000009 1.0000000180025095e-35
decision_type=2 2 2
left_child=2 -2 -1
right_child=1 -3 -4
leaf_value=-0.071130670855453978 0.035391243994918289 0.053071943507108553 -0.071510555007912896
leaf_weight=0.0018407206443953328 0.0098279642988927662 0.0063504253630526355 0.0062489006668329239
leaf_count=8 5 2 1
internal_value=0.00441154 0.0423314 -0.0714241
internal_weight=0.024268 0.0161784 0.00808962
internal_count=16 7 9
is_linear=0
shrinkage=0.08


Tree=457
num_leaves=5
num_cat=0
split_feature=27 13 0 2
split_gain=0.00801788 0.00611894 1.43677e-08 1.14818e-09
threshold=1.0000000180025095e-35 1.0000000180025095e-35 3.5000000000000004 13.250000000000002
decision_type=2 2 2 2
left_child=1 2 -1 -4
right_child=-2 -3 3 -5
leaf_value=-0.071383588072918822 0.063081366541105605 0.048696094534657099 -0.071124629871639158 -0.071215510692591077
leaf_weight=0.0042778607457876205 0.011796060367487371 0.004160347336437554 0.001935247280925978 0.0016468001995235682
leaf_count=1 2 2 10 1
internal_value=0.0162247 -0.0297579 -0.0712846 -0.0711664
internal_weight=0.0238163 0.0120203 0.00785991 0.00358205
internal_count=16 14 12 11
is_linear=0
shrinkage=0.08


Tree=458
num_leaves=4
num_cat=0
split_feature=16 2 26
split_gain=0.00569768 9.29311e-10 2.19012e-12
threshold=1.0000000180025095e-35 13.250000000000002 1.0000000180025095e-35
decision_type=2 2 2
left_child=1 2 -1
right_child=-2 -3 -4
leaf_value=-0.071125660815507488 0.071207020141984878 -0.071199750124208733 -0.071130406686200576
leaf_weight=0.0014619287685491145 0.0029437423218041658 0.0020814227755181491 0.0010835978901013732
leaf_count=7 2 2 5
internal_value=-0.0158029 -0.0711601 -0.0711277
internal_weight=0.00757069 0.00462695 0.00254553
internal_count=16 14 12
is_linear=0
shrinkage=0.08


Tree=459
num_leaves=2
num_cat=0
split_feature=24
split_gain=0.0088484
threshold=1.0000000180025095e-35
decision_type=2
left_child=-1
right_child=-2
leaf_value=-0.071573774616036062 0.021421439197387412
leaf_weight=0.0091611376628861763 0.022958705900236964
leaf_count=13 3
internal_value=-0.00510241
internal_weight=0.0321198
internal_count=16
is_linear=0
shrinkage=0.08


Tree=460
num_leaves=5
num_cat=0
split_feature=26 1 3 2
split_gain=0.00857729 0.000613735 0.000729038 3.37667e-09
threshold=1.0000000180025095e-35 2.5000000000000004 6.5000000000000009 13.250000000000002
decision_type=2 2 2 2
left_child=3 -2 -3 -1
right_child=1 2 -4 -5
leaf_value=-0.071133783512598386 0.071350629884649464 0.005399893765160613 0.071221425888293929 -0.071255307880117441
leaf_weight=0.0026004712271969774 0.0048475806834176183 0.0028264743159525096 0.0017398775089532137 0.0033463992294855416
leaf_count=8 2 3 1 2
internal_value=0.00401197 0.0515255 0.0304793 -0.0712022
internal_weight=0.0153608 0.00941393 0.00456635 0.00594687
internal_count=16 6 4 10
is_linear=0
shrinkage=0.08


Tree=461
num_leaves=1
num_cat=0
split_feature=
split_gain=
threshold=
decision_type=
left_child=
right_child=
leaf_value=0
leaf_weight=
leaf_count=16
internal_value=
internal_weight=
internal_count=
is_linear=0
shrinkage=1


Tree=462
num_leaves=4
num_cat=0
split_feature=28 2 3
split_gain=0.0064758 1.91733e-09 3.38147e-12
threshold=1.0000000180025095e-35 13.250000000000002 6.5000000000000009
decision_type=2 2 2
left_child=1 2 -1
right_child=-2 -3 -4
leaf_value=-0.071135377745946221 0.071181201517450582 -0.071225886282713702 -0.071129997673784265
leaf_weight=0.0014402577071450651 0.0032027176930569112 0.0026628947234712541 0.0015548016817774624
leaf_count=5 3 2 6
internal_value=-0.0197209 -0.0711765 -0.0711326
internal_weight=0.00886067 0.00565795 0.00299506
internal_count=16 13 11
is_linear=0
shrinkage=0.08


Tree=463
num_leaves=4
num_cat=0
split_feature=29 2 3
split_gain=0.00562057 7.02059e-10 7.15341e-13
threshold=1.0000000180025095e-35 13.250000000000002 6.5000000000000009
decision_type=2 2 2
left_child=1 2 -1
right_child=-2 -3 -4
leaf_value=-0.071127196308419821 0.071210450303844514 -0.071192137929716015 -0.071124332323930159
leaf_weight=0.0011522615241119638 0.0031203924445435405 0.0018808117602020502 0.001082520124327857
leaf_count=6 2 2 6
internal_value=-0.00976303 -0.0711561 -0.0711258
internal_weight=0.00723599 0.00411559 0.00223478
internal_count=16 14 12
is_linear=0
shrinkage=0.08


Tree=464
num_leaves=1
num_cat=0
split_feature=
split_gain=
threshold=
decision_type=
left_child=
right_child=
leaf_value=0
leaf_weight=
leaf_count=16
internal_value=
internal_weight=
internal_count=
is_linear=0
shrinkage=1


Tree=465
num_leaves=5
num_cat=0
split_feature=0 24 24 2
split_gain=0.00952274 0.00797448 2.35372e-08 5.66543e-12
threshold=4.5000000000000009 1.0000000180025095e-35 1.0000000180025095e-35 6.5000000000000009
decision_type=2 2 2 2
left_child=2 3 -1 -2
right_child=1 -3 -4 -5
leaf_value=-0.071128364876376027 -0.071149590770913429 0.071486403439048232 -0.07147481580887248 -0.071156369706398034
leaf_weight=0.0016097268962766966 0.0018101411405950793 0.011492430698126554 0.005695524625480175 0.001398707740008831
leaf_count=8 3 2 1 2
internal_value=0.0032559 0.0403526 -0.0713985 -0.0711525
internal_weight=0.0220065 0.0147013 0.00730525 0.00320885
internal_count=16 7 9 5
is_linear=0
shrinkage=0.08


Tree=466
num_leaves=5
num_cat=0
split_feature=27 13 0 2
split_gain=0.0072529 0.00529347 9.20527e-09 8.60218e-10
threshold=1.0000000180025095e-35 1.0000000180025095e-35 3.5000000000000004 13.250000000000002
decision_type=2 2 2 2
left_child=1 2 -1 -4
right_child=-2 -3 3 -5
leaf_value=-0.071347351380694632 0.062599457987165166 0.04677237981080553 -0.071123062787721444 -0.071206234632669299
leaf_weight=0.0037127321120351553 0.011139157635625452 0.0037526774103753269 0.0016942898510023952 0.0015008546179160476
leaf_count=1 2 2 10 1
internal_value=0.0174571 -0.0297119 -0.0712617 -0.0711621
internal_weight=0.0217997 0.0106606 0.00690788 0.00319514
internal_count=16 14 12 11
is_linear=0
shrinkage=0.08


Tree=467
num_leaves=4
num_cat=0
split_feature=16 2 2
split_gain=0.00509642 7.02073e-10 6.68722e-13
threshold=1.0000000180025095e-35 13.250000000000002 6.5000000000000009
decision_type=2 2 2
left_child=1 2 -1
right_child=-2 -3 -4
leaf_value=-0.071127172129274135 0.071198084875619058 -0.071192145406001967 -0.071124403158176613
leaf_weight=0.0011357827970641665 0.0026436658808961511 0.0018812799244187772 0.0010976640987792052
leaf_count=6 2 2 6
internal_value=-0.0154717 -0.0711561 -0.0711258
internal_weight=0.00675839 0.00411473 0.00223345
internal_count=16 14 12
is_linear=0
shrinkage=0.08


Tree=468
num_leaves=3
num_cat=0
split_feature=2 2
split_gain=0.00839289 4.82866e-10
threshold=13.250000000000002 7.5000000000000009
decision_type=2 2
left_child=1 -1
right_child=-2 -3
leaf_value=-0.071351574539428225 0.022596942526612797 -0.071312835268170741
leaf_weight=0.0052296929679869208 0.020685745403170586 0.0033966915834753308
leaf_count=11 2 3
internal_value=-0.00504706 -0.0713363
internal_weight=0.0293121 0.00862638
internal_count=16 14
is_linear=0
shrinkage=0.08


Tree=469
num_leaves=5
num_cat=0
split_feature=26 1 0 2
split_gain=0.00748948 0.000582018 0.00278488 2.55053e-09
threshold=1.0000000180025095e-35 2.5000000000000004 4.5000000000000009 13.250000000000002
decision_type=2 2 2 2
left_child=3 -2 -3 -1
right_child=1 2 -4 -5
leaf_value=-0.071130776848884011 0.071318803182172597 -0.071160435315579237 0.071206105856544522 -0.071243133294573685
leaf_weight=0.0022558605851372713 0.0042068571783602238 0.0012461367296054959 0.002987760934047401 0.0030295856995508075
leaf_count=8 2 2 2 2
internal_value=0.00348246 0.0502442 0.0293042 -0.0711952
internal_weight=0.0137262 0.00844075 0.0042339 0.00528545
internal_count=16 6 4 10
is_linear=0
shrinkage=0.08


Tree=470
num_leaves=1
num_cat=0
split_feature=
split_gain=
threshold=
decision_type=
left_child=
right_child=
leaf_value=0
leaf_weight=
leaf_count=16
internal_value=
internal_weight=
internal_count=
is_linear=0
shrinkage=1


Tree=471
num_leaves=4
num_cat=0
split_feature=28 2 3
split_gain=0.00566903 1.45809e-09 2.80599e-12
threshold=1.0000000180025095e-35 13.250000000000002 6.5000000000000009
decision_type=2 2 2
left_child=1 2 -1
right_child=-2 -3 -4
leaf_value=-0.071132725619324363 0.071171905163565308 -0.071216204398601102 -0.071127493289027705
leaf_weight=0.0012770638713845983 0.0027785132406279445 0.0024108384968712926 0.0013487245741998777
leaf_count=5 3 2 6
internal_value=-0.0205641 -0.0711713 -0.07113
internal_weight=0.00781514 0.00503663 0.00262579
internal_count=16 13 11
is_linear=0
shrinkage=0.08


Tree=472
num_leaves=3
num_cat=0
split_feature=29 2
split_gain=0.00492759 5.33722e-10
threshold=1.0000000180025095e-35 13.250000000000002
decision_type=2 2
left_child=1 -1
right_child=-2 -3
leaf_value=-0.071124062894533283 0.071197267824460064 -0.071185305038184613
leaf_weight=0.0019579499348765239 0.0027073089731857181 0.0017027910216711462
leaf_count=12 2 2
internal_value=-0.010634 -0.0711525
internal_weight=0.00636805 0.00366074
internal_count=16 14
is_linear=0
shrinkage=0.08


Tree=473
num_leaves=1
num_cat=0
split_feature=
split_gain=
threshold=
decision_type=
left_child=
right_child=
leaf_value=0
leaf_weight=
leaf_count=16
internal_value=
internal_weight=
internal_count=
is_linear=0
shrinkage=1


Tree=474
num_leaves=4
num_cat=0
split_feature=0 2 24
split_gain=0.00883941 0.00015581 1.73438e-08
threshold=4.5000000000000009 7.5000000000000009 1.0000000180025095e-35
decision_type=2 2 2
left_child=2 -2 -1
right_child=1 -3 -4
leaf_value=-0.071126355904286107 0.034731070946746087 0.052382248078650939 -0.07144280054372272
leaf_weight=0.001408885895216371 0.0082469532208051533 0.0052304562996141621 0.0051987506449222565
leaf_count=8 5 2 1
internal_value=0.00442052 0.0415813 -0.0713753
internal_weight=0.020085 0.0134774 0.00660764
internal_count=16 7 9
is_linear=0
shrinkage=0.08


Tree=475
num_leaves=4
num_cat=0
split_feature=0 2 3
split_gain=0.00648793 5.37807e-10 1.06027e-11
threshold=3.5000000000000004 13.250000000000002 6.5000000000000009
decision_type=2 2 2
left_child=-1 2 -2
right_child=1 -3 -4
leaf_value=0.041286537364489895 -0.071142891766409505 -0.07119790886762925 -0.071132853544586358
leaf_weight=0.015189846279099584 0.0011114234876004039 0.0013698616530746222 0.0017087387677747756
leaf_count=3 4 1 8
internal_value=0.0169757 -0.0711568 -0.0711368
internal_weight=0.0193799 0.00419002 0.00282016
internal_count=16 13 12
is_linear=0
shrinkage=0.08


Tree=476
num_leaves=3
num_cat=0
split_feature=16 2
split_gain=0.00459483 5.33695e-10
threshold=1.0000000180025095e-35 13.250000000000002
decision_type=2 2
left_child=1 -1
right_child=-2 -3
leaf_value=-0.071124063493560694 0.071190791643095372 -0.071185307992229177
leaf_weight=0.001956865715328604 0.0024050564388744533 0.001703207875834778
leaf_count=12 2 2
internal_value=-0.014708 -0.0711526
internal_weight=0.00606513 0.00366007
internal_count=16 14
is_linear=0
shrinkage=0.08


Tree=477
num_leaves=2
num_cat=0
split_feature=24
split_gain=0.00736272
threshold=1.0000000180025095e-35
decision_type=2
left_child=-1
right_child=-2
leaf_value=-0.071513270445376392 0.020675054420289194
leaf_weight=0.0077838360557507249 0.019273029174655676
leaf_count=13 3
internal_value=-0.00584608
internal_weight=0.0270569
internal_count=16
is_linear=0
shrinkage=0.08


Tree=478
num_leaves=5
num_cat=0
split_feature=26 13 0 2
split_gain=0.00686935 0.000528252 7.36353e-05 1.91057e-09
threshold=1.0000000180025095e-35 1.0000000180025095e-35 3.5000000000000004 13.250000000000002
decision_type=2 2 2 2
left_child=3 2 -2 -1
right_child=1 -3 -4 -5
leaf_value=-0.071128551321900838 0.071334552189599512 0.018380377837735658 0.052169171025101421 -0.071231618102434113
leaf_weight=0.0019790587975876406 0.0035128016024827957 0.0022525531821884215 0.0020212548843119293 0.0027513382374309003
leaf_count=8 1 2 3 2
internal_value=0.00484814 0.0510407 0.0643346 -0.0711885
internal_weight=0.012517 0.00778661 0.00553406 0.0047304
internal_count=16 6 4 10
is_linear=0
shrinkage=0.08


Tree=479
num_leaves=1
num_cat=0
split_feature=
split_gain=
threshold=
decision_type=
left_child=
right_child=
leaf_value=0
leaf_weight=
leaf_count=16
internal_value=
internal_weight=
internal_count=
is_linear=0
shrinkage=1


Tree=480
num_leaves=4
num_cat=0
split_feature=28 2 3
split_gain=0.00503303 1.09765e-09 1.98746e-12
threshold=1.0000000180025095e-35 13.250000000000002 6.5000000000000009
decision_type=2 2 2
left_child=1 2 -1
right_child=-2 -3 -4
leaf_value=-0.071130401709747493 0.07116541358897753 -0.071207044998691293 -0.071125706437890693
leaf_weight=0.00112225889461115 0.0024590786779299378 0.0021894313686061651 0.0011874885676661506
leaf_count=5 3 2 6
internal_value=-0.0208658 -0.0711665 -0.071128
internal_weight=0.00695826 0.00449918 0.00230975
internal_count=16 13 11
is_linear=0
shrinkage=0.08


Tree=481
num_leaves=3
num_cat=0
split_feature=29 2
split_gain=0.00446124 4.01827e-10
threshold=1.0000000180025095e-35 13.250000000000002
decision_type=2 2
left_child=1 -1
right_child=-2 -3
leaf_value=-0.071122656471051399 0.071190050095069929 -0.071178846949609145
leaf_weight=0.0017209391226060688 0.0024780530948191881 0.0015464065363630652
leaf_count=12 2 2
internal_value=-0.00975676 -0.0711493
internal_weight=0.0057454 0.00326735
internal_count=16 14
is_linear=0
shrinkage=0.08


Tree=482
num_leaves=1
num_cat=0
split_feature=
split_gain=
threshold=
decision_type=
left_child=
right_child=
leaf_value=0
leaf_weight=
leaf_count=16
internal_value=
internal_weight=
internal_count=
is_linear=0
shrinkage=1


Tree=483
num_leaves=5
num_cat=0
split_feature=0 24 24 2
split_gain=0.00773205 0.00674746 1.27891e-08 2.7455e-12
threshold=4.5000000000000009 1.0000000180025095e-35 1.0000000180025095e-35 6.5000000000000009
decision_type=2 2 2 2
left_child=2 3 -1 -2
right_child=1 -3 -4 -5
leaf_value=-0.071124746204260542 -0.071144335231911604 0.071422268119849502 -0.071413225325650281 -0.07114945192272791
leaf_weight=0.0012411051138769827 0.0015527670620940634 0.0095206769183278084 0.0047392905689775944 0.0011820968938991427
leaf_count=8 3 2 1 2
internal_value=0.00321842 0.0396076 -0.0713534 -0.0711465
internal_weight=0.0182359 0.0122555 0.0059804 0.00273486
internal_count=16 7 9 5
is_linear=0
shrinkage=0.08


Tree=484
num_leaves=4
num_cat=0
split_feature=2 0 2
split_gain=0.00605367 0.00752964 4.33045e-10
threshold=5.166666666666667 3.5000000000000004 13.250000000000002
decision_type=2 2 2
left_child=-1 -2 -3
right_child=1 2 -4
leaf_value=-0.071279193143729491 0.071585582570470152 -0.071128484965776548 -0.071190223010251186
leaf_weight=0.0038454077221103935 0.011325790546834469 0.0017407536579412417 0.0012487184721976519
leaf_count=3 2 10 1
internal_value=0.0178381 0.0417771 -0.0711543
internal_weight=0.0181607 0.0143153 0.00298947
internal_count=16 13 11
is_linear=0
shrinkage=0.08


Tree=485
num_leaves=3
num_cat=0
split_feature=16 2
split_gain=0.00403031 4.01849e-10
threshold=1.0000000180025095e-35 13.250000000000002
decision_type=2 2
left_child=1 -1
right_child=-2 -3
leaf_value=-0.071122655844768595 0.07118022109069036 -0.071178851574538668
leaf_weight=0.0017199904832523316 0.0020865860278718174 0.0015467821503989398
leaf_count=12 2 2
internal_value=-0.0156733 -0.0711493
internal_weight=0.00535336 0.00326677
internal_count=16 14
is_linear=0
shrinkage=0.08


Tree=486
num_leaves=3
num_cat=0
split_feature=2 2
split_gain=0.00692936 4.09128e-10
threshold=13.250000000000002 7.5000000000000009
decision_type=2 2
left_child=1 -1
right_child=-2 -3
leaf_value=-0.071320055494951948 0.021800886405949398 -0.071281139076377772
leaf_weight=0.0044027310905221375 0.017382119782269001 0.0028468476848502178
leaf_count=11 2 3
internal_value=-0.00560189 -0.0713048
internal_weight=0.0246317 0.00724958
internal_count=16 14
is_linear=0
shrinkage=0.08


Tree=487
num_leaves=5
num_cat=0
split_feature=26 1 0 2
split_gain=0.00597011 0.00050819 0.00233273 1.44391e-09
threshold=1.0000000180025095e-35 2.5000000000000004 4.5000000000000009 13.250000000000002
decision_type=2 2 2 2
left_child=3 -2 -3 -1
right_child=1 2 -4 -5
leaf_value=-0.071126236706751444 0.071284806186929839 -0.071152912038855307 0.071188410907915153 -0.071221609359426771
leaf_weight=0.0017167815094580874 0.0034629837318789214 0.0010575982742011547 0.0024296646006405354 0.0024887262843549252
leaf_count=8 2 2 2 2
internal_value=0.00405276 0.0495768 0.0280199 -0.0711827
internal_weight=0.0111558 0.00695025 0.00348726 0.00420551
internal_count=16 6 4 10
is_linear=0
shrinkage=0.08


Tree=488
num_leaves=1
num_cat=0
split_feature=
split_gain=
threshold=
decision_type=
left_child=
right_child=
leaf_value=0
leaf_weight=
leaf_count=16
internal_value=
internal_weight=
internal_count=
is_linear=0
shrinkage=1


Tree=489
num_leaves=3
num_cat=0
split_feature=28 2
split_gain=0.00440173 8.39063e-10
threshold=1.0000000180025095e-35 13.250000000000002
decision_type=2 2
left_child=1 -1
right_child=-2 -3
leaf_value=-0.071125763849756871 0.071158212407153157 -0.071199082751463263
leaf_weight=0.002015594880504068 0.0021332939504645765 0.001980504224775359
leaf_count=11 3 2
internal_value=-0.0216285 -0.0711621
internal_weight=0.00612939 0.0039961
internal_count=16 13
is_linear=0
shrinkage=0.08


Tree=490
num_leaves=3
num_cat=0
split_feature=29 2
split_gain=0.00390775 3.07082e-10
threshold=1.0000000180025095e-35 13.250000000000002
decision_type=2 2
left_child=1 -1
right_child=-2 -3
leaf_value=-0.071121133997899322 0.071179575628641384 -0.071173231033922132
leaf_weight=0.0015012321891845204 0.0021499006543308496 0.0013988513092044741
leaf_count=12 2 2
internal_value=-0.0105547 -0.0711463
internal_weight=0.00504998 0.00290008
internal_count=16 14
is_linear=0
shrinkage=0.08


Tree=491
num_leaves=1
num_cat=0
split_feature=
split_gain=
threshold=
decision_type=
left_child=
right_child=
leaf_value=0
leaf_weight=
leaf_count=16
internal_value=
internal_weight=
internal_count=
is_linear=0
shrinkage=1


Tree=492
num_leaves=4
num_cat=0
split_feature=0 2 24
split_gain=0.00718574 0.000128021 9.39053e-09
threshold=4.5000000000000009 7.5000000000000009 1.0000000180025095e-35
decision_type=2 2 2
left_child=2 -2 -1
right_child=1 -3 -4
leaf_value=-0.071122933292232057 0.034169008502525647 0.0517250883229637 -0.07138682104286645
leaf_weight=0.0010779943040688513 0.006925372319528833 0.0043144184164702892 0.0043281801044940948
leaf_count=8 5 2 1
internal_value=0.00445463 0.0409079 -0.0713342
internal_weight=0.016646 0.0112398 0.00540617
internal_count=16 7 9
is_linear=0
shrinkage=0.08


Tree=493
num_leaves=5
num_cat=0
split_feature=27 13 0 2
split_gain=0.00524312 0.00378224 3.36743e-09 3.65211e-10
threshold=1.0000000180025095e-35 1.0000000180025095e-35 3.5000000000000004 13.250000000000002
decision_type=2 2 2 2
left_child=1 2 -1 -4
right_child=-2 -3 3 -5
leaf_value=-0.071283488511230855 0.062273815323779722 0.045469518426665231 -0.071119133361985262 -0.071183338720123487
leaf_weight=0.0027138681616634122 0.0081725206691771746 0.0027637902530841529 0.0011277169905952178 0.0011403409298509359
leaf_count=1 2 2 10 1
internal_value=0.0175756 -0.0295856 -0.0712234 -0.0711514
internal_weight=0.0159182 0.00774572 0.00498193 0.00226806
internal_count=16 14 12 11
is_linear=0
shrinkage=0.08


Tree=494
num_leaves=3
num_cat=0
split_feature=16 2
split_gain=0.00356346 3.07018e-10
threshold=1.0000000180025095e-35 13.250000000000002
decision_type=2 2
left_child=1 -1
right_child=-2 -3
leaf_value=-0.071121137658665207 0.071171587142588061 -0.07117323289370539
leaf_weight=0.0015004163869889453 0.0018408225732855499 0.0013991842279210687
leaf_count=12 2 2
internal_value=-0.0158808 -0.0711463
internal_weight=0.00474042 0.0028996
internal_count=16 14
is_linear=0
shrinkage=0.08


Tree=495
num_leaves=3
num_cat=0
split_feature=2 2
split_gain=0.00602303 3.53401e-10
threshold=13.250000000000002 7.5000000000000009
decision_type=2 2
left_child=1 -1
right_child=-2 -3
leaf_value=-0.071299922817214201 0.020078257979394738 -0.071261566037845989
leaf_weight=0.0039484417902713167 0.016158137936145067 0.0025174984111799859
leaf_count=11 2 3
internal_value=-0.00603327 -0.071285
internal_weight=0.0226241 0.00646594
internal_count=16 14
is_linear=0
shrinkage=0.08


Tree=496
num_leaves=5
num_cat=0
split_feature=26 1 3 2
split_gain=0.00534383 0.000422957 0.000537159 1.08505e-09
threshold=1.0000000180025095e-35 2.5000000000000004 6.5000000000000009 13.250000000000002
decision_type=2 2 2 2
left_child=3 -2 -3 -1
right_child=1 2 -4 -5
leaf_value=-0.071124542595602122 0.071261734600734775 0.0036152012228212521 0.071188289235349381 -0.071212239168653491
leaf_weight=0.0015067602944327518 0.0030048898188397288 0.0019705882004927844 0.0012184100924059749 0.0022532745788339525
leaf_count=8 2 3 1 2
internal_value=0.00405528 0.0497255 0.0294326 -0.0711771
internal_weight=0.00995392 0.00619389 0.003189 0.00376003
internal_count=16 6 4 10
is_linear=0
shrinkage=0.08


Tree=497
num_leaves=1
num_cat=0
split_feature=
split_gain=
threshold=
decision_type=
left_child=
right_child=
leaf_value=0
leaf_weight=
leaf_count=16
internal_value=
internal_weight=
internal_count=
is_linear=0
shrinkage=1


Tree=498
num_leaves=3
num_cat=0
split_feature=28 2
split_gain=0.00391018 6.33881e-10
threshold=1.0000000180025095e-35 13.250000000000002
decision_type=2 2
left_child=1 -1
right_child=-2 -3
leaf_value=-0.071124153272773299 0.071153327199348776 -0.071191621066800811
leaf_weight=0.0017719152747304179 0.0018911169026978314 0.001793168717995286
leaf_count=11 3 2
internal_value=-0.021833 -0.0711581
internal_weight=0.0054562 0.00356508
internal_count=16 13
is_linear=0
shrinkage=0.08


Tree=499
num_leaves=3
num_cat=0
split_feature=29 2
split_gain=0.00354227 2.31963e-10
threshold=1.0000000180025095e-35 13.250000000000002
decision_type=2 2
left_child=1 -1
right_child=-2 -3
leaf_value=-0.07112003161052606 0.071174048810901683 -0.071167967695512854
leaf_weight=0.001318763261224376 0.0019738755654543638 0.0012665402900893241
leaf_count=12 2 2
internal_value=-0.00952778 -0.0711435
internal_weight=0.00455918 0.0025853
internal_count=16 14
is_linear=0
shrinkage=0.08


Tree=500
num_leaves=1
num_cat=0
split_feature=
split_gain=
threshold=
decision_type=
left_child=
right_child=
leaf_value=0
leaf_weight=
leaf_count=16
internal_value=
internal_weight=
internal_count=
is_linear=0
shrinkage=1


Tree=501
num_leaves=3
num_cat=0
split_feature=0 24
split_gain=0.00628532 0.00570478
threshold=4.5000000000000009 1.0000000180025095e-35
decision_type=2 2
left_child=-1 -2
right_child=1 -3
leaf_value=-0.071315956942737568 -0.071141255771366374 0.071369621687921631
leaf_weight=0.0048919186920102229 0.0023273457481991508 0.0078998461831361055
leaf_count=9 5 2
internal_value=0.0032652 0.0389392
internal_weight=0.0151191 0.0102272
internal_count=16 7
is_linear=0
shrinkage=0.08


Tree=502
num_leaves=3
num_cat=0
split_feature=0 2
split_gain=0.00486203 2.26571e-10
threshold=3.5000000000000004 13.250000000000002
decision_type=2 2
left_child=-1 -2
right_child=1 -3
leaf_value=0.042459590079177129 -0.071130961311553581 -0.07117697569879082
leaf_weight=0.011576519580557942 0.0020050569110026126 0.0010401196777820587
leaf_count=3 12 1
internal_value=0.0187995 -0.0711467
internal_weight=0.0146217 0.00304518
internal_count=16 13
is_linear=0
shrinkage=0.08


Tree=503
num_leaves=3
num_cat=0
split_feature=16 2
split_gain=0.00320218 2.31903e-10
threshold=1.0000000180025095e-35 13.250000000000002
decision_type=2 2
left_child=1 -1
right_child=-2 -3
leaf_value=-0.071120031541601181 0.071166440183273436 -0.071167964794801919
leaf_weight=0.0013180556779843755 0.0016629596357233822 0.0012668369745370001
leaf_count=12 2 2
internal_value=-0.0154317 -0.0711435
internal_weight=0.00424785 0.00258489
internal_count=16 14
is_linear=0
shrinkage=0.08


Tree=504
num_leaves=2
num_cat=0
split_feature=24
split_gain=0.00590924
threshold=1.0000000180025095e-35
decision_type=2
left_child=-1
right_child=-2
leaf_value=-0.071444603573610307 0.021657913859994667
leaf_weight=0.0062359778330574036 0.014526766492053866
leaf_count=13 3
internal_value=-0.00630492
internal_weight=0.0207627
internal_count=16
is_linear=0
shrinkage=0.08


Tree=505
num_leaves=5
num_cat=0
split_feature=26 13 0 2
split_gain=0.0047991 0.000438991 6.25725e-05 8.16412e-10
threshold=1.0000000180025095e-35 1.0000000180025095e-35 3.5000000000000004 13.250000000000002
decision_type=2 2 2 2
left_child=3 2 -2 -1
right_child=1 -3 -4 -5
leaf_value=-0.071122761696668035 0.071272410255611374 0.015517657951296648 0.050611163185856053 -0.071203666716829733
leaf_weight=0.0013071723224129528 0.0025403678882867098 0.001735930098220706 0.0014873491309117526 0.0020503060950431973
leaf_count=8 1 2 3 2
internal_value=0.0048583 0.0491481 0.0636427 -0.0711722
internal_weight=0.00912113 0.00576365 0.00402772 0.00335748
internal_count=16 6 4 10
is_linear=0
shrinkage=0.08


Tree=506
num_leaves=1
num_cat=0
split_feature=
split_gain=
threshold=
decision_type=
left_child=
right_child=
leaf_value=0
leaf_weight=
leaf_count=16
internal_value=
internal_weight=
internal_count=
is_linear=0
shrinkage=1


Tree=507
num_leaves=3
num_cat=0
split_feature=28 2
split_gain=0.00342693 4.80762e-10
threshold=1.0000000180025095e-35 13.250000000000002
decision_type=2 2
left_child=1 -1
right_child=-2 -3
leaf_value=-0.071122648868589683 0.071147729714230959 -0.071184805132644982
leaf_weight=0.0015558132363366894 0.0016405232308898121 0.0016316598339471966
leaf_count=11 3 2
internal_value=-0.0228011 -0.0711545
internal_weight=0.004828 0.00318747
internal_count=16 13
is_linear=0
shrinkage=0.08


Tree=508
num_leaves=3
num_cat=0
split_feature=29 2
split_gain=0.00311153 1.75872e-10
threshold=1.0000000180025095e-35 13.250000000000002
decision_type=2 2
left_child=1 -1
right_child=-2 -3
leaf_value=-0.071118998755811555 0.071165701360134559 -0.071163151247677747
leaf_weight=0.0011570925344130956 0.0017124402220360935 0.0011524654109962285
leaf_count=12 2 2
internal_value=-0.0105513 -0.071141
internal_weight=0.004022 0.00230956
internal_count=16 14
is_linear=0
shrinkage=0.08


Tree=509
num_leaves=1
num_cat=0
split_feature=
split_gain=
threshold=
decision_type=
left_child=
right_child=
leaf_value=0
leaf_weight=
leaf_count=16
internal_value=
internal_weight=
internal_count=
is_linear=0
shrinkage=1


Tree=510
num_leaves=3
num_cat=0
split_feature=0 24
split_gain=0.00558403 0.00500571
threshold=4.5000000000000009 1.0000000180025095e-35
decision_type=2 2
left_child=-1 -2
right_child=1 -3
leaf_value=-0.071299372881045528 -0.071137751510720895 0.071335268812118491
leaf_weight=0.0044382668238540654 0.0020501918334048241 0.00685647944919765
leaf_count=9 5 2
internal_value=0.00200954 0.03854
internal_weight=0.0133449 0.00890667
internal_count=16 7
is_linear=0
shrinkage=0.08


Tree=511
num_leaves=4
num_cat=0
split_feature=27 13 0
split_gain=0.00458452 0.00306872 1.93935e-09
threshold=1.0000000180025095e-35 1.0000000180025095e-35 3.5000000000000004
decision_type=2 2 2
left_child=1 2 -1
right_child=-2 -3 -4
leaf_value=-0.071256348896237665 0.062690594319390669 0.044702535088043352 -0.07114559073334184
leaf_weight=0.0022883713245391846 0.0073916904220823199 0.0022712069912813604 0.001813666254747659
leaf_count=1 2 2 11
internal_value=0.0198201 -0.029901 -0.0712074
internal_weight=0.0137649 0.00637324 0.00410204
internal_count=16 14 12
is_linear=0
shrinkage=0.08


Tree=512
num_leaves=3
num_cat=0
split_feature=16 2
split_gain=0.00282784 1.75852e-10
threshold=1.0000000180025095e-35 13.250000000000002
decision_type=2 2
left_child=1 -1
right_child=-2 -3
leaf_value=-0.071119000637463889 0.07115935273798582 -0.071163153536128287
leaf_weight=0.0011565173554117791 0.0014581026043742895 0.0011527328751981258
leaf_count=12 2 2
internal_value=-0.0160656 -0.071141
internal_weight=0.00376735 0.00230925
internal_count=16 14
is_linear=0
shrinkage=0.08


Tree=513
num_leaves=2
num_cat=0
split_feature=24
split_gain=0.00509976
threshold=1.0000000180025095e-35
decision_type=2
left_child=-1
right_child=-2
leaf_value=-0.071402698184747315 0.020250233134632492
leaf_weight=0.0054625493339699452 0.013457429595291615
leaf_count=13 3
internal_value=-0.00621167
internal_weight=0.01892
internal_count=16
is_linear=0
shrinkage=0.08


Tree=514
num_leaves=5
num_cat=0
split_feature=26 1 13 2
split_gain=0.00418155 0.000417024 7.82161e-05 6.12286e-10
threshold=1.0000000180025095e-35 2.5000000000000004 1.0000000180025095e-35 13.250000000000002
decision_type=2 2 2 2
left_child=3 -2 -3 -1
right_child=1 2 -4 -5
leaf_value=-0.07112121727337184 0.071237361265063456 0.042945776285542206 0.015191393076068781 -0.07119582323175376
leaf_weight=0.0011339093107380904 0.0024803251726552844 0.0010612103942548856 0.0016764549654908478 0.001857006864156574
leaf_count=8 2 2 2 2
internal_value=0.00424878 0.0474769 0.0259499 -0.0711675
internal_weight=0.00820891 0.00521799 0.00273767 0.00299092
internal_count=16 6 4 10
is_linear=0
shrinkage=0.08


Tree=515
num_leaves=1
num_cat=0
split_feature=
split_gain=
threshold=
decision_type=
left_child=
right_child=
leaf_value=0
leaf_weight=
leaf_count=16
internal_value=
internal_weight=
internal_count=
is_linear=0
shrinkage=1


Tree=516
num_leaves=3
num_cat=0
split_feature=28 2
split_gain=0.00300078 3.63883e-10
threshold=1.0000000180025095e-35 13.250000000000002
decision_type=2 2
left_child=1 -1
right_child=-2 -3
leaf_value=-0.071121290165651371 0.071142869945123574 -0.071178564004166819
leaf_weight=0.0013663233330589719 0.0014231016684789211 0.0014778579352423549
leaf_count=11 3 2
internal_value=-0.0236973 -0.0711511
internal_weight=0.00426728 0.00284418
internal_count=16 13
is_linear=0
shrinkage=0.08


Tree=517
num_leaves=3
num_cat=0
split_feature=29 2
split_gain=0.00273042 1.33092e-10
threshold=1.0000000180025095e-35 13.250000000000002
decision_type=2 2
left_child=1 -1
right_child=-2 -3
leaf_value=-0.071118068405197521 0.071158459495607909 -0.071158748035380595
leaf_weight=0.0010154698575206567 0.0014855883200652897 0.0010438384342705831
leaf_count=12 2 2
internal_value=-0.0115051 -0.0711387
internal_weight=0.0035449 0.00205931
internal_count=16 14
is_linear=0
shrinkage=0.08


Tree=518
num_leaves=1
num_cat=0
split_feature=
split_gain=
threshold=
decision_type=
left_child=
right_child=
leaf_value=0
leaf_weight=
leaf_count=16
internal_value=
internal_weight=
internal_count=
is_linear=0
shrinkage=1


Tree=519
num_leaves=3
num_cat=0
split_feature=0 24
split_gain=0.0052059 0.00446014
threshold=4.5000000000000009 1.0000000180025095e-35
decision_type=2 2
left_child=-1 -2
right_child=1 -3
leaf_value=-0.071283884467338521 -0.071134528080385548 0.071319516344406697
leaf_weight=0.0040192460146499806 0.0018046765471808612 0.006377343786880374
leaf_count=9 5 2
internal_value=0.00327399 0.039899
internal_weight=0.0122013 0.00818202
internal_count=16 7
is_linear=0
shrinkage=0.08


Tree=520
num_leaves=3
num_cat=0
split_feature=0 2
split_gain=0.00402143 6.18198e-11
threshold=3.5000000000000004 7.5000000000000009
decision_type=2 2
left_child=-1 -2
right_child=1 -3
leaf_value=0.042408242973922032 -0.071130779579013703 -0.071156139843093755
leaf_weight=0.0097584791947156191 0.0014295462315203631 0.0010798825533129275
leaf_count=3 9 4
internal_value=0.0191813 -0.0711417
internal_weight=0.0122679 0.00250943
internal_count=16 13
is_linear=0
shrinkage=0.08


Tree=521
num_leaves=3
num_cat=0
split_feature=16 2
split_gain=0.00257497 1.33072e-10
threshold=1.0000000180025095e-35 13.250000000000002
decision_type=2 2
left_child=1 -1
right_child=-2 -3
leaf_value=-0.071118069405990095 0.071155853401121322 -0.071158748556502713
leaf_weight=0.0010149799018108752 0.001345932309050113 0.0010440768237458542
leaf_count=12 2 2
internal_value=-0.0148922 -0.0711387
internal_weight=0.00340499 0.00205906
internal_count=16 14
is_linear=0
shrinkage=0.08


Tree=522
num_leaves=3
num_cat=0
split_feature=2 2
split_gain=0.00462531 1.92216e-10
threshold=13.250000000000002 7.5000000000000009
decision_type=2 2
left_child=1 -1
right_child=-2 -3
leaf_value=-0.071261739825275727 0.019885267171355428 -0.071229654243374046
leaf_weight=0.0030457933698926345 0.01233661500737071 0.0019664347964862827
leaf_count=11 2 3
internal_value=-0.00644424 -0.0712492
internal_weight=0.0173488 0.00501223
internal_count=16 14
is_linear=0
shrinkage=0.08


Tree=523
num_leaves=3
num_cat=0
split_feature=26 1
split_gain=0.00374736 0.000431333
threshold=1.0000000180025095e-35 2.5000000000000004
decision_type=2 2
left_child=-1 -2
right_child=1 -3
leaf_value=-0.07116332950455323 0.07123345142590401 0.023716415409735483
leaf_weight=0.0026733692066045478 0.0023585191229358315 0.0025386171328136697
leaf_count=10 2 4
internal_value=0.00501506 0.0466012
internal_weight=0.00757051 0.00489714
internal_count=16 6
is_linear=0
shrinkage=0.08


Tree=524
num_leaves=1
num_cat=0
split_feature=
split_gain=
threshold=
decision_type=
left_child=
right_child=
leaf_value=0
leaf_weight=
leaf_count=16
internal_value=
internal_weight=
internal_count=
is_linear=0
shrinkage=1


Tree=525
num_leaves=3
num_cat=0
split_feature=28 2
split_gain=0.00262969 2.7537e-10
threshold=1.0000000180025095e-35 13.250000000000002
decision_type=2 2
left_child=1 -1
right_child=-2 -3
leaf_value=-0.071120114458633352 0.071138657919737613 -0.071172826530770325
leaf_weight=0.0012004996788164135 0.0012344881542958319 0.0013447671808535233
leaf_count=11 3 2
internal_value=-0.0246764 -0.071148
internal_weight=0.00377976 0.00254527
internal_count=16 13
is_linear=0
shrinkage=0.08


Tree=526
num_leaves=2
num_cat=0
split_feature=29
split_gain=0.00239839
threshold=1.0000000180025095e-35
decision_type=2
left_child=-1
right_child=-2
leaf_value=-0.071136571917422078 0.07115217986499614
leaf_weight=0.0018414403821225278 0.0012887680204585195
leaf_count=14 2
internal_value=-0.0125535
internal_weight=0.00313021
internal_count=16
is_linear=0
shrinkage=0.08


Tree=527
num_leaves=1
num_cat=0
split_feature=
split_gain=
threshold=
decision_type=
left_child=
right_child=
leaf_value=0
leaf_weight=
leaf_count=16
internal_value=
internal_weight=
internal_count=
is_linear=0
shrinkage=1


Tree=528
num_leaves=3
num_cat=0
split_feature=0 2
split_gain=0.00485355 8.85297e-05
threshold=4.5000000000000009 7.5000000000000009
decision_type=2 2
left_child=-1 -2
right_child=1 -3
leaf_value=-0.071269787053327635 0.034394670553142409 0.052278424107574085
leaf_weight=0.0036473845211730804 0.0046738066885154694 0.0028528938710223883
leaf_count=9 5 2
internal_value=0.00447021 0.0411733
internal_weight=0.0111741 0.0075267
internal_count=16 7
is_linear=0
shrinkage=0.08


Tree=529
num_leaves=3
num_cat=0
split_feature=2 0
split_gain=0.00376419 0.0045356
threshold=5.166666666666667 3.5000000000000004
decision_type=2 2
left_child=-1 -2
right_child=1 -3
leaf_value=-0.071214760408198532 0.07140198958484513 -0.071140460377927275
leaf_weight=0.0023746241022308831 0.0069970728363841772 0.0017951898189494386
leaf_count=3 2 11
internal_value=0.0181596 0.0422979
internal_weight=0.0111669 0.00879226
internal_count=16 13
is_linear=0
shrinkage=0.08


Tree=530
num_leaves=2
num_cat=0
split_feature=16
split_gain=0.00228615
threshold=1.0000000180025095e-35
decision_type=2
left_child=-1
right_child=-2
leaf_value=-0.071136579733130867 0.0711502860945325
leaf_weight=0.0018412384233670309 0.0011896275682374835
leaf_count=14 2
internal_value=-0.0152884
internal_weight=0.00303087
internal_count=16
is_linear=0
shrinkage=0.08


Tree=531
num_leaves=2
num_cat=0
split_feature=24
split_gain=0.00423198
threshold=1.0000000180025095e-35
decision_type=2
left_child=-1
right_child=-2
leaf_value=-0.071360284442233399 0.019649932526026689
leaf_weight=0.0046000857673789133 0.011308892164379358
leaf_count=13 3
internal_value=-0.0066657
internal_weight=0.015909
internal_count=16
is_linear=0
shrinkage=0.08


Tree=532
num_leaves=3
num_cat=0
split_feature=26 1
split_gain=0.00330964 0.000392521
threshold=1.0000000180025095e-35 2.5000000000000004
decision_type=2 2
left_child=-1 -2
right_child=1 -3
leaf_value=-0.07115940036051438 0.071217217168749319 0.023594052459113436
leaf_weight=0.0023941853651194833 0.0020463350520003587 0.002414719041553326
leaf_count=10 2 4
internal_value=0.00471734 0.0454393
internal_weight=0.00685524 0.00446105
internal_count=16 6
is_linear=0
shrinkage=0.08


Tree=533
num_leaves=1
num_cat=0
split_feature=
split_gain=
threshold=
decision_type=
left_child=
right_child=
leaf_value=0
leaf_weight=
leaf_count=16
internal_value=
internal_weight=
internal_count=
is_linear=0
shrinkage=1


Tree=534
num_leaves=3
num_cat=0
split_feature=28 2
split_gain=0.00234048 2.10037e-10
threshold=1.0000000180025095e-35 13.250000000000002
decision_type=2 2
left_child=1 -1
right_child=-2 -3
leaf_value=-0.071119026012428699 0.071135897167860493 -0.071167754069207667
leaf_weight=0.001057544275681721 0.0010963808454107493 0.0012183463986730203
leaf_count=11 3 2
internal_value=-0.0248872 -0.0711451
internal_weight=0.00337227 0.00227589
internal_count=16 13
is_linear=0
shrinkage=0.08


Tree=535
num_leaves=2
num_cat=0
split_feature=29
split_gain=0.00218165
threshold=1.0000000180025095e-35
decision_type=2
left_child=-1
right_child=-2
leaf_value=-0.071134616064110007 0.07114900855073604
leaf_weight=0.0016453076423204038 0.001187461894005537
leaf_count=14 2
internal_value=-0.0114911
internal_weight=0.00283277
internal_count=16
is_linear=0
shrinkage=0.08


Tree=536
num_leaves=1
num_cat=0
split_feature=
split_gain=
threshold=
decision_type=
left_child=
right_child=
leaf_value=0
leaf_weight=
leaf_count=16
internal_value=
internal_weight=
internal_count=
is_linear=0
shrinkage=1


Tree=537
num_leaves=3
num_cat=0
split_feature=0 24
split_gain=0.00421519 0.00384486
threshold=4.5000000000000009 1.0000000180025095e-35
decision_type=2 2
left_child=-1 -2
right_child=1 -3
leaf_value=-0.071257202837873318 -0.071131595619608509 0.071284749152630431
leaf_weight=0.0033026569180947263 0.0015730984741821885 0.0053032576106488705
leaf_count=9 5 2
internal_value=0.00302645 0.0387043
internal_weight=0.010179 0.00687636
internal_count=16 7
is_linear=0
shrinkage=0.08


Tree=538
num_leaves=3
num_cat=0
split_feature=2 0
split_gain=0.00334465 0.00411402
threshold=5.166666666666667 3.5000000000000004
decision_type=2 2
left_child=-1 -2
right_child=1 -3
leaf_value=-0.07120100314442257 0.071383818617632488 -0.071138132055821798
leaf_weight=0.0020602312579285362 0.0064948200015351176 0.0016194366617128253
leaf_count=3 2 11
internal_value=0.0198271 0.0429394
internal_weight=0.0101745 0.00811426
internal_count=16 13
is_linear=0
shrinkage=0.08


Tree=539
num_leaves=2
num_cat=0
split_feature=16
split_gain=0.00202683
threshold=1.0000000180025095e-35
decision_type=2
left_child=-1
right_child=-2
leaf_value=-0.0711346242593561 0.071145414769405155
leaf_weight=0.0016451474657515064 0.0010495944879949093
leaf_count=14 2
internal_value=-0.0157169
internal_weight=0.00269474
internal_count=16
is_linear=0
shrinkage=0.08


Tree=540
num_leaves=3
num_cat=0
split_feature=4 2
split_gain=0.00391247 1.45949e-10
threshold=1.0000000180025095e-35 7.5000000000000009
decision_type=2 2
left_child=-1 -2
right_child=1 -3
leaf_value=0.020279953514523167 -0.071241375187563336 -0.071210877468273176
leaf_weight=0.010260371258482337 0.0025728171713126366 0.0016472375882585766
leaf_count=2 11 3
internal_value=-0.00638879 -0.0712295
internal_weight=0.0144804 0.00422005
internal_count=16 14
is_linear=0
shrinkage=0.08


Tree=541
num_leaves=3
num_cat=0
split_feature=26 1
split_gain=0.00287998 0.000372664
threshold=1.0000000180025095e-35 2.5000000000000004
decision_type=2 2
left_child=-1 -2
right_child=1 -3
leaf_value=-0.071155887230339609 0.071203136045066368 0.022091911588886692
leaf_weight=0.0021365732754929923 0.0017754120635800064 0.0022320789139484987
leaf_count=10 2 4
internal_value=0.00385674 0.0438493
internal_weight=0.00614406 0.00400749
internal_count=16 6
is_linear=0
shrinkage=0.08


Tree=542
num_leaves=1
num_cat=0
split_feature=
split_gain=
threshold=
decision_type=
left_child=
right_child=
leaf_value=0
leaf_weight=
leaf_count=16
internal_value=
internal_weight=
internal_count=
is_linear=0
shrinkage=1


Tree=543
num_leaves=2
num_cat=0
split_feature=2
split_gain=0.00074848
threshold=7.5000000000000009
decision_type=2
left_child=-1
right_child=-2
leaf_value=0.0096506260906362336 -0.07115582487064788
leaf_weight=0.0016749848182371352 0.00130532349794521
leaf_count=11 5
internal_value=-0.0257412
internal_weight=0.00298031
internal_count=16
is_linear=0
shrinkage=0.08


Tree=544
num_leaves=2
num_cat=0
split_feature=29
split_gain=0.00191359
threshold=1.0000000180025095e-35
decision_type=2
left_child=-1
right_child=-2
leaf_value=-0.071132853692617723 0.071143984434269114
leaf_weight=0.0014660537144663977 0.0010301102593075484
leaf_count=14 2
internal_value=-0.0124184
internal_weight=0.00249616
internal_count=16
is_linear=0
shrinkage=0.08


Tree=545
num_leaves=1
num_cat=0
split_feature=
split_gain=
threshold=
decision_type=
left_child=
right_child=
leaf_value=0
leaf_weight=
leaf_count=16
internal_value=
internal_weight=
internal_count=
is_linear=0
shrinkage=1


Tree=546
num_leaves=3
num_cat=0
split_feature=0 24
split_gain=0.00392513 0.00344371
threshold=4.5000000000000009 1.0000000180025095e-35
decision_type=2 2
left_child=-1 -2
right_child=1 -3
leaf_value=-0.071245612834260716 -0.071129317721839447 0.071272792096770801
leaf_weight=0.0029921229888714151 0.0013934642774984241 0.0049396110698580742
leaf_count=9 5 2
internal_value=0.00426458 0.0399401
internal_weight=0.0093252 0.00633308
internal_count=16 7
is_linear=0
shrinkage=0.08


Tree=547
num_leaves=2
num_cat=0
split_feature=0
split_gain=0.00288264
threshold=3.5000000000000004
decision_type=2
left_child=-1
right_child=-2
leaf_value=0.042357872362615671 -0.071134546238620061
leaf_weight=0.0071419402956962585 0.0017916120614245301
leaf_count=3 13
internal_value=0.0195971
internal_weight=0.00893355
internal_count=16
is_linear=0
shrinkage=0.08


Tree=548
num_leaves=2
num_cat=0
split_feature=22
split_gain=0.00116908
threshold=1.0000000180025095e-35
decision_type=2
left_child=-1
right_child=-2
leaf_value=-0.071136318816710314 0.040703034357381929
leaf_weight=0.0012135191573179327 0.0011796868129749782
leaf_count=10 6
internal_value=-0.0160072
internal_weight=0.00239321
internal_count=16
is_linear=0
shrinkage=0.08


Tree=549
num_leaves=2
num_cat=0
split_feature=24
split_gain=0.00358414
threshold=1.0000000180025095e-35
decision_type=2
left_child=-1
right_child=-2
leaf_value=-0.071323702277915443 0.020044215749332604
leaf_weight=0.0038828088272566683 0.0093995321076363325
leaf_count=13 3
internal_value=-0.00666524
internal_weight=0.0132823
internal_count=16
is_linear=0
shrinkage=0.08


Tree=550
num_leaves=3
num_cat=0
split_feature=26 1
split_gain=0.0026016 0.000382351
threshold=1.0000000180025095e-35 2.5000000000000004
decision_type=2 2
left_child=-1 -2
right_child=1 -3
leaf_value=-0.071152303299066716 0.071200406204215111 0.020177484058373173
leaf_weight=0.0019267594907432795 0.0016975480248220265 0.0021062193991383538
leaf_count=10 2 4
internal_value=0.00458438 0.042948
internal_weight=0.00573053 0.00380377
internal_count=16 6
is_linear=0
shrinkage=0.08


Tree=551
num_leaves=1
num_cat=0
split_feature=
split_gain=
threshold=
decision_type=
left_child=
right_child=
leaf_value=0
leaf_weight=
leaf_count=16
internal_value=
internal_weight=
internal_count=
is_linear=0
shrinkage=1


Tree=552
num_leaves=2
num_cat=0
split_feature=2
split_gain=0.000665975
threshold=7.5000000000000009
decision_type=2
left_child=-1
right_child=-2
leaf_value=0.0083023137439334291 -0.071152251343300346
leaf_weight=0.0015791499899933115 0.0011793839003075846
leaf_count=11 5
internal_value=-0.0256677
internal_weight=0.00275853
internal_count=16
is_linear=0
shrinkage=0.08


Tree=553
num_leaves=2
num_cat=0
split_feature=0
split_gain=0.00100706
threshold=4.5000000000000009
decision_type=2
left_child=-1
right_child=-2
leaf_value=-0.071135504026450205 0.036852071926402906
leaf_weight=0.0010372729066148167 0.001183105690870434
leaf_count=9 7
internal_value=-0.0135954
internal_weight=0.00222038
internal_count=16
is_linear=0
shrinkage=0.08


Tree=554
num_leaves=1
num_cat=0
split_feature=
split_gain=
threshold=
decision_type=
left_child=
right_child=
leaf_value=0
leaf_weight=
leaf_count=16
internal_value=
internal_weight=
internal_count=
is_linear=0
shrinkage=1


Tree=555
num_leaves=3
num_cat=0
split_feature=0 24
split_gain=0.00348042 0.00306327
threshold=4.5000000000000009 1.0000000180025095e-35
decision_type=2 2
left_child=-1 -2
right_child=1 -3
leaf_value=-0.071234252040540055 -0.071127419792478067 0.071251745715854894
leaf_weight=0.0027234930294071091 0.0012480344448704273 0.0042963478481397033
leaf_count=9 5 2
internal_value=0.0028238 0.0392023
internal_weight=0.00826788 0.00554438
internal_count=16 7
is_linear=0
shrinkage=0.08


Tree=556
num_leaves=3
num_cat=0
split_feature=2 0
split_gain=0.00281805 0.00336813
threshold=5.166666666666667 3.5000000000000004
decision_type=2 2
left_child=-1 -2
right_child=1 -3
leaf_value=-0.071187530752306175 0.071339437841964892 -0.071133995558519209
leaf_weight=0.0017108137690229341 0.0054730221163481474 0.0013175974654586753
leaf_count=3 2 11
internal_value=0.0205763 0.043695
internal_weight=0.00850143 0.00679062
internal_count=16 13
is_linear=0
shrinkage=0.08


Tree=557
num_leaves=2
num_cat=0
split_feature=22
split_gain=0.00103473
threshold=1.0000000180025095e-35
decision_type=2
left_child=-1
right_child=-2
leaf_value=-0.071134314066169241 0.038561471916710555
leaf_weight=0.0010931500528386096 0.0011082888977398397
leaf_count=10 6
internal_value=-0.0159092
internal_weight=0.00220144
internal_count=16
is_linear=0
shrinkage=0.08


Tree=558
num_leaves=3
num_cat=0
split_feature=4 2
split_gain=0.00319508 8.21796e-11
threshold=1.0000000180025095e-35 7.5000000000000009
decision_type=2 2
left_child=-1 -2
right_child=1 -3
leaf_value=0.019684588546157428 -0.071218668293418455 -0.071193441653498057
leaf_weight=0.0086170046124607325 0.0021167241493458286 0.0013558547752836603
leaf_count=2 11 3
internal_value=-0.00642339 -0.0712088
internal_weight=0.0120896 0.00347258
internal_count=16 14
is_linear=0
shrinkage=0.08


Tree=559
num_leaves=3
num_cat=0
split_feature=26 1
split_gain=0.00229438 0.00035556
threshold=1.0000000180025095e-35 2.5000000000000004
decision_type=2 2
left_child=-1 -2
right_child=1 -3
leaf_value=-0.071148980832952194 0.07118861186716452 0.019373755665752453
leaf_weight=0.0017381184879923239 0.0014785135717829689 0.0019862297340296209
leaf_count=10 2 4
internal_value=0.00385724 0.0414848
internal_weight=0.00520286 0.00346474
internal_count=16 6
is_linear=0
shrinkage=0.08


Tree=560
num_leaves=1
num_cat=0
split_feature=
split_gain=
threshold=
decision_type=
left_child=
right_child=
leaf_value=0
leaf_weight=
leaf_count=16
internal_value=
internal_weight=
internal_count=
is_linear=0
shrinkage=1


Tree=561
num_leaves=2
num_cat=0
split_feature=2
split_gain=0.000598166
threshold=7.5000000000000009
decision_type=2
left_child=-1
right_child=-2
leaf_value=0.0073736209088512321 -0.071148992327030966
leaf_weight=0.0014910476929799188 0.0010639092470228206
leaf_count=11 5
internal_value=-0.025324
internal_weight=0.00255496
internal_count=16
is_linear=0
shrinkage=0.08


Tree=562
num_leaves=1
num_cat=0
split_feature=
split_gain=
threshold=
decision_type=
left_child=
right_child=
leaf_value=0
leaf_weight=
leaf_count=16
internal_value=
internal_weight=
internal_count=
is_linear=0
shrinkage=1


Tree=563
num_leaves=1
num_cat=0
split_feature=
split_gain=
threshold=
decision_type=
left_child=
right_child=
leaf_value=0
leaf_weight=
leaf_count=16
internal_value=
internal_weight=
internal_count=
is_linear=0
shrinkage=1


Tree=564
num_leaves=3
num_cat=0
split_feature=0 24
split_gain=0.0032324 0.00280334
threshold=4.5000000000000009 1.0000000180025095e-35
decision_type=2 2
left_child=-1 -2
right_child=1 -3
leaf_value=-0.071224100517466124 -0.07112592925995527 0.071243121824262345
leaf_weight=0.0024739739583310438 0.0011342091456754133 0.0040312726050615311
leaf_count=9 5 2
internal_value=0.00396916 0.0399825
internal_weight=0.00763946 0.00516548
internal_count=16 7
is_linear=0
shrinkage=0.08


Tree=565
num_leaves=3
num_cat=0
split_feature=2 0
split_gain=0.00243707 0.00303689
threshold=5.166666666666667 3.5000000000000004
decision_type=2 2
left_child=-1 -2
right_child=1 -3
leaf_value=-0.071177166514899165 0.071309003291757309 -0.071132097437714287
leaf_weight=0.0014928230957593769 0.004822622868232429 0.0011953873981838115
leaf_count=3 2 11
internal_value=0.0203188 0.0430152
internal_weight=0.00751083 0.00601801
internal_count=16 13
is_linear=0
shrinkage=0.08


Tree=566
num_leaves=1
num_cat=0
split_feature=
split_gain=
threshold=
decision_type=
left_child=
right_child=
leaf_value=0
leaf_weight=
leaf_count=16
internal_value=
internal_weight=
internal_count=
is_linear=0
shrinkage=1


Tree=567
num_leaves=2
num_cat=0
split_feature=24
split_gain=0.00302143
threshold=1.0000000180025095e-35
decision_type=2
left_child=-1
right_child=-2
leaf_value=-0.071286380370607125 0.02090662822264858
leaf_weight=0.0031974861103662997 0.0078865060349926353
leaf_count=13 3
internal_value=-0.00568901
internal_weight=0.011084
internal_count=16
is_linear=0
shrinkage=0.08


Tree=568
num_leaves=3
num_cat=0
split_feature=26 1
split_gain=0.00202392 0.000335225
threshold=1.0000000180025095e-35 2.5000000000000004
decision_type=2 2
left_child=-1 -2
right_child=1 -3
leaf_value=-0.071145829868502444 0.071178538096107927 0.018233988695297684
leaf_weight=0.0015751987448311411 0.0012913571990793571 0.0018790978792821988
leaf_count=10 2 4
internal_value=0.00297357 0.0397988
internal_weight=0.00474565 0.00317046
internal_count=16 6
is_linear=0
shrinkage=0.08


Tree=569
num_leaves=1
num_cat=0
split_feature=
split_gain=
threshold=
decision_type=
left_child=
right_child=
leaf_value=0
leaf_weight=
leaf_count=16
internal_value=
internal_weight=
internal_count=
is_linear=0
shrinkage=1


Tree=570
num_leaves=2
num_cat=0
split_feature=2
split_gain=0.000282027
threshold=6.5000000000000009
decision_type=2
left_child=-1
right_child=-2
leaf_value=0.0063120359867520773 -0.049146845391900736
leaf_weight=0.0010443935316288844 0.0013395547248364892
leaf_count=8 8
internal_value=-0.0248506
internal_weight=0.00238395
internal_count=16
is_linear=0
shrinkage=0.08


Tree=571
num_leaves=1
num_cat=0
split_feature=
split_gain=
threshold=
decision_type=
left_child=
right_child=
leaf_value=0
leaf_weight=
leaf_count=16
internal_value=
internal_weight=
internal_count=
is_linear=0
shrinkage=1


Tree=572
num_leaves=1
num_cat=0
split_feature=
split_gain=
threshold=
decision_type=
left_child=
right_child=
leaf_value=0
leaf_weight=
leaf_count=16
internal_value=
internal_weight=
internal_count=
is_linear=0
shrinkage=1


Tree=573
num_leaves=3
num_cat=0
split_feature=0 24
split_gain=0.00284363 0.00255348
threshold=4.5000000000000009 1.0000000180025095e-35
decision_type=2 2
left_child=-1 -2
right_child=1 -3
leaf_value=-0.071214687408031094 -0.071124755042316398 0.071226517485990792
leaf_weight=0.0022507423454953823 0.0010458622564328834 0.0035233987728133798
leaf_count=9 5 2
internal_value=0.00238809 0.0386436
internal_weight=0.00682 0.00456926
internal_count=16 7
is_linear=0
shrinkage=0.08


Tree=574
num_leaves=2
num_cat=0
split_feature=0
split_gain=0.00224352
threshold=3.5000000000000004
decision_type=2
left_child=-1
right_child=-2
leaf_value=0.04421581446438437 -0.071129097797907784
leaf_weight=0.0055882233427837491 0.0013375377693591872
leaf_count=3 13
internal_value=0.0219398
internal_weight=0.00692576
internal_count=16
is_linear=0
shrinkage=0.08


Tree=575
num_leaves=1
num_cat=0
split_feature=
split_gain=
threshold=
decision_type=
left_child=
right_child=
leaf_value=0
leaf_weight=
leaf_count=16
internal_value=
internal_weight=
internal_count=
is_linear=0
shrinkage=1


Tree=576
num_leaves=3
num_cat=0
split_feature=2 2
split_gain=0.00269766 4.57384e-11
threshold=13.250000000000002 7.5000000000000009
decision_type=2 2
left_child=1 -1
right_child=-2 -3
leaf_value=-0.07119974172983061 0.020251217940204704 -0.071179025510792665
leaf_weight=0.0017480742162661045 0.0073814091738313437 0.0011185295588802546
leaf_count=11 2 3
internal_value=-0.00532745 -0.0711917
internal_weight=0.010248 0.0028666
internal_count=16 14
is_linear=0
shrinkage=0.08


Tree=577
num_leaves=3
num_cat=0
split_feature=26 1
split_gain=0.00184138 0.000342695
threshold=1.0000000180025095e-35 2.5000000000000004
decision_type=2 2
left_child=-1 -2
right_child=1 -3
leaf_value=-0.071142794312763755 0.071176764021558564 0.016501487256884245
leaf_weight=0.0014339322406158317 0.0012413724616635591 0.001793935356545262
leaf_count=10 2 4
internal_value=0.00356784 0.0388624
internal_weight=0.00446924 0.00303531
internal_count=16 6
is_linear=0
shrinkage=0.08


Tree=578
num_leaves=1
num_cat=0
split_feature=
split_gain=
threshold=
decision_type=
left_child=
right_child=
leaf_value=0
leaf_weight=
leaf_count=16
internal_value=
internal_weight=
internal_count=
is_linear=0
shrinkage=1


Tree=579
num_leaves=2
num_cat=0
split_feature=2
split_gain=0.000240524
threshold=6.5000000000000009
decision_type=2
left_child=-1
right_child=-2
leaf_value=0.0049781738688530362 -0.047589177248901528
leaf_weight=0.0010025449955719523 0.0012536724334495375
leaf_count=8 8
internal_value=-0.024231
internal_weight=0.00225622
internal_count=16
is_linear=0
shrinkage=0.08


Tree=580
num_leaves=1
num_cat=0
split_feature=
split_gain=
threshold=
decision_type=
left_child=
right_child=
leaf_value=0
leaf_weight=
leaf_count=16
internal_value=
internal_weight=
internal_count=
is_linear=0
shrinkage=1


Tree=581
num_leaves=1
num_cat=0
split_feature=
split_gain=
threshold=
decision_type=
left_child=
right_child=
leaf_value=0
leaf_weight=
leaf_count=16
internal_value=
internal_weight=
internal_count=
is_linear=0
shrinkage=1


Tree=582
num_leaves=3
num_cat=0
split_feature=0 2
split_gain=0.00263471 5.91735e-05
threshold=4.5000000000000009 7.5000000000000009
decision_type=2 2
left_child=-1 -2
right_child=1 -3
leaf_value=-0.071205654100405552 0.031894413812965219 0.05141045345118414
leaf_weight=0.0020518770234048134 0.0027007455646526068 0.0015736869681859389
leaf_count=9 5 2
internal_value=0.00330958 0.0390795
internal_weight=0.00632631 0.00427443
internal_count=16 7
is_linear=0
shrinkage=0.08


Tree=583
num_leaves=3
num_cat=0
split_feature=2 27
split_gain=0.00209107 0.000962589
threshold=5.166666666666667 1.0000000180025095e-35
decision_type=2 2
left_child=-1 -2
right_child=1 -3
leaf_value=-0.071166717010678379 5.6484496491621487e-05 0.071309803825738691
leaf_weight=0.0012668787894654088 0.0019832967500406085 0.0031259066890925169
leaf_count=3 12 1
internal_value=0.0208373 0.0436506
internal_weight=0.00637608 0.0051092
internal_count=16 13
is_linear=0
shrinkage=0.08


Tree=584
num_leaves=1
num_cat=0
split_feature=
split_gain=
threshold=
decision_type=
left_child=
right_child=
leaf_value=0
leaf_weight=
leaf_count=16
internal_value=
internal_weight=
internal_count=
is_linear=0
shrinkage=1


Tree=585
num_leaves=2
num_cat=0
split_feature=24
split_gain=0.00261571
threshold=1.0000000180025095e-35
decision_type=2
left_child=-1
right_child=-2
leaf_value=-0.071259490596723721 0.02165801260155813
leaf_weight=0.0027095017294413992 0.0068183858529664576
leaf_count=13 3
internal_value=-0.00476549
internal_weight=0.00952789
internal_count=16
is_linear=0
shrinkage=0.08


Tree=586
num_leaves=3
num_cat=0
split_feature=26 0
split_gain=0.00163295 0.00033062
threshold=1.0000000180025095e-35 4.5000000000000009
decision_type=2 2
left_child=-1 -2
right_child=1 -3
leaf_value=-0.071140010747362301 0.015374503948224228 0.07114600946932767
leaf_weight=0.0013082879122521263 0.0017864242108771577 0.001098640204872936
leaf_count=10 4 2
internal_value=0.00299465 0.0366124
internal_weight=0.00419335 0.00288506
internal_count=16 6
is_linear=0
shrinkage=0.08


Tree=587
num_leaves=1
num_cat=0
split_feature=
split_gain=
threshold=
decision_type=
left_child=
right_child=
leaf_value=0
leaf_weight=
leaf_count=16
internal_value=
internal_weight=
internal_count=
is_linear=0
shrinkage=1


Tree=588
num_leaves=1
num_cat=0
split_feature=
split_gain=
threshold=
decision_type=
left_child=
right_child=
leaf_value=0
leaf_weight=
leaf_count=16
internal_value=
internal_weight=
internal_count=
is_linear=0
shrinkage=1


Tree=589
num_leaves=1
num_cat=0
split_feature=
split_gain=
threshold=
decision_type=
left_child=
right_child=
leaf_value=0
leaf_weight=
leaf_count=16
internal_value=
internal_weight=
internal_count=
is_linear=0
shrinkage=1


Tree=590
num_leaves=1
num_cat=0
split_feature=
split_gain=
threshold=
decision_type=
left_child=
right_child=
leaf_value=0
leaf_weight=
leaf_count=16
internal_value=
internal_weight=
internal_count=
is_linear=0
shrinkage=1


Tree=591
num_leaves=3
num_cat=0
split_feature=0 2
split_gain=0.00227475 5.68567e-05
threshold=4.5000000000000009 7.5000000000000009
decision_type=2 2
left_child=-1 -2
right_child=1 -3
leaf_value=-0.071197390793125245 0.028510294451676872 0.048411593215392852
leaf_weight=0.0018735416279014316 0.0025408269284525886 0.0014391399745363742
leaf_count=9 5 2
internal_value=0.00148962 0.0357065
internal_weight=0.00585351 0.00397997
internal_count=16 7
is_linear=0
shrinkage=0.08


Tree=592
num_leaves=2
num_cat=0
split_feature=0
split_gain=0.00200784
threshold=3.5000000000000004
decision_type=2
left_child=-1
right_child=-2
leaf_value=0.044838564398388452 -0.071127164784402869
leaf_weight=0.0048345584655180573 0.0011909258573723491
leaf_count=3 13
internal_value=0.0219182
internal_weight=0.00602548
internal_count=16
is_linear=0
shrinkage=0.08


Tree=593
num_leaves=1
num_cat=0
split_feature=
split_gain=
threshold=
decision_type=
left_child=
right_child=
leaf_value=0
leaf_weight=
leaf_count=16
internal_value=
internal_weight=
internal_count=
is_linear=0
shrinkage=1


Tree=594
num_leaves=2
num_cat=0
split_feature=2
split_gain=0.00242355
threshold=13.250000000000002
decision_type=2
left_child=-1
right_child=-2
leaf_value=-0.071182843334554796 0.021441134065138624
leaf_weight=0.0025196078731823945 0.0064008899498730898
leaf_count=14 2
internal_value=-0.00472065
internal_weight=0.0089205
internal_count=16
is_linear=0
shrinkage=0.08


Tree=595
num_leaves=3
num_cat=0
split_feature=26 1
split_gain=0.00151117 0.000346667
threshold=1.0000000180025095e-35 2.5000000000000004
decision_type=2 2
left_child=-1 -2
right_child=1 -3
leaf_value=-0.071137412997347688 0.071169832841914388 0.01365179657758059
leaf_weight=0.0011942349701712374 0.001105875511711929 0.001703952846582979
leaf_count=10 2 4
internal_value=0.00424874 0.0362894
internal_weight=0.00400406 0.00280983
internal_count=16 6
is_linear=0
shrinkage=0.08


Tree=596
num_leaves=1
num_cat=0
split_feature=
split_gain=
threshold=
decision_type=
left_child=
right_child=
leaf_value=0
leaf_weight=
leaf_count=16
internal_value=
internal_weight=
internal_count=
is_linear=0
shrinkage=1


Tree=597
num_leaves=1
num_cat=0
split_feature=
split_gain=
threshold=
decision_type=
left_child=
right_child=
leaf_value=0
leaf_weight=
leaf_count=16
internal_value=
internal_weight=
internal_count=
is_linear=0
shrinkage=1


Tree=598
num_leaves=1
num_cat=0
split_feature=
split_gain=
threshold=
decision_type=
left_child=
right_child=
leaf_value=0
leaf_weight=
leaf_count=16
internal_value=
internal_weight=
internal_count=
is_linear=0
shrinkage=1


Tree=599
num_leaves=1
num_cat=0
split_feature=
split_gain=
threshold=
decision_type=
left_child=
right_child=
leaf_value=0
leaf_weight=
leaf_count=16
internal_value=
internal_weight=
internal_count=
is_linear=0
shrinkage=1


Tree=600
num_leaves=3
num_cat=0
split_feature=0 2
split_gain=0.00209294 4.75357e-05
threshold=4.5000000000000009 7.5000000000000009
decision_type=2 2
left_child=-1 -2
right_child=1 -3
leaf_value=-0.071189772904342877 0.028360188796918432 0.046738371796180331
leaf_weight=0.0017074409852284589 0.0025024120841408148 0.0014072677440708503
leaf_count=9 5 2
internal_value=0.00270422 0.0349753
internal_weight=0.00561712 0.00390968
internal_count=16 7
is_linear=0
shrinkage=0.08


Tree=601
num_leaves=3
num_cat=0
split_feature=2 27
split_gain=0.0018399 0.000791575
threshold=5.166666666666667 1.0000000180025095e-35
decision_type=2 2
left_child=-1 -2
right_child=1 -3
leaf_value=-0.071160939737658274 0.0027799552060124282 0.071278834749320175
leaf_weight=0.001125821405366878 0.0018264232448927942 0.002640886465087533
leaf_count=3 12 1
internal_value=0.0202395 0.0432736
internal_weight=0.00559313 0.00446731
internal_count=16 13
is_linear=0
shrinkage=0.08


Tree=602
num_leaves=1
num_cat=0
split_feature=
split_gain=
threshold=
decision_type=
left_child=
right_child=
leaf_value=0
leaf_weight=
leaf_count=16
internal_value=
internal_weight=
internal_count=
is_linear=0
shrinkage=1


Tree=603
num_leaves=2
num_cat=0
split_feature=24
split_gain=0.0022413
threshold=1.0000000180025095e-35
decision_type=2
left_child=-1
right_child=-2
leaf_value=-0.071236903738876617 0.021635426638410494
leaf_weight=0.0022953078996579279 0.0060375487664714456
leaf_count=13 3
internal_value=-0.00394651
internal_weight=0.00833286
internal_count=16
is_linear=0
shrinkage=0.08


Tree=604
num_leaves=3
num_cat=0
split_feature=26 0
split_gain=0.00133957 0.000348332
threshold=1.0000000180025095e-35 4.5000000000000009
decision_type=2 2
left_child=-1 -2
right_child=1 -3
leaf_value=-0.071135075894046967 0.011630709920247385 0.071143205857415182
leaf_weight=0.0010882611568376888 0.0016650675388518721 0.0010120158549398184
leaf_count=10 4 2
internal_value=0.00370495 0.0341282
internal_weight=0.00376534 0.00267708
internal_count=16 6
is_linear=0
shrinkage=0.08


Tree=605
num_leaves=1
num_cat=0
split_feature=
split_gain=
threshold=
decision_type=
left_child=
right_child=
leaf_value=0
leaf_weight=
leaf_count=16
internal_value=
internal_weight=
internal_count=
is_linear=0
shrinkage=1


Tree=606
num_leaves=1
num_cat=0
split_feature=
split_gain=
threshold=
decision_type=
left_child=
right_child=
leaf_value=0
leaf_weight=
leaf_count=16
internal_value=
internal_weight=
internal_count=
is_linear=0
shrinkage=1


Tree=607
num_leaves=1
num_cat=0
split_feature=
split_gain=
threshold=
decision_type=
left_child=
right_child=
leaf_value=0
leaf_weight=
leaf_count=16
internal_value=
internal_weight=
internal_count=
is_linear=0
shrinkage=1


Tree=608
num_leaves=1
num_cat=0
split_feature=
split_gain=
threshold=
decision_type=
left_child=
right_child=
leaf_value=0
leaf_weight=
leaf_count=16
internal_value=
internal_weight=
internal_count=
is_linear=0
shrinkage=1


Tree=609
num_leaves=3
num_cat=0
split_feature=0 24
split_gain=0.0018028 0.00233508
threshold=4.5000000000000009 1.0000000180025095e-35
decision_type=2 2
left_child=-1 -2
right_child=1 -3
leaf_value=-0.071182833728027237 -0.07112441670276258 0.071198715676816487
leaf_weight=0.0015564817576887435 0.001022624404868111 0.0026488155126571655
leaf_count=9 5 2
internal_value=0.000968629 0.0315567
internal_weight=0.00522792 0.00367144
internal_count=16 7
is_linear=0
shrinkage=0.08


Tree=610
num_leaves=2
num_cat=0
split_feature=0
split_gain=0.00175695
threshold=3.5000000000000004
decision_type=2
left_child=-1
right_child=-2
leaf_value=0.044339555942025342 -0.071125352384497034
leaf_weight=0.0042422392871230841 0.0010527033164180466
leaf_count=3 13
internal_value=0.0213836
internal_weight=0.00529494
internal_count=16
is_linear=0
shrinkage=0.08


Tree=611
num_leaves=1
num_cat=0
split_feature=
split_gain=
threshold=
decision_type=
left_child=
right_child=
leaf_value=0
leaf_weight=
leaf_count=16
internal_value=
internal_weight=
internal_count=
is_linear=0
shrinkage=1


Tree=612
num_leaves=2
num_cat=0
split_feature=2
split_gain=0.00214874
threshold=13.250000000000002
decision_type=2
left_child=-1
right_child=-2
leaf_value=-0.071172737598754254 0.022887037373905589
leaf_weight=0.0021527753578993725 0.0055919422302395105
leaf_count=14 2
internal_value=-0.00325847
internal_weight=0.00774472
internal_count=16
is_linear=0
shrinkage=0.08


Tree=613
num_leaves=3
num_cat=0
split_feature=1 0
split_gain=0.000666935 0.00123415
threshold=2.5000000000000004 4.5000000000000009
decision_type=2 2
left_child=-1 -2
right_child=1 -3
leaf_value=0.055765914965664465 -0.071139602281240111 0.042794251814523676
leaf_weight=0.001109988985263044 0.0013290611968841404 0.0011222782304685097
leaf_count=4 5 7
internal_value=0.00431797 -0.0189781
internal_weight=0.00356133 0.00245134
internal_count=16 12
is_linear=0
shrinkage=0.08


Tree=614
num_leaves=1
num_cat=0
split_feature=
split_gain=
threshold=
decision_type=
left_child=
right_child=
leaf_value=0
leaf_weight=
leaf_count=16
internal_value=
internal_weight=
internal_count=
is_linear=0
shrinkage=1


Tree=615
num_leaves=1
num_cat=0
split_feature=
split_gain=
threshold=
decision_type=
left_child=
right_child=
leaf_value=0
leaf_weight=
leaf_count=16
internal_value=
internal_weight=
internal_count=
is_linear=0
shrinkage=1


Tree=616
num_leaves=1
num_cat=0
split_feature=
split_gain=
threshold=
decision_type=
left_child=
right_child=
leaf_value=0
leaf_weight=
leaf_count=16
internal_value=
internal_weight=
internal_count=
is_linear=0
shrinkage=1


Tree=617
num_leaves=1
num_cat=0
split_feature=
split_gain=
threshold=
decision_type=
left_child=
right_child=
leaf_value=0
leaf_weight=
leaf_count=16
internal_value=
internal_weight=
internal_count=
is_linear=0
shrinkage=1


Tree=618
num_leaves=3
num_cat=0
split_feature=0 2
split_gain=0.00169163 3.6037e-05
threshold=4.5000000000000009 7.5000000000000009
decision_type=2 2
left_child=-1 -2
right_child=1 -3
leaf_value=-0.071176492786714146 0.026597417338431677 0.043727223782812373
leaf_weight=0.0014187515080266166 0.0021991585963405669 0.0012231812434038147
leaf_count=9 5 2
internal_value=0.00227149 0.0327198
internal_weight=0.00484109 0.00342234
internal_count=16 7
is_linear=0
shrinkage=0.08


Tree=619
num_leaves=3
num_cat=0
split_feature=2 27
split_gain=0.00162663 0.000651266
threshold=5.166666666666667 1.0000000180025095e-35
decision_type=2 2
left_child=-1 -2
right_child=1 -3
leaf_value=-0.07115592154649604 0.0053665741809567928 0.071253219475812396
leaf_weight=0.0010032691934611648 0.0016808945110824425 0.0022392806131392717
leaf_count=3 12 1
internal_value=0.0197399 0.0430023
internal_weight=0.00492344 0.00392018
internal_count=16 13
is_linear=0
shrinkage=0.08


Tree=620
num_leaves=1
num_cat=0
split_feature=
split_gain=
threshold=
decision_type=
left_child=
right_child=
leaf_value=0
leaf_weight=
leaf_count=16
internal_value=
internal_weight=
internal_count=
is_linear=0
shrinkage=1


Tree=621
num_leaves=2
num_cat=0
split_feature=24
split_gain=0.00196509
threshold=1.0000000180025095e-35
decision_type=2
left_child=-1
right_child=-2
leaf_value=-0.071217991508002315 0.022759525101881551
leaf_weight=0.0019474415280456014 0.0052981757326051593
leaf_count=13 3
internal_value=-0.00249929
internal_weight=0.00724562
internal_count=16
is_linear=0
shrinkage=0.08


Tree=622
num_leaves=3
num_cat=0
split_feature=1 0
split_gain=0.00056334 0.00114641
threshold=2.5000000000000004 4.5000000000000009
decision_type=2 2
left_child=-1 -2
right_child=1 -3
leaf_value=0.053899805978202167 -0.071137206571879524 0.041416555691939028
leaf_weight=0.0010020645859185606 0.0012235958456585649 0.0010996632336173207
leaf_count=4 5 7
internal_value=0.00376269 -0.0178624
internal_weight=0.00332532 0.00232326
internal_count=16 12
is_linear=0
shrinkage=0.08


Tree=623
num_leaves=1
num_cat=0
split_feature=
split_gain=
threshold=
decision_type=
left_child=
right_child=
leaf_value=0
leaf_weight=
leaf_count=16
internal_value=
internal_weight=
internal_count=
is_linear=0
shrinkage=1


Tree=624
num_leaves=1
num_cat=0
split_feature=
split_gain=
threshold=
decision_type=
left_child=
right_child=
leaf_value=0
leaf_weight=
leaf_count=16
internal_value=
internal_weight=
internal_count=
is_linear=0
shrinkage=1


Tree=625
num_leaves=1
num_cat=0
split_feature=
split_gain=
threshold=
decision_type=
left_child=
right_child=
leaf_value=0
leaf_weight=
leaf_count=16
internal_value=
internal_weight=
internal_count=
is_linear=0
shrinkage=1


Tree=626
num_leaves=1
num_cat=0
split_feature=
split_gain=
threshold=
decision_type=
left_child=
right_child=
leaf_value=0
leaf_weight=
leaf_count=16
internal_value=
internal_weight=
internal_count=
is_linear=0
shrinkage=1


Tree=627
num_leaves=3
num_cat=0
split_feature=0 2
split_gain=0.00146928 3.12594e-05
threshold=4.5000000000000009 7.5000000000000009
decision_type=2 2
left_child=-1 -2
right_child=1 -3
leaf_value=-0.071170611962016378 0.023961912784447443 0.040432841446994175
leaf_weight=0.0012920896888317657 0.0020847476844210178 0.0011410648294258863
leaf_count=9 5 2
internal_value=0.000914633 0.0297882
internal_weight=0.0045179 0.00322581
internal_count=16 7
is_linear=0
shrinkage=0.08


Tree=628
num_leaves=3
num_cat=0
split_feature=27 13
split_gain=0.0012095 0.00130176
threshold=1.0000000180025095e-35 1.0000000180025095e-35
decision_type=2 2
left_child=1 -1
right_child=-2 -3
leaf_value=-0.07114255738553682 0.062177795116855082 0.048592557599438084
leaf_weight=0.0013476328003889648 0.0022727374889655039 0.0010216994705842808
leaf_count=12 2 2
internal_value=0.0204837 -0.0195106
internal_weight=0.00464207 0.00236933
internal_count=16 14
is_linear=0
shrinkage=0.08


Tree=629
num_leaves=1
num_cat=0
split_feature=
split_gain=
threshold=
decision_type=
left_child=
right_child=
leaf_value=0
leaf_weight=
leaf_count=16
internal_value=
internal_weight=
internal_count=
is_linear=0
shrinkage=1


Tree=630
num_leaves=2
num_cat=0
split_feature=2
split_gain=0.00198275
threshold=13.250000000000002
decision_type=2
left_child=-1
right_child=-2
leaf_value=-0.071166783781651102 0.024895331158587119
leaf_weight=0.0019164838176948251 0.0048682207707315683
leaf_count=14 2
internal_value=-0.00223945
internal_weight=0.0067847
internal_count=16
is_linear=0
shrinkage=0.08


Tree=631
num_leaves=2
num_cat=0
split_feature=21
split_gain=0.000465175
threshold=1.0000000180025095e-35
decision_type=2
left_child=-1
right_child=-2
leaf_value=-0.027344059280213689 0.034632132536181491
leaf_weight=0.0015451903636858333 0.0015551649266853929
leaf_count=13 3
internal_value=0.00374373
internal_weight=0.00310036
internal_count=16
is_linear=0
shrinkage=0.08


Tree=632
num_leaves=1
num_cat=0
split_feature=
split_gain=
threshold=
decision_type=
left_child=
right_child=
leaf_value=0
leaf_weight=
leaf_count=16
internal_value=
internal_weight=
internal_count=
is_linear=0
shrinkage=1


Tree=633
num_leaves=1
num_cat=0
split_feature=
split_gain=
threshold=
decision_type=
left_child=
right_child=
leaf_value=0
leaf_weight=
leaf_count=16
internal_value=
internal_weight=
internal_count=
is_linear=0
shrinkage=1


Tree=634
num_leaves=1
num_cat=0
split_feature=
split_gain=
threshold=
decision_type=
left_child=
right_child=
leaf_value=0
leaf_weight=
leaf_count=16
internal_value=
internal_weight=
internal_count=
is_linear=0
shrinkage=1


Tree=635
num_leaves=1
num_cat=0
split_feature=
split_gain=
threshold=
decision_type=
left_child=
right_child=
leaf_value=0
leaf_weight=
leaf_count=16
internal_value=
internal_weight=
internal_count=
is_linear=0
shrinkage=1


Tree=636
num_leaves=3
num_cat=0
split_feature=0 2
split_gain=0.00135003 2.64456e-05
threshold=4.5000000000000009 7.5000000000000009
decision_type=2 2
left_child=-1 -2
right_child=1 -3
leaf_value=-0.071165334147028775 0.023695003609486925 0.038894537413189427
leaf_weight=0.0011752406599043752 0.0020780281629413366 0.0011315330921206623
leaf_count=9 5 2
internal_value=0.00219233 0.0290536
internal_weight=0.0043848 0.00320956
internal_count=16 7
is_linear=0
shrinkage=0.08


Tree=637
num_leaves=2
num_cat=0
split_feature=27
split_gain=0.00104409
threshold=1.0000000180025095e-35
decision_type=2
left_child=-1
right_child=-2
leaf_value=-0.019377764353799135 0.060476034421001808
leaf_weight=0.002155848181246256 0.0020390790741657838
leaf_count=14 2
internal_value=0.0194377
internal_weight=0.00419493
internal_count=16
is_linear=0
shrinkage=0.08


Tree=638
num_leaves=1
num_cat=0
split_feature=
split_gain=
threshold=
decision_type=
left_child=
right_child=
leaf_value=0
leaf_weight=
leaf_count=16
internal_value=
internal_weight=
internal_count=
is_linear=0
shrinkage=1


Tree=639
num_leaves=2
num_cat=0
split_feature=2
split_gain=0.00180343
threshold=13.250000000000002
decision_type=2
left_child=-1
right_child=-2
leaf_value=-0.071161498951370653 0.024382067669683698
leaf_weight=0.0017368748522130772 0.0046478123404085636
leaf_count=14 2
internal_value=-0.00160937
internal_weight=0.00638469
internal_count=16
is_linear=0
shrinkage=0.08


Tree=640
num_leaves=2
num_cat=0
split_feature=21
split_gain=0.00038309
threshold=1.0000000180025095e-35
decision_type=2
left_child=-1
right_child=-2
leaf_value=-0.024959309069683248 0.031850234263197226
leaf_weight=0.0015135366884351242 0.0015252776793204248
leaf_count=13 3
internal_value=0.00355521
internal_weight=0.00303881
internal_count=16
is_linear=0
shrinkage=0.08


Tree=641
num_leaves=1
num_cat=0
split_feature=
split_gain=
threshold=
decision_type=
left_child=
right_child=
leaf_value=0
leaf_weight=
leaf_count=16
internal_value=
internal_weight=
internal_count=
is_linear=0
shrinkage=1


Tree=642
num_leaves=1
num_cat=0
split_feature=
split_gain=
threshold=
decision_type=
left_child=
right_child=
leaf_value=0
leaf_weight=
leaf_count=16
internal_value=
internal_weight=
internal_count=
is_linear=0
shrinkage=1


Tree=643
num_leaves=1
num_cat=0
split_feature=
split_gain=
threshold=
decision_type=
left_child=
right_child=
leaf_value=0
leaf_weight=
leaf_count=16
internal_value=
internal_weight=
internal_count=
is_linear=0
shrinkage=1


Tree=644
num_leaves=1
num_cat=0
split_feature=
split_gain=
threshold=
decision_type=
left_child=
right_child=
leaf_value=0
leaf_weight=
leaf_count=16
internal_value=
internal_weight=
internal_count=
is_linear=0
shrinkage=1


Tree=645
num_leaves=2
num_cat=0
split_feature=24
split_gain=0.00125836
threshold=1.0000000180025095e-35
decision_type=2
left_child=-1
right_child=-2
leaf_value=-0.071122398323914815 0.027742963523156389
leaf_weight=0.0011388657599127328 0.0029796770540997386
leaf_count=13 3
internal_value=0.000404562
internal_weight=0.00411854
internal_count=16
is_linear=0
shrinkage=0.08


Tree=646
num_leaves=2
num_cat=0
split_feature=27
split_gain=0.000927356
threshold=1.0000000180025095e-35
decision_type=2
left_child=-1
right_child=-2
leaf_value=-0.016818041497020361 0.059412493465858134
leaf_weight=0.002118615231665899 0.0019719857518794015
leaf_count=14 2
internal_value=0.019931
internal_weight=0.0040906
internal_count=16
is_linear=0
shrinkage=0.08


Tree=647
num_leaves=1
num_cat=0
split_feature=
split_gain=
threshold=
decision_type=
left_child=
right_child=
leaf_value=0
leaf_weight=
leaf_count=16
internal_value=
internal_weight=
internal_count=
is_linear=0
shrinkage=1


end of trees

feature_importances:
Column_2=626
Column_0=434
Column_24=371
Column_26=195
Column_1=157
Column_28=120
Column_13=109
Column_3=63
Column_29=61
Column_16=60
Column_27=28
Column_21=10
Column_22=10
Column_4=8
Column_6=7
Column_11=4
Column_23=3
Column_17=1

parameters:
[boosting: gbdt]
[objective: multiclass]
[metric: multi_logloss]
[tree_learner: serial]
[device_type: cpu]
[data_sample_strategy: bagging]
[data: ]
[valid: ]
[num_iterations: 72]
[learning_rate: 0.08]
[num_leaves: 23]
[num_threads: 0]
[seed: 42]
[deterministic: 0]
[force_col_wise: 0]
[force_row_wise: 0]
[histogram_pool_size: -1]
[max_depth: -1]
[min_data_in_leaf: 2]
[min_sum_hessian_in_leaf: 0.001]
[bagging_fraction: 1]
[pos_bagging_fraction: 1]
[neg_bagging_fraction: 1]
[bagging_freq: 0]
[bagging_seed: 400]
[bagging_by_query: 0]
[feature_fraction: 1]
[feature_fraction_bynode: 1]
[feature_fraction_seed: 30056]
[extra_trees: 0]
[extra_seed: 12879]
[early_stopping_round: 0]
[early_stopping_min_delta: 0]
[first_metric_only: 0]
[max_delta_step: 0]
[lambda_l1: 0]
[lambda_l2: 0]
[linear_lambda: 0]
[min_gain_to_split: 0]
[drop_rate: 0.1]
[max_drop: 50]
[skip_drop: 0.5]
[xgboost_dart_mode: 0]
[uniform_drop: 0]
[drop_seed: 17869]
[top_rate: 0.2]
[other_rate: 0.1]
[min_data_per_group: 100]
[max_cat_threshold: 32]
[cat_l2: 10]
[cat_smooth: 10]
[max_cat_to_onehot: 4]
[top_k: 20]
[monotone_constraints: ]
[monotone_constraints_method: basic]
[monotone_penalty: 0]
[feature_contri: ]
[forcedsplits_filename: ]
[refit_decay_rate: 0.9]
[cegb_tradeoff: 1]
[cegb_penalty_split: 0]
[cegb_penalty_feature_lazy: ]
[cegb_penalty_feature_coupled: ]
[path_smooth: 0]
[interaction_constraints: ]
[verbosity: -1]
[saved_feature_importance_type: 0]
[use_quantized_grad: 0]
[num_grad_quant_bins: 4]
[quant_train_renew_leaf: 0]
[stochastic_rounding: 1]
[linear_tree: 0]
[max_bin: 255]
[max_bin_by_feature: ]
[min_data_in_bin: 3]
[bin_construct_sample_cnt: 200000]
[data_random_seed: 175]
[is_enable_sparse: 1]
[enable_bundle: 1]
[use_missing: 1]
[zero_as_missing: 0]
[feature_pre_filter: 1]
[pre_partition: 0]
[two_round: 0]
[header: 0]
[label_column: ]
[weight_column: ]
[group_column: ]
[ignore_column: ]
[categorical_feature: ]
[forcedbins_filename: ]
[precise_float_parser: 0]
[parser_config_file: ]
[objective_seed: 16083]
[num_class: 9]
[is_unbalance: 0]
[scale_pos_weight: 1]
[sigmoid: 1]
[boost_from_average: 1]
[reg_sqrt: 0]
[alpha: 0.9]
[fair_c: 1]
[poisson_max_delta_step: 0.7]
[tweedie_variance_power: 1.5]
[lambdarank_truncation_level: 30]
[lambdarank_norm: 1]
[label_gain: ]
[lambdarank_position_bias_regularization: 0]
[eval_at: ]
[multi_error_top_k: 1]
[auc_mu_weights: ]
[num_machines: 1]
[local_listen_port: 12400]
[time_out: 120]
[machine_list_filename: ]
[machines: ]
[gpu_platform_id: -1]
[gpu_device_id: -1]
[gpu_use_dp: 0]
[num_gpu: 1]

end of parameters

pandas_categorical:null
